Filename,FullPath,Label,Malware_Class
0468127a19daf4c7bc41015c5640fe1f,C:\samples\malware\All.ElectroRAT\0468127a19daf4c7bc41015c5640fe1f,malware,All.ElectroRAT
2a3b92f6180367306d750e59c9b6446b,C:\samples\malware\All.ElectroRAT\2a3b92f6180367306d750e59c9b6446b,malware,All.ElectroRAT
b154ac015c0d1d6250032f63c749f9cf,C:\samples\malware\All.ElectroRAT\b154ac015c0d1d6250032f63c749f9cf,malware,All.ElectroRAT
b96bd6bbf0e3f4f98b606a2ab5db4a69,C:\samples\malware\All.ElectroRAT\b96bd6bbf0e3f4f98b606a2ab5db4a69,malware,All.ElectroRAT
bb8e52face5b076cc890bbfaaf4bb73e,C:\samples\malware\All.ElectroRAT\bb8e52face5b076cc890bbfaaf4bb73e,malware,All.ElectroRAT
ca467e332368cbae652245faa4978aa4,C:\samples\malware\All.ElectroRAT\ca467e332368cbae652245faa4978aa4,malware,All.ElectroRAT
e93d6f4ce34d4f594d7aed76cfde0fad,C:\samples\malware\All.ElectroRAT\e93d6f4ce34d4f594d7aed76cfde0fad,malware,All.ElectroRAT
fa5390bbcc4ab768dd81f31eac0950f6,C:\samples\malware\All.ElectroRAT\fa5390bbcc4ab768dd81f31eac0950f6,malware,All.ElectroRAT
aapt.exe,C:\samples\malware\AndroRat_6Dec2013\AndroRat\androrat\build\aapt.exe,malware,build
AndroRat Binder_Patched.exe,C:\samples\malware\AndroRat_6Dec2013\AndroRat\androrat\build\AndroRat Binder_Patched.exe,malware,build
InstallBC201401.exe,C:\samples\malware\Artemis\InstallBC201401.exe,malware,Artemis
Backdoor.MSIL.Tyupkin.a.ViR,C:\samples\malware\Backdoor.MSIL.Tyupkin\Backdoor.MSIL.Tyupkin.a.ViR,malware,Backdoor.MSIL.Tyupkin
Backdoor.MSIL.Tyupkin.c.ViR,C:\samples\malware\Backdoor.MSIL.Tyupkin\Backdoor.MSIL.Tyupkin.c.ViR,malware,Backdoor.MSIL.Tyupkin
Backdoor.Win32.Tyupkin.c2.ViR,C:\samples\malware\Backdoor.MSIL.Tyupkin\Backdoor.Win32.Tyupkin.c2.ViR,malware,Backdoor.MSIL.Tyupkin
Backdoor.Win32.Tyupkin.d.ViR,C:\samples\malware\Backdoor.MSIL.Tyupkin\Backdoor.Win32.Tyupkin.d.ViR,malware,Backdoor.MSIL.Tyupkin
Backdoor.Win32.Tyupkin.h.exe.ViR,C:\samples\malware\Backdoor.MSIL.Tyupkin\Backdoor.Win32.Tyupkin.h.exe.ViR,malware,Backdoor.MSIL.Tyupkin
rootkit.ex1,C:\samples\malware\BlackEnergy2.1\rootkit.ex1,malware,BlackEnergy2.1
19e818d0da361c4feedd456fca63d68d4b024fbbd3d9265f606076c7ee72e8f8.ViR,C:\samples\malware\Careto_Feb2014\19e818d0da361c4feedd456fca63d68d4b024fbbd3d9265f606076c7ee72e8f8.ViR,malware,Careto_Feb2014
jpeg1x32.dll_C2BA81C0DE01038A54703DE26B18E9EE,C:\samples\malware\Careto_Feb2014\jpeg1x32.dll_C2BA81C0DE01038A54703DE26B18E9EE,malware,Careto_Feb2014
shmgr.dll_AD6590E0DF575228911852B1E401D46E,C:\samples\malware\Careto_Feb2014\shmgr.dll_AD6590E0DF575228911852B1E401D46E,malware,Careto_Feb2014
___2A6E.tmp,C:\samples\malware\Careto_Feb2014\___2A6E.tmp,malware,Careto_Feb2014
{71257279-042b-371d-a1d3-fbf8d2fadffa}.exe,C:\samples\malware\CryptoLocker_10Sep2013\{71257279-042b-371d-a1d3-fbf8d2fadffa}.exe,malware,CryptoLocker_10Sep2013
Vcffipzmnipbxzdl.exe,C:\samples\malware\CryptoLocker_20Nov2013\Vcffipzmnipbxzdl.exe,malware,CryptoLocker_20Nov2013
1002.exe,C:\samples\malware\CryptoLocker_22Jan2014\1002.exe,malware,CryptoLocker_22Jan2014
1003.exe,C:\samples\malware\CryptoLocker_22Jan2014\1003.exe,malware,CryptoLocker_22Jan2014
52fe506928b0262f10de31e783af8540b6a0b232b15749d647847488acd0e17a,C:\samples\malware\Duqu2\Cores\52fe506928b0262f10de31e783af8540b6a0b232b15749d647847488acd0e17a,malware,Cores
81cdbe905392155a1ba8b687a02e65d611b60aac938e470a76ef518e8cffd74d,C:\samples\malware\Duqu2\Cores\81cdbe905392155a1ba8b687a02e65d611b60aac938e470a76ef518e8cffd74d,malware,Cores
bc4ae56434b45818f57724f4cd19354a13e5964fd097d1933a30e2e31c9bdfa5.bin,C:\samples\malware\Duqu2\Driver\bc4ae56434b45818f57724f4cd19354a13e5964fd097d1933a30e2e31c9bdfa5.bin,malware,Driver
2796a119171328e91648a73d95eb297edc220e8768f4bbba5fb7237122a988fc,C:\samples\malware\Duqu2\IOC\2796a119171328e91648a73d95eb297edc220e8768f4bbba5fb7237122a988fc,malware,IOC
2a9a5afc342cde12c6eb9a91ad29f7afdfd8f0fb17b983dcfddceccfbc17af69,C:\samples\malware\Duqu2\IOC\2a9a5afc342cde12c6eb9a91ad29f7afdfd8f0fb17b983dcfddceccfbc17af69,malware,IOC
2c9c3ddd4d93e687eb095444cef7668b21636b364bff55de953bdd1df40071da,C:\samples\malware\Duqu2\IOC\2c9c3ddd4d93e687eb095444cef7668b21636b364bff55de953bdd1df40071da,malware,IOC
2ecb26021d21fcef3d8bba63de0c888499110a2b78e4caa6fa07a2b27d87f71b,C:\samples\malware\Duqu2\IOC\2ecb26021d21fcef3d8bba63de0c888499110a2b78e4caa6fa07a2b27d87f71b,malware,IOC
3536df7379660d931256b3cf49be810c0d931c3957c464d75e4cba78ba3b92e3,C:\samples\malware\Duqu2\IOC\3536df7379660d931256b3cf49be810c0d931c3957c464d75e4cba78ba3b92e3,malware,IOC
5559fcc93eef38a1c22db66a3e0f9e9f026c99e741cc8b1a4980d166f2696188,C:\samples\malware\Duqu2\IOC\5559fcc93eef38a1c22db66a3e0f9e9f026c99e741cc8b1a4980d166f2696188,malware,IOC
5ba187106567e8d036edd5ddb6763f89774c158d2a571e15d76572d8604c22a0,C:\samples\malware\Duqu2\IOC\5ba187106567e8d036edd5ddb6763f89774c158d2a571e15d76572d8604c22a0,malware,IOC
6217cebf11a76c888cc6ae94f54597a877462ed70da49a88589a9197173cc072,C:\samples\malware\Duqu2\IOC\6217cebf11a76c888cc6ae94f54597a877462ed70da49a88589a9197173cc072,malware,IOC
6b146e3a59025d7085127b552494e8aaf76450a19c249bfed0b4c09f328e564f,C:\samples\malware\Duqu2\IOC\6b146e3a59025d7085127b552494e8aaf76450a19c249bfed0b4c09f328e564f,malware,IOC
6c803aac51038ce308ee085f2cd82a055aaa9ba24d08a19efb2c0fcfde936c34,C:\samples\malware\Duqu2\IOC\6c803aac51038ce308ee085f2cd82a055aaa9ba24d08a19efb2c0fcfde936c34,malware,IOC
6de1bb58ae3c37876c6372208366f5548fcc647ffd19ad1d31cebd9069b8a559,C:\samples\malware\Duqu2\IOC\6de1bb58ae3c37876c6372208366f5548fcc647ffd19ad1d31cebd9069b8a559,malware,IOC
6e09e1a4f56ea736ff21ad5e188845615b57e1a5168f4bdaebe7ddc634912de9,C:\samples\malware\Duqu2\IOC\6e09e1a4f56ea736ff21ad5e188845615b57e1a5168f4bdaebe7ddc634912de9,malware,IOC
8e97c371633d285cd8fc842f4582705052a9409149ee67d97de545030787a192,C:\samples\malware\Duqu2\IOC\8e97c371633d285cd8fc842f4582705052a9409149ee67d97de545030787a192,malware,IOC
9900c91f6d754f15f73729ce5a4333a718463e24aa7e6192c7527ec5c80dac42,C:\samples\malware\Duqu2\IOC\9900c91f6d754f15f73729ce5a4333a718463e24aa7e6192c7527ec5c80dac42,malware,IOC
c16410c49dc40a371be22773f420b7dd3cfd4d8205cf39909ad9a6f26f55718e,C:\samples\malware\Duqu2\IOC\c16410c49dc40a371be22773f420b7dd3cfd4d8205cf39909ad9a6f26f55718e,malware,IOC
d12cd9490fd75e192ea053a05e869ed2f3f9748bf1563e6e496e7153fb4e6c98,C:\samples\malware\Duqu2\IOC\d12cd9490fd75e192ea053a05e869ed2f3f9748bf1563e6e496e7153fb4e6c98,malware,IOC
d5c57788cf12b020c4083eb228911260b744a2a67c88662c9bab8faebca98fa2,C:\samples\malware\Duqu2\IOC\d5c57788cf12b020c4083eb228911260b744a2a67c88662c9bab8faebca98fa2,malware,IOC
d8a849654ab97debaf28ae5b749c3b1ff1812ea49978713853333db48c3972c3,C:\samples\malware\Duqu2\IOC\d8a849654ab97debaf28ae5b749c3b1ff1812ea49978713853333db48c3972c3,malware,IOC
e83c6c36dbd143ee0fd36aff30fb43529a34129817dc2530f251121527cbf4b4,C:\samples\malware\Duqu2\IOC\e83c6c36dbd143ee0fd36aff30fb43529a34129817dc2530f251121527cbf4b4,malware,IOC
dump1.exe,C:\samples\malware\Dyre\Dump\dump1.exe,malware,Dump
999bc5e16312db6abff5f6c9e54c546f.bin,C:\samples\malware\Dyre\Original\999bc5e16312db6abff5f6c9e54c546f.bin,malware,Original
b44634d90a9ff2ed8a9d0304c11bf612.bin,C:\samples\malware\Dyre\Original\b44634d90a9ff2ed8a9d0304c11bf612.bin,malware,Original
chqpl.file,C:\samples\malware\Dyre\Original\chqpl.file,malware,Original
dd207384b31d118745ebc83203a4b04a.bin,C:\samples\malware\Dyre\Original\dd207384b31d118745ebc83203a4b04a.bin,malware,Original
Document-772976_829712.scr,C:\samples\malware\Dyre\Original\Document-772976_829712.scr,malware,Original
fax_390392029_072514.exe,C:\samples\malware\Dyre\Original\fax_390392029_072514.exe,malware,Original
loader_9b313e9c79921b22b488a11344b280d4cec9dd09c2201f9e5aaf08a115650b25,C:\samples\malware\Dyre\Original\loader_9b313e9c79921b22b488a11344b280d4cec9dd09c2201f9e5aaf08a115650b25,malware,Original
payload_f8eccfebda8a1e0caabbe23a8b94d7ced980353a9b3673a4173e24958a3bdbb9,C:\samples\malware\Dyre\Original\payload_f8eccfebda8a1e0caabbe23a8b94d7ced980353a9b3673a4173e24958a3bdbb9,malware,Original
Dyre_Unpacked.file,C:\samples\malware\Dyre\Unpacked\Dyre_Unpacked.file,malware,Unpacked
01b09cb97a58ea0f9bf2b98b38b83f0cfc9f97f39f7bfd73a990c9b00bcdb66c,C:\samples\malware\EarthKrahang_20240404\Win32.EarthKrahang_20240404\01b09cb97a58ea0f9bf2b98b38b83f0cfc9f97f39f7bfd73a990c9b00bcdb66c,malware,Win32.EarthKrahang_20240404
05b63707ca3cad54085e521aee84c7472ff7b3fe05e22fd65c8e2ee6f36c6243,C:\samples\malware\EarthKrahang_20240404\Win32.EarthKrahang_20240404\05b63707ca3cad54085e521aee84c7472ff7b3fe05e22fd65c8e2ee6f36c6243,malware,Win32.EarthKrahang_20240404
0ff80e4db32d1d45a0c2afdfd7a1be961c0fbd9d43613a22a989f9024cc1b1e9,C:\samples\malware\EarthKrahang_20240404\Win32.EarthKrahang_20240404\0ff80e4db32d1d45a0c2afdfd7a1be961c0fbd9d43613a22a989f9024cc1b1e9,malware,Win32.EarthKrahang_20240404
10b2a7c9329b232e4eef81bac6ba26323e3683ac1f8a99d3a9f8965da5036b6f,C:\samples\malware\EarthKrahang_20240404\Win32.EarthKrahang_20240404\10b2a7c9329b232e4eef81bac6ba26323e3683ac1f8a99d3a9f8965da5036b6f,malware,Win32.EarthKrahang_20240404
18f4f14857e9b7e3aa1f6f21f21396abd5f421342b7f4d00402a4aff5a538fa1,C:\samples\malware\EarthKrahang_20240404\Win32.EarthKrahang_20240404\18f4f14857e9b7e3aa1f6f21f21396abd5f421342b7f4d00402a4aff5a538fa1,malware,Win32.EarthKrahang_20240404
1d3d460b22f70cc26252673e12dfd85da988f69046d6b94602576270df590b2c,C:\samples\malware\EarthKrahang_20240404\Win32.EarthKrahang_20240404\1d3d460b22f70cc26252673e12dfd85da988f69046d6b94602576270df590b2c,malware,Win32.EarthKrahang_20240404
1e278cfe8098f3badedd5e497f36753d46d96d81edd1c5bee4fc7bc6380c26b3,C:\samples\malware\EarthKrahang_20240404\Win32.EarthKrahang_20240404\1e278cfe8098f3badedd5e497f36753d46d96d81edd1c5bee4fc7bc6380c26b3,malware,Win32.EarthKrahang_20240404
241737842eb17676b3603e2f076336b7bc6304accef3057401264affb963bef8,C:\samples\malware\EarthKrahang_20240404\Win32.EarthKrahang_20240404\241737842eb17676b3603e2f076336b7bc6304accef3057401264affb963bef8,malware,Win32.EarthKrahang_20240404
2e3645c8441f2be4182869db5ae320da00c513e0cb643142c70a833f529f28aa,C:\samples\malware\EarthKrahang_20240404\Win32.EarthKrahang_20240404\2e3645c8441f2be4182869db5ae320da00c513e0cb643142c70a833f529f28aa,malware,Win32.EarthKrahang_20240404
2e850cb2a1d06d2665601cefd88802ff99905de8bc4ea348ea051d4886e780ee,C:\samples\malware\EarthKrahang_20240404\Win32.EarthKrahang_20240404\2e850cb2a1d06d2665601cefd88802ff99905de8bc4ea348ea051d4886e780ee,malware,Win32.EarthKrahang_20240404
35f16e469047cf4ef78f87a616d26ec09e3d6a3d7a51415ea34805549a41dcfa,C:\samples\malware\EarthKrahang_20240404\Win32.EarthKrahang_20240404\35f16e469047cf4ef78f87a616d26ec09e3d6a3d7a51415ea34805549a41dcfa,malware,Win32.EarthKrahang_20240404
3f0aa01ed70bc2ab29557521a65476ec2ff2c867315067cc8a5937d63bcbe815,C:\samples\malware\EarthKrahang_20240404\Win32.EarthKrahang_20240404\3f0aa01ed70bc2ab29557521a65476ec2ff2c867315067cc8a5937d63bcbe815,malware,Win32.EarthKrahang_20240404
4529f3751102e7c0a6ec05c6a987d0cc5edc08f75f287dd6ac189abbd1282014,C:\samples\malware\EarthKrahang_20240404\Win32.EarthKrahang_20240404\4529f3751102e7c0a6ec05c6a987d0cc5edc08f75f287dd6ac189abbd1282014,malware,Win32.EarthKrahang_20240404
484578b6e7e427a151c309bdc00c90b1c0faf25a8581cace55e2c25ec34056e0,C:\samples\malware\EarthKrahang_20240404\Win32.EarthKrahang_20240404\484578b6e7e427a151c309bdc00c90b1c0faf25a8581cace55e2c25ec34056e0,malware,Win32.EarthKrahang_20240404
4cb020a66fdbc99b0bce2ae24d5684685e2b1e9219fbdfda56b3aace4e8d5f66,C:\samples\malware\EarthKrahang_20240404\Win32.EarthKrahang_20240404\4cb020a66fdbc99b0bce2ae24d5684685e2b1e9219fbdfda56b3aace4e8d5f66,malware,Win32.EarthKrahang_20240404
50cdd2397836d33a8dc285ed421d9b7cc69e38ba0421638235206fd466299dab,C:\samples\malware\EarthKrahang_20240404\Win32.EarthKrahang_20240404\50cdd2397836d33a8dc285ed421d9b7cc69e38ba0421638235206fd466299dab,malware,Win32.EarthKrahang_20240404
521b3add2ab6cee5a5cfd53b78e08ef2214946393d2a156c674606528b05763a,C:\samples\malware\EarthKrahang_20240404\Win32.EarthKrahang_20240404\521b3add2ab6cee5a5cfd53b78e08ef2214946393d2a156c674606528b05763a,malware,Win32.EarthKrahang_20240404
57f64f170dfeaa1150493ed3f63ea6f1df3ca71ad1722e12ac0f77744fb1a829,C:\samples\malware\EarthKrahang_20240404\Win32.EarthKrahang_20240404\57f64f170dfeaa1150493ed3f63ea6f1df3ca71ad1722e12ac0f77744fb1a829,malware,Win32.EarthKrahang_20240404
5a32bf21904387d469d4f8cdaff46048e99666fc9b4d74872af9379df7979bfe,C:\samples\malware\EarthKrahang_20240404\Win32.EarthKrahang_20240404\5a32bf21904387d469d4f8cdaff46048e99666fc9b4d74872af9379df7979bfe,malware,Win32.EarthKrahang_20240404
5a6a0e01949799dc72c030b4ad8149446624dcd9645ba3eefda981c3fda26472,C:\samples\malware\EarthKrahang_20240404\Win32.EarthKrahang_20240404\5a6a0e01949799dc72c030b4ad8149446624dcd9645ba3eefda981c3fda26472,malware,Win32.EarthKrahang_20240404
5b17bc2a89727700f94570b0dddc12b315db34dbbd79186177167abbb173cee5,C:\samples\malware\EarthKrahang_20240404\Win32.EarthKrahang_20240404\5b17bc2a89727700f94570b0dddc12b315db34dbbd79186177167abbb173cee5,malware,Win32.EarthKrahang_20240404
5e1839fed3562d559166f7f9d3e388cdd21da83b67ccb70fa4121825b91469d6,C:\samples\malware\EarthKrahang_20240404\Win32.EarthKrahang_20240404\5e1839fed3562d559166f7f9d3e388cdd21da83b67ccb70fa4121825b91469d6,malware,Win32.EarthKrahang_20240404
67ad30c3359b377d1964a5add97d2dc96b855940685131b302d5ba2c907ef355,C:\samples\malware\EarthKrahang_20240404\Win32.EarthKrahang_20240404\67ad30c3359b377d1964a5add97d2dc96b855940685131b302d5ba2c907ef355,malware,Win32.EarthKrahang_20240404
6a4e32229e5ca41e8eca99cefe5beef3e3621c2199f8844b4d218c14b5481534,C:\samples\malware\EarthKrahang_20240404\Win32.EarthKrahang_20240404\6a4e32229e5ca41e8eca99cefe5beef3e3621c2199f8844b4d218c14b5481534,malware,Win32.EarthKrahang_20240404
6c006620062b40b22d00e7e73a93e6a7fa66ce720093b44b4a0f3ef809fa2716,C:\samples\malware\EarthKrahang_20240404\Win32.EarthKrahang_20240404\6c006620062b40b22d00e7e73a93e6a7fa66ce720093b44b4a0f3ef809fa2716,malware,Win32.EarthKrahang_20240404
6fd7697efc137faf2d3ad5d63ffe4743db70f905a71dbed76207beeeb04732f2,C:\samples\malware\EarthKrahang_20240404\Win32.EarthKrahang_20240404\6fd7697efc137faf2d3ad5d63ffe4743db70f905a71dbed76207beeeb04732f2,malware,Win32.EarthKrahang_20240404
7102d6b76a4170203daa939072bba548960db436f85113cd1fca0bb554d95b3c,C:\samples\malware\EarthKrahang_20240404\Win32.EarthKrahang_20240404\7102d6b76a4170203daa939072bba548960db436f85113cd1fca0bb554d95b3c,malware,Win32.EarthKrahang_20240404
7af402f4bd2b1a2d2d8b74fb7599860f3a90b7b6f66a519f2b4d31aeea2500aa,C:\samples\malware\EarthKrahang_20240404\Win32.EarthKrahang_20240404\7af402f4bd2b1a2d2d8b74fb7599860f3a90b7b6f66a519f2b4d31aeea2500aa,malware,Win32.EarthKrahang_20240404
7e5b05d29c3aa2aa178c3cc0338ba52b39dc89dafadeec7301f187db0b060372,C:\samples\malware\EarthKrahang_20240404\Win32.EarthKrahang_20240404\7e5b05d29c3aa2aa178c3cc0338ba52b39dc89dafadeec7301f187db0b060372,malware,Win32.EarthKrahang_20240404
804387e43fdd1bd45b35e65d52d86882d64956b0a286e8721da402062f95a9e3,C:\samples\malware\EarthKrahang_20240404\Win32.EarthKrahang_20240404\804387e43fdd1bd45b35e65d52d86882d64956b0a286e8721da402062f95a9e3,malware,Win32.EarthKrahang_20240404
8218c23361e9f1b25ee1a93796ef471ca8ca5ac672b7db69ad05f42eb90b0b8d,C:\samples\malware\EarthKrahang_20240404\Win32.EarthKrahang_20240404\8218c23361e9f1b25ee1a93796ef471ca8ca5ac672b7db69ad05f42eb90b0b8d,malware,Win32.EarthKrahang_20240404
82f7bcda95fcc0e690159a2fbd7b3e38ef3ff9105496498f86d1fa9ff4312846,C:\samples\malware\EarthKrahang_20240404\Win32.EarthKrahang_20240404\82f7bcda95fcc0e690159a2fbd7b3e38ef3ff9105496498f86d1fa9ff4312846,malware,Win32.EarthKrahang_20240404
898a7527c065454ba9fad0e36469e12b214f5a3bd40a5ec7fcaf9b75afc34dce,C:\samples\malware\EarthKrahang_20240404\Win32.EarthKrahang_20240404\898a7527c065454ba9fad0e36469e12b214f5a3bd40a5ec7fcaf9b75afc34dce,malware,Win32.EarthKrahang_20240404
9ada058a558b7cadb238fc2c259f204369cd604e927f9712fd51262ca6987cb1,C:\samples\malware\EarthKrahang_20240404\Win32.EarthKrahang_20240404\9ada058a558b7cadb238fc2c259f204369cd604e927f9712fd51262ca6987cb1,malware,Win32.EarthKrahang_20240404
9d4e18ae979bdf6b57e685896b350b23c428d911eee14af133c3ee7d208f8a82,C:\samples\malware\EarthKrahang_20240404\Win32.EarthKrahang_20240404\9d4e18ae979bdf6b57e685896b350b23c428d911eee14af133c3ee7d208f8a82,malware,Win32.EarthKrahang_20240404
a4f59d4d42e42b882068cacf8b70f314add963e2cbbf7a52e70df130bfe23dff,C:\samples\malware\EarthKrahang_20240404\Win32.EarthKrahang_20240404\a4f59d4d42e42b882068cacf8b70f314add963e2cbbf7a52e70df130bfe23dff,malware,Win32.EarthKrahang_20240404
b1102ed4bca6dae6f2f498ade2f73f76af527fa803f0e0b46e100d4cf5150682,C:\samples\malware\EarthKrahang_20240404\Win32.EarthKrahang_20240404\b1102ed4bca6dae6f2f498ade2f73f76af527fa803f0e0b46e100d4cf5150682,malware,Win32.EarthKrahang_20240404
b4c470be7e434dac0b61919a6b0c5b10cf7a01a22c5403c4540afdb5f2c79fab,C:\samples\malware\EarthKrahang_20240404\Win32.EarthKrahang_20240404\b4c470be7e434dac0b61919a6b0c5b10cf7a01a22c5403c4540afdb5f2c79fab,malware,Win32.EarthKrahang_20240404
b8f2da1eefa09077d86a443ad688080b98672f171918c06e2b3652df783be03a,C:\samples\malware\EarthKrahang_20240404\Win32.EarthKrahang_20240404\b8f2da1eefa09077d86a443ad688080b98672f171918c06e2b3652df783be03a,malware,Win32.EarthKrahang_20240404
bb4e7b0c969895fc9836640b80e2bdc6572d214ba2ee55b77588f8a4eedea5a4,C:\samples\malware\EarthKrahang_20240404\Win32.EarthKrahang_20240404\bb4e7b0c969895fc9836640b80e2bdc6572d214ba2ee55b77588f8a4eedea5a4,malware,Win32.EarthKrahang_20240404
bc422a4e1b6a351ac6fe73d496015cfa6a9dbd5e38566c6f44a59faff83ee95a,C:\samples\malware\EarthKrahang_20240404\Win32.EarthKrahang_20240404\bc422a4e1b6a351ac6fe73d496015cfa6a9dbd5e38566c6f44a59faff83ee95a,malware,Win32.EarthKrahang_20240404
c14f6ac5bcd8645eb80a612a6bf6d58c31b0e28e50be871f278c341ed1fa8c7c,C:\samples\malware\EarthKrahang_20240404\Win32.EarthKrahang_20240404\c14f6ac5bcd8645eb80a612a6bf6d58c31b0e28e50be871f278c341ed1fa8c7c,malware,Win32.EarthKrahang_20240404
c377b79732e93f981998817e6f0e8664578b474445ba11b402c70b4b0357caab,C:\samples\malware\EarthKrahang_20240404\Win32.EarthKrahang_20240404\c377b79732e93f981998817e6f0e8664578b474445ba11b402c70b4b0357caab,malware,Win32.EarthKrahang_20240404
c9d5dc956841e000bfd8762e2f0b48b66c79b79500e894b4efa7fb9ba17e4e9e,C:\samples\malware\EarthKrahang_20240404\Win32.EarthKrahang_20240404\c9d5dc956841e000bfd8762e2f0b48b66c79b79500e894b4efa7fb9ba17e4e9e,malware,Win32.EarthKrahang_20240404
ccd4a648cc2c4a5bbcd148f9c182f4c9595440a41dd3ea289a11609063c86a6d,C:\samples\malware\EarthKrahang_20240404\Win32.EarthKrahang_20240404\ccd4a648cc2c4a5bbcd148f9c182f4c9595440a41dd3ea289a11609063c86a6d,malware,Win32.EarthKrahang_20240404
d096c3a67634599bc47151f0e01a7423a3eb873377371b2b928c0d4f57635a1f,C:\samples\malware\EarthKrahang_20240404\Win32.EarthKrahang_20240404\d096c3a67634599bc47151f0e01a7423a3eb873377371b2b928c0d4f57635a1f,malware,Win32.EarthKrahang_20240404
d176951b9ff3239b659ad57b729edb0845785e418852ecfeef1669f4c6fed61b,C:\samples\malware\EarthKrahang_20240404\Win32.EarthKrahang_20240404\d176951b9ff3239b659ad57b729edb0845785e418852ecfeef1669f4c6fed61b,malware,Win32.EarthKrahang_20240404
d17fe5bc3042baf219e81cbbf991749dfcd8b6d73cf6506a8228e19910da3578,C:\samples\malware\EarthKrahang_20240404\Win32.EarthKrahang_20240404\d17fe5bc3042baf219e81cbbf991749dfcd8b6d73cf6506a8228e19910da3578,malware,Win32.EarthKrahang_20240404
d2cc1135c314f526f88fbe19f25d94899d52de7e3422f334437f32388d040d71,C:\samples\malware\EarthKrahang_20240404\Win32.EarthKrahang_20240404\d2cc1135c314f526f88fbe19f25d94899d52de7e3422f334437f32388d040d71,malware,Win32.EarthKrahang_20240404
d31d135bc450eafa698e6b7fb5d11b4926948163af09122ca1c568284d8b33b3,C:\samples\malware\EarthKrahang_20240404\Win32.EarthKrahang_20240404\d31d135bc450eafa698e6b7fb5d11b4926948163af09122ca1c568284d8b33b3,malware,Win32.EarthKrahang_20240404
dd469fbf68f6bf71e495b3e497e31d17aa1d0af918a943f8637dd3304f840740,C:\samples\malware\EarthKrahang_20240404\Win32.EarthKrahang_20240404\dd469fbf68f6bf71e495b3e497e31d17aa1d0af918a943f8637dd3304f840740,malware,Win32.EarthKrahang_20240404
e0f109836a025d4531ea895cebecc9bdefb84a0cc747861986c4bc231e1d4213,C:\samples\malware\EarthKrahang_20240404\Win32.EarthKrahang_20240404\e0f109836a025d4531ea895cebecc9bdefb84a0cc747861986c4bc231e1d4213,malware,Win32.EarthKrahang_20240404
ee41eb21f439b1168ae815ca067ee91d84d6947397d71e214edc6868dbf4f272,C:\samples\malware\EarthKrahang_20240404\Win32.EarthKrahang_20240404\ee41eb21f439b1168ae815ca067ee91d84d6947397d71e214edc6868dbf4f272,malware,Win32.EarthKrahang_20240404
ef4a2cfe4d9d3495d4957a65299f608f7b823fab0699fded728fd3900c0b2bb4,C:\samples\malware\EarthKrahang_20240404\Win32.EarthKrahang_20240404\ef4a2cfe4d9d3495d4957a65299f608f7b823fab0699fded728fd3900c0b2bb4,malware,Win32.EarthKrahang_20240404
f4ea99dc41cb7922d01955eef9303ec3a24b88c3318138855346de1e830ed09e,C:\samples\malware\EarthKrahang_20240404\Win32.EarthKrahang_20240404\f4ea99dc41cb7922d01955eef9303ec3a24b88c3318138855346de1e830ed09e,malware,Win32.EarthKrahang_20240404
f5b6c0d73c513c3c8efbcc967d7f6865559e90d59fb78b2b15394f22fd7315cb,C:\samples\malware\EarthKrahang_20240404\Win32.EarthKrahang_20240404\f5b6c0d73c513c3c8efbcc967d7f6865559e90d59fb78b2b15394f22fd7315cb,malware,Win32.EarthKrahang_20240404
f66a6b49a23cf3cc842a84d955c0292e7d1c0718ec4e78d4513e18b6c53a94ac,C:\samples\malware\EarthKrahang_20240404\Win32.EarthKrahang_20240404\f66a6b49a23cf3cc842a84d955c0292e7d1c0718ec4e78d4513e18b6c53a94ac,malware,Win32.EarthKrahang_20240404
fe4fad660bb44e108ab07d812f8b1bbf16852c1b881a5e721a9f811cae317f39,C:\samples\malware\EarthKrahang_20240404\Win32.EarthKrahang_20240404\fe4fad660bb44e108ab07d812f8b1bbf16852c1b881a5e721a9f811cae317f39,malware,Win32.EarthKrahang_20240404
EquationLaser_32C53DF631217D0B5F9F46D3A9246715,C:\samples\malware\EquationGroup\Equation_KasperskyReport_and_Additionalsamples\AdditionalSamples\EquationLaser\EquationLaser_32C53DF631217D0B5F9F46D3A9246715,malware,EquationLaser
EquationLaser_45DF8669908A259A22C44278C2289721,C:\samples\malware\EquationGroup\Equation_KasperskyReport_and_Additionalsamples\AdditionalSamples\EquationLaser\EquationLaser_45DF8669908A259A22C44278C2289721,malware,EquationLaser
EquationLaser_6480843080ADD60B825EFE0532DC727B,C:\samples\malware\EquationGroup\Equation_KasperskyReport_and_Additionalsamples\AdditionalSamples\EquationLaser\EquationLaser_6480843080ADD60B825EFE0532DC727B,malware,EquationLaser
EquationLaser_8E2C06B52F530C9F9B5C2C743A5BB28A,C:\samples\malware\EquationGroup\Equation_KasperskyReport_and_Additionalsamples\AdditionalSamples\EquationLaser\EquationLaser_8E2C06B52F530C9F9B5C2C743A5BB28A,malware,EquationLaser
EquationLaser_C96284363374597A3AC4B07C77E8325B,C:\samples\malware\EquationGroup\Equation_KasperskyReport_and_Additionalsamples\AdditionalSamples\EquationLaser\EquationLaser_C96284363374597A3AC4B07C77E8325B,malware,EquationLaser
EquationLaser_DE356F2A55B25E04742423B5EC56DE93,C:\samples\malware\EquationGroup\Equation_KasperskyReport_and_Additionalsamples\AdditionalSamples\EquationLaser\EquationLaser_DE356F2A55B25E04742423B5EC56DE93,malware,EquationLaser
FannyWorm_002F5E401F705FE91F44263E49D6C216,C:\samples\malware\EquationGroup\Equation_KasperskyReport_and_Additionalsamples\AdditionalSamples\FannyWorm\FannyWorm_002F5E401F705FE91F44263E49D6C216,malware,FannyWorm
FannyWorm_0047C4A00161A8478DF31DBDEA44A19E,C:\samples\malware\EquationGroup\Equation_KasperskyReport_and_Additionalsamples\AdditionalSamples\FannyWorm\FannyWorm_0047C4A00161A8478DF31DBDEA44A19E,malware,FannyWorm
FannyWorm_00535DCA6D6DB97128F6E12451C1E04E,C:\samples\malware\EquationGroup\Equation_KasperskyReport_and_Additionalsamples\AdditionalSamples\FannyWorm\FannyWorm_00535DCA6D6DB97128F6E12451C1E04E,malware,FannyWorm
FannyWorm_0063BF5852FFB5BAABCDC34AD4F8F0BF,C:\samples\malware\EquationGroup\Equation_KasperskyReport_and_Additionalsamples\AdditionalSamples\FannyWorm\FannyWorm_0063BF5852FFB5BAABCDC34AD4F8F0BF,malware,FannyWorm
FannyWorm_00F5F27098D25A1961DF56A1C58398E2,C:\samples\malware\EquationGroup\Equation_KasperskyReport_and_Additionalsamples\AdditionalSamples\FannyWorm\FannyWorm_00F5F27098D25A1961DF56A1C58398E2,malware,FannyWorm
FannyWorm_00FAE15224F3A3C46D20F2667FB1ED89,C:\samples\malware\EquationGroup\Equation_KasperskyReport_and_Additionalsamples\AdditionalSamples\FannyWorm\FannyWorm_00FAE15224F3A3C46D20F2667FB1ED89,malware,FannyWorm
FannyWorm_02D5EB43F5FC03F7ABC89C57B82C75F8,C:\samples\malware\EquationGroup\Equation_KasperskyReport_and_Additionalsamples\AdditionalSamples\FannyWorm\FannyWorm_02D5EB43F5FC03F7ABC89C57B82C75F8,malware,FannyWorm
FannyWorm_0333F6533573D7A08B4DE47BD186EC65,C:\samples\malware\EquationGroup\Equation_KasperskyReport_and_Additionalsamples\AdditionalSamples\FannyWorm\FannyWorm_0333F6533573D7A08B4DE47BD186EC65,malware,FannyWorm
FannyWorm_038E4FFBDF9334DD0B96F92104C4A5C0,C:\samples\malware\EquationGroup\Equation_KasperskyReport_and_Additionalsamples\AdditionalSamples\FannyWorm\FannyWorm_038E4FFBDF9334DD0B96F92104C4A5C0,malware,FannyWorm
FannyWorm_03A5AE64C62EB66DD7303801785D3F7B,C:\samples\malware\EquationGroup\Equation_KasperskyReport_and_Additionalsamples\AdditionalSamples\FannyWorm\FannyWorm_03A5AE64C62EB66DD7303801785D3F7B,malware,FannyWorm
FannyWorm_03A64049747B2544A5EE08A2520495D8,C:\samples\malware\EquationGroup\Equation_KasperskyReport_and_Additionalsamples\AdditionalSamples\FannyWorm\FannyWorm_03A64049747B2544A5EE08A2520495D8,malware,FannyWorm
FannyWorm_04DDB75038698F66B9C43304A2C92240,C:\samples\malware\EquationGroup\Equation_KasperskyReport_and_Additionalsamples\AdditionalSamples\FannyWorm\FannyWorm_04DDB75038698F66B9C43304A2C92240,malware,FannyWorm
FannyWorm_05187AA4D312FF06187C93D12DD5F1D0,C:\samples\malware\EquationGroup\Equation_KasperskyReport_and_Additionalsamples\AdditionalSamples\FannyWorm\FannyWorm_05187AA4D312FF06187C93D12DD5F1D0,malware,FannyWorm
FannyWorm_053895AE9A145A74738BA85667AE2CD1,C:\samples\malware\EquationGroup\Equation_KasperskyReport_and_Additionalsamples\AdditionalSamples\FannyWorm\FannyWorm_053895AE9A145A74738BA85667AE2CD1,malware,FannyWorm
FannyWorm_05A0274DDEA1D4E2D938EE0804DA41DB,C:\samples\malware\EquationGroup\Equation_KasperskyReport_and_Additionalsamples\AdditionalSamples\FannyWorm\FannyWorm_05A0274DDEA1D4E2D938EE0804DA41DB,malware,FannyWorm
FannyWorm_05E58526F763F069B4C86D209416F50A,C:\samples\malware\EquationGroup\Equation_KasperskyReport_and_Additionalsamples\AdditionalSamples\FannyWorm\FannyWorm_05E58526F763F069B4C86D209416F50A,malware,FannyWorm
FannyWorm_063AD1284A8DFB82965B539EFD965547,C:\samples\malware\EquationGroup\Equation_KasperskyReport_and_Additionalsamples\AdditionalSamples\FannyWorm\FannyWorm_063AD1284A8DFB82965B539EFD965547,malware,FannyWorm
FannyWorm_06A1824482848997877DA3F5CB83F196,C:\samples\malware\EquationGroup\Equation_KasperskyReport_and_Additionalsamples\AdditionalSamples\FannyWorm\FannyWorm_06A1824482848997877DA3F5CB83F196,malware,FannyWorm
FannyWorm_07988B3B1AF58A47F7EE884E734D9A45,C:\samples\malware\EquationGroup\Equation_KasperskyReport_and_Additionalsamples\AdditionalSamples\FannyWorm\FannyWorm_07988B3B1AF58A47F7EE884E734D9A45,malware,FannyWorm
FannyWorm_0915237A0B1F095AACE0A50B82356571,C:\samples\malware\EquationGroup\Equation_KasperskyReport_and_Additionalsamples\AdditionalSamples\FannyWorm\FannyWorm_0915237A0B1F095AACE0A50B82356571,malware,FannyWorm
FannyWorm_09344144F44E598E516793B36DE7822A,C:\samples\malware\EquationGroup\Equation_KasperskyReport_and_Additionalsamples\AdditionalSamples\FannyWorm\FannyWorm_09344144F44E598E516793B36DE7822A,malware,FannyWorm
FannyWorm_0A704348BD37EA5CCD2E0A540EB010C2,C:\samples\malware\EquationGroup\Equation_KasperskyReport_and_Additionalsamples\AdditionalSamples\FannyWorm\FannyWorm_0A704348BD37EA5CCD2E0A540EB010C2,malware,FannyWorm
FannyWorm_0A78F4F0C5FC09C08DC1B54D7412BC58,C:\samples\malware\EquationGroup\Equation_KasperskyReport_and_Additionalsamples\AdditionalSamples\FannyWorm\FannyWorm_0A78F4F0C5FC09C08DC1B54D7412BC58,malware,FannyWorm
FannyWorm_0ACBDD008B62CD40BB1434ACA7500D5B,C:\samples\malware\EquationGroup\Equation_KasperskyReport_and_Additionalsamples\AdditionalSamples\FannyWorm\FannyWorm_0ACBDD008B62CD40BB1434ACA7500D5B,malware,FannyWorm
FannyWorm_0B5F75E67B78D34DC4206BF49C7F09E9,C:\samples\malware\EquationGroup\Equation_KasperskyReport_and_Additionalsamples\AdditionalSamples\FannyWorm\FannyWorm_0B5F75E67B78D34DC4206BF49C7F09E9,malware,FannyWorm
FannyWorm_0C4BD72BD7119C562F81588978AC9DEF,C:\samples\malware\EquationGroup\Equation_KasperskyReport_and_Additionalsamples\AdditionalSamples\FannyWorm\FannyWorm_0C4BD72BD7119C562F81588978AC9DEF,malware,FannyWorm
FannyWorm_0D1248BD21BA2487C08691EE60B8D80E,C:\samples\malware\EquationGroup\Equation_KasperskyReport_and_Additionalsamples\AdditionalSamples\FannyWorm\FannyWorm_0D1248BD21BA2487C08691EE60B8D80E,malware,FannyWorm
FannyWorm_0E2313835CA0FA52D95500F83FE9F5D2,C:\samples\malware\EquationGroup\Equation_KasperskyReport_and_Additionalsamples\AdditionalSamples\FannyWorm\FannyWorm_0E2313835CA0FA52D95500F83FE9F5D2,malware,FannyWorm
FannyWorm_0F256B5884F46A15B80B60BBA8876966,C:\samples\malware\EquationGroup\Equation_KasperskyReport_and_Additionalsamples\AdditionalSamples\FannyWorm\FannyWorm_0F256B5884F46A15B80B60BBA8876966,malware,FannyWorm
FannyWorm_0FD329C0ECC34C45A87414E3DAAD5819,C:\samples\malware\EquationGroup\Equation_KasperskyReport_and_Additionalsamples\AdditionalSamples\FannyWorm\FannyWorm_0FD329C0ECC34C45A87414E3DAAD5819,malware,FannyWorm
FannyWorm_101BC932D760F12A308E450EB97EFFA5,C:\samples\malware\EquationGroup\Equation_KasperskyReport_and_Additionalsamples\AdditionalSamples\FannyWorm\FannyWorm_101BC932D760F12A308E450EB97EFFA5,malware,FannyWorm
FannyWorm_102A411051EF606241FBDC4361E55301,C:\samples\malware\EquationGroup\Equation_KasperskyReport_and_Additionalsamples\AdditionalSamples\FannyWorm\FannyWorm_102A411051EF606241FBDC4361E55301,malware,FannyWorm
FannyWorm_10A9CAA724AE8EDC30C09F8372241C32,C:\samples\malware\EquationGroup\Equation_KasperskyReport_and_Additionalsamples\AdditionalSamples\FannyWorm\FannyWorm_10A9CAA724AE8EDC30C09F8372241C32,malware,FannyWorm
FannyWorm_1163AD598B617EF336DD75D119182AD4,C:\samples\malware\EquationGroup\Equation_KasperskyReport_and_Additionalsamples\AdditionalSamples\FannyWorm\FannyWorm_1163AD598B617EF336DD75D119182AD4,malware,FannyWorm
FannyWorm_1173639E045C327554962500B6240EEB,C:\samples\malware\EquationGroup\Equation_KasperskyReport_and_Additionalsamples\AdditionalSamples\FannyWorm\FannyWorm_1173639E045C327554962500B6240EEB,malware,FannyWorm
FannyWorm_12298EF995A76C71FA54CBF279455A14,C:\samples\malware\EquationGroup\Equation_KasperskyReport_and_Additionalsamples\AdditionalSamples\FannyWorm\FannyWorm_12298EF995A76C71FA54CBF279455A14,malware,FannyWorm
FannyWorm_13429F4899618F3529669A8CE850B512,C:\samples\malware\EquationGroup\Equation_KasperskyReport_and_Additionalsamples\AdditionalSamples\FannyWorm\FannyWorm_13429F4899618F3529669A8CE850B512,malware,FannyWorm
FannyWorm_1355C1F173E78D3C1317EE2FB5CD95F1,C:\samples\malware\EquationGroup\Equation_KasperskyReport_and_Additionalsamples\AdditionalSamples\FannyWorm\FannyWorm_1355C1F173E78D3C1317EE2FB5CD95F1,malware,FannyWorm
FannyWorm_13B67C888EFEAF60A9A4FB1E4E182F2D,C:\samples\malware\EquationGroup\Equation_KasperskyReport_and_Additionalsamples\AdditionalSamples\FannyWorm\FannyWorm_13B67C888EFEAF60A9A4FB1E4E182F2D,malware,FannyWorm
FannyWorm_149B980E2495DF13EDCEFED78716BA8D,C:\samples\malware\EquationGroup\Equation_KasperskyReport_and_Additionalsamples\AdditionalSamples\FannyWorm\FannyWorm_149B980E2495DF13EDCEFED78716BA8D,malware,FannyWorm
FannyWorm_151C7DA8C611BF9795D813A5806D6364,C:\samples\malware\EquationGroup\Equation_KasperskyReport_and_Additionalsamples\AdditionalSamples\FannyWorm\FannyWorm_151C7DA8C611BF9795D813A5806D6364,malware,FannyWorm
FannyWorm_152AD931B42A8DA9149DD73A8BFCFF69,C:\samples\malware\EquationGroup\Equation_KasperskyReport_and_Additionalsamples\AdditionalSamples\FannyWorm\FannyWorm_152AD931B42A8DA9149DD73A8BFCFF69,malware,FannyWorm
FannyWorm_1643B9B5861CA495F83ED2DA14480728,C:\samples\malware\EquationGroup\Equation_KasperskyReport_and_Additionalsamples\AdditionalSamples\FannyWorm\FannyWorm_1643B9B5861CA495F83ED2DA14480728,malware,FannyWorm
FannyWorm_168AF91D1BA92A41679D5B5890DC71E7,C:\samples\malware\EquationGroup\Equation_KasperskyReport_and_Additionalsamples\AdditionalSamples\FannyWorm\FannyWorm_168AF91D1BA92A41679D5B5890DC71E7,malware,FannyWorm
FannyWorm_17D287E868AB1DBAFCA87EB48B0F848F,C:\samples\malware\EquationGroup\Equation_KasperskyReport_and_Additionalsamples\AdditionalSamples\FannyWorm\FannyWorm_17D287E868AB1DBAFCA87EB48B0F848F,malware,FannyWorm
FannyWorm_18CB3574825FA409D5CBC0F67E8CC162,C:\samples\malware\EquationGroup\Equation_KasperskyReport_and_Additionalsamples\AdditionalSamples\FannyWorm\FannyWorm_18CB3574825FA409D5CBC0F67E8CC162,malware,FannyWorm
FannyWorm_1925B30A657EA0B5BFC62D3914F7855F,C:\samples\malware\EquationGroup\Equation_KasperskyReport_and_Additionalsamples\AdditionalSamples\FannyWorm\FannyWorm_1925B30A657EA0B5BFC62D3914F7855F,malware,FannyWorm
FannyWorm_194686907B35B69C508AE1A82D105ACD,C:\samples\malware\EquationGroup\Equation_KasperskyReport_and_Additionalsamples\AdditionalSamples\FannyWorm\FannyWorm_194686907B35B69C508AE1A82D105ACD,malware,FannyWorm
FannyWorm_19507F6ADFAD9E754C3D26695DD61993,C:\samples\malware\EquationGroup\Equation_KasperskyReport_and_Additionalsamples\AdditionalSamples\FannyWorm\FannyWorm_19507F6ADFAD9E754C3D26695DD61993,malware,FannyWorm
FannyWorm_199E39BDA0AF0A062CCC734FACCF9213,C:\samples\malware\EquationGroup\Equation_KasperskyReport_and_Additionalsamples\AdditionalSamples\FannyWorm\FannyWorm_199E39BDA0AF0A062CCC734FACCF9213,malware,FannyWorm
FannyWorm_19EB57E93ED64F2BB9AAB0307ECE4291,C:\samples\malware\EquationGroup\Equation_KasperskyReport_and_Additionalsamples\AdditionalSamples\FannyWorm\FannyWorm_19EB57E93ED64F2BB9AAB0307ECE4291,malware,FannyWorm
FannyWorm_1B27AC722847F5A3304E3896F0528FA4,C:\samples\malware\EquationGroup\Equation_KasperskyReport_and_Additionalsamples\AdditionalSamples\FannyWorm\FannyWorm_1B27AC722847F5A3304E3896F0528FA4,malware,FannyWorm
FannyWorm_1B9901D0F5F28C9275A697134D6E487A,C:\samples\malware\EquationGroup\Equation_KasperskyReport_and_Additionalsamples\AdditionalSamples\FannyWorm\FannyWorm_1B9901D0F5F28C9275A697134D6E487A,malware,FannyWorm
FannyWorm_1CB7AE1BC76E139C89684F7797F520A1,C:\samples\malware\EquationGroup\Equation_KasperskyReport_and_Additionalsamples\AdditionalSamples\FannyWorm\FannyWorm_1CB7AE1BC76E139C89684F7797F520A1,malware,FannyWorm
FannyWorm_1D6C98E55203F0C51C0821FE52218DD8,C:\samples\malware\EquationGroup\Equation_KasperskyReport_and_Additionalsamples\AdditionalSamples\FannyWorm\FannyWorm_1D6C98E55203F0C51C0821FE52218DD8,malware,FannyWorm
FannyWorm_1DD86B28A2BC986B069C75BF5C6787B9,C:\samples\malware\EquationGroup\Equation_KasperskyReport_and_Additionalsamples\AdditionalSamples\FannyWorm\FannyWorm_1DD86B28A2BC986B069C75BF5C6787B9,malware,FannyWorm
FannyWorm_1EF39EB63DDFF30A3E37FEEFFB8FC712,C:\samples\malware\EquationGroup\Equation_KasperskyReport_and_Additionalsamples\AdditionalSamples\FannyWorm\FannyWorm_1EF39EB63DDFF30A3E37FEEFFB8FC712,malware,FannyWorm
FannyWorm_1F1DC3CF1D769D464DB9752C8CECC872,C:\samples\malware\EquationGroup\Equation_KasperskyReport_and_Additionalsamples\AdditionalSamples\FannyWorm\FannyWorm_1F1DC3CF1D769D464DB9752C8CECC872,malware,FannyWorm
FannyWorm_1F69160F1D91BF9A0EDA93829B75C583,C:\samples\malware\EquationGroup\Equation_KasperskyReport_and_Additionalsamples\AdditionalSamples\FannyWorm\FannyWorm_1F69160F1D91BF9A0EDA93829B75C583,malware,FannyWorm
FannyWorm_1FD210BA936FD11B46781E04BBC0F8B5,C:\samples\malware\EquationGroup\Equation_KasperskyReport_and_Additionalsamples\AdditionalSamples\FannyWorm\FannyWorm_1FD210BA936FD11B46781E04BBC0F8B5,malware,FannyWorm
FannyWorm_205FB6034381DFD9D19D076141397CF6,C:\samples\malware\EquationGroup\Equation_KasperskyReport_and_Additionalsamples\AdditionalSamples\FannyWorm\FannyWorm_205FB6034381DFD9D19D076141397CF6,malware,FannyWorm
FannyWorm_2062D7B0D9145ADBE0131CF1FB1FC35A,C:\samples\malware\EquationGroup\Equation_KasperskyReport_and_Additionalsamples\AdditionalSamples\FannyWorm\FannyWorm_2062D7B0D9145ADBE0131CF1FB1FC35A,malware,FannyWorm
FannyWorm_21A6959A33909E3CDF27A455064D4D4D,C:\samples\malware\EquationGroup\Equation_KasperskyReport_and_Additionalsamples\AdditionalSamples\FannyWorm\FannyWorm_21A6959A33909E3CDF27A455064D4D4D,malware,FannyWorm
FannyWorm_21A9C4073DBB1CB6127FDB932C95372C,C:\samples\malware\EquationGroup\Equation_KasperskyReport_and_Additionalsamples\AdditionalSamples\FannyWorm\FannyWorm_21A9C4073DBB1CB6127FDB932C95372C,malware,FannyWorm
FannyWorm_2249D5577D2C84BA1043376B77E6C24D,C:\samples\malware\EquationGroup\Equation_KasperskyReport_and_Additionalsamples\AdditionalSamples\FannyWorm\FannyWorm_2249D5577D2C84BA1043376B77E6C24D,malware,FannyWorm
FannyWorm_22DB66045FA1E39B5BF16FC63A850098,C:\samples\malware\EquationGroup\Equation_KasperskyReport_and_Additionalsamples\AdditionalSamples\FannyWorm\FannyWorm_22DB66045FA1E39B5BF16FC63A850098,malware,FannyWorm
FannyWorm_24132E1E00071F33221C405399271B74,C:\samples\malware\EquationGroup\Equation_KasperskyReport_and_Additionalsamples\AdditionalSamples\FannyWorm\FannyWorm_24132E1E00071F33221C405399271B74,malware,FannyWorm
FannyWorm_242A7137788B0F0AEFCEA5C233C951B7,C:\samples\malware\EquationGroup\Equation_KasperskyReport_and_Additionalsamples\AdditionalSamples\FannyWorm\FannyWorm_242A7137788B0F0AEFCEA5C233C951B7,malware,FannyWorm
FannyWorm_246272DD6E9193E31745AD54138F875D,C:\samples\malware\EquationGroup\Equation_KasperskyReport_and_Additionalsamples\AdditionalSamples\FannyWorm\FannyWorm_246272DD6E9193E31745AD54138F875D,malware,FannyWorm
FannyWorm_263B761FCEA771137F2EA9918E381B47,C:\samples\malware\EquationGroup\Equation_KasperskyReport_and_Additionalsamples\AdditionalSamples\FannyWorm\FannyWorm_263B761FCEA771137F2EA9918E381B47,malware,FannyWorm
FannyWorm_26C46A09CF1BDFF5AF503A406575809D,C:\samples\malware\EquationGroup\Equation_KasperskyReport_and_Additionalsamples\AdditionalSamples\FannyWorm\FannyWorm_26C46A09CF1BDFF5AF503A406575809D,malware,FannyWorm
FannyWorm_27C5D028EE23A515DF4203EA6026E23E,C:\samples\malware\EquationGroup\Equation_KasperskyReport_and_Additionalsamples\AdditionalSamples\FannyWorm\FannyWorm_27C5D028EE23A515DF4203EA6026E23E,malware,FannyWorm
FannyWorm_2822D46611AD7FD71DFE5A1F4C79AB4B,C:\samples\malware\EquationGroup\Equation_KasperskyReport_and_Additionalsamples\AdditionalSamples\FannyWorm\FannyWorm_2822D46611AD7FD71DFE5A1F4C79AB4B,malware,FannyWorm
FannyWorm_29F2AB09FDFFC4006A4407C05BA11B65,C:\samples\malware\EquationGroup\Equation_KasperskyReport_and_Additionalsamples\AdditionalSamples\FannyWorm\FannyWorm_29F2AB09FDFFC4006A4407C05BA11B65,malware,FannyWorm
FannyWorm_29FDEC2FD992C2AB38E1DD41500190B9,C:\samples\malware\EquationGroup\Equation_KasperskyReport_and_Additionalsamples\AdditionalSamples\FannyWorm\FannyWorm_29FDEC2FD992C2AB38E1DD41500190B9,malware,FannyWorm
FannyWorm_2BB52B4C1BC0788BF701E6F5EE761A9B,C:\samples\malware\EquationGroup\Equation_KasperskyReport_and_Additionalsamples\AdditionalSamples\FannyWorm\FannyWorm_2BB52B4C1BC0788BF701E6F5EE761A9B,malware,FannyWorm
FannyWorm_2C029BE8E3B0C9448ED5E88B52852ADE,C:\samples\malware\EquationGroup\Equation_KasperskyReport_and_Additionalsamples\AdditionalSamples\FannyWorm\FannyWorm_2C029BE8E3B0C9448ED5E88B52852ADE,malware,FannyWorm
FannyWorm_2C35ED272225B4E134333BEA2B657A3F,C:\samples\malware\EquationGroup\Equation_KasperskyReport_and_Additionalsamples\AdditionalSamples\FannyWorm\FannyWorm_2C35ED272225B4E134333BEA2B657A3F,malware,FannyWorm
FannyWorm_2C6595834DD5528235E8A9815276563E,C:\samples\malware\EquationGroup\Equation_KasperskyReport_and_Additionalsamples\AdditionalSamples\FannyWorm\FannyWorm_2C6595834DD5528235E8A9815276563E,malware,FannyWorm
FannyWorm_2C87A3442C60C72F639CA7EB6754746A,C:\samples\malware\EquationGroup\Equation_KasperskyReport_and_Additionalsamples\AdditionalSamples\FannyWorm\FannyWorm_2C87A3442C60C72F639CA7EB6754746A,malware,FannyWorm
FannyWorm_2D088E08FD1B90342CAE128770063DBE,C:\samples\malware\EquationGroup\Equation_KasperskyReport_and_Additionalsamples\AdditionalSamples\FannyWorm\FannyWorm_2D088E08FD1B90342CAE128770063DBE,malware,FannyWorm
FannyWorm_2DA059A8BF3BC00BB809B28770044FF6,C:\samples\malware\EquationGroup\Equation_KasperskyReport_and_Additionalsamples\AdditionalSamples\FannyWorm\FannyWorm_2DA059A8BF3BC00BB809B28770044FF6,malware,FannyWorm
FannyWorm_2E0E43F2B0499D631EDF1DD92F09BD2C,C:\samples\malware\EquationGroup\Equation_KasperskyReport_and_Additionalsamples\AdditionalSamples\FannyWorm\FannyWorm_2E0E43F2B0499D631EDF1DD92F09BD2C,malware,FannyWorm
FannyWorm_2E208B3D5953BD92C84031D3A7B8A231,C:\samples\malware\EquationGroup\Equation_KasperskyReport_and_Additionalsamples\AdditionalSamples\FannyWorm\FannyWorm_2E208B3D5953BD92C84031D3A7B8A231,malware,FannyWorm
FannyWorm_2EBD5BD711CEB8D6B4F6EBA38D087BC9,C:\samples\malware\EquationGroup\Equation_KasperskyReport_and_Additionalsamples\AdditionalSamples\FannyWorm\FannyWorm_2EBD5BD711CEB8D6B4F6EBA38D087BC9,malware,FannyWorm
FannyWorm_2F2A8DECA2539923B489D51DE9A278F4,C:\samples\malware\EquationGroup\Equation_KasperskyReport_and_Additionalsamples\AdditionalSamples\FannyWorm\FannyWorm_2F2A8DECA2539923B489D51DE9A278F4,malware,FannyWorm
FannyWorm_303B7527DB5B417719DAF9B0AE5B89AA,C:\samples\malware\EquationGroup\Equation_KasperskyReport_and_Additionalsamples\AdditionalSamples\FannyWorm\FannyWorm_303B7527DB5B417719DAF9B0AE5B89AA,malware,FannyWorm
FannyWorm_31457CB30CCAD20CDBC77B8C4B6F9B3F,C:\samples\malware\EquationGroup\Equation_KasperskyReport_and_Additionalsamples\AdditionalSamples\FannyWorm\FannyWorm_31457CB30CCAD20CDBC77B8C4B6F9B3F,malware,FannyWorm
FannyWorm_318D5E8B3DA6C6F5E5041250CEB5D836,C:\samples\malware\EquationGroup\Equation_KasperskyReport_and_Additionalsamples\AdditionalSamples\FannyWorm\FannyWorm_318D5E8B3DA6C6F5E5041250CEB5D836,malware,FannyWorm
FannyWorm_38430B3311314A4DC01C2CDCD29A0D10,C:\samples\malware\EquationGroup\Equation_KasperskyReport_and_Additionalsamples\AdditionalSamples\FannyWorm\FannyWorm_38430B3311314A4DC01C2CDCD29A0D10,malware,FannyWorm
FannyWorm_3A3FEE2E8E1ABDD99A020EEB8EE2D271,C:\samples\malware\EquationGroup\Equation_KasperskyReport_and_Additionalsamples\AdditionalSamples\FannyWorm\FannyWorm_3A3FEE2E8E1ABDD99A020EEB8EE2D271,malware,FannyWorm
FannyWorm_3A431D965B9537721BE721A48CCCDF0A,C:\samples\malware\EquationGroup\Equation_KasperskyReport_and_Additionalsamples\AdditionalSamples\FannyWorm\FannyWorm_3A431D965B9537721BE721A48CCCDF0A,malware,FannyWorm
FannyWorm_3A57ADB8740DA3EBEC1673D21F20D0FE,C:\samples\malware\EquationGroup\Equation_KasperskyReport_and_Additionalsamples\AdditionalSamples\FannyWorm\FannyWorm_3A57ADB8740DA3EBEC1673D21F20D0FE,malware,FannyWorm
FannyWorm_3A71446564B4C060D99A8CCD2EB5D161,C:\samples\malware\EquationGroup\Equation_KasperskyReport_and_Additionalsamples\AdditionalSamples\FannyWorm\FannyWorm_3A71446564B4C060D99A8CCD2EB5D161,malware,FannyWorm
FannyWorm_3AC8BC5E416D59666905489AEA3BE51E,C:\samples\malware\EquationGroup\Equation_KasperskyReport_and_Additionalsamples\AdditionalSamples\FannyWorm\FannyWorm_3AC8BC5E416D59666905489AEA3BE51E,malware,FannyWorm
FannyWorm_3B496B8CD19789FABF00584475B607C7,C:\samples\malware\EquationGroup\Equation_KasperskyReport_and_Additionalsamples\AdditionalSamples\FannyWorm\FannyWorm_3B496B8CD19789FABF00584475B607C7,malware,FannyWorm
FannyWorm_3DE3419F6441A7F4D664077A43FB404B,C:\samples\malware\EquationGroup\Equation_KasperskyReport_and_Additionalsamples\AdditionalSamples\FannyWorm\FannyWorm_3DE3419F6441A7F4D664077A43FB404B,malware,FannyWorm
FannyWorm_3FBD798BCD7214FCBF5FAB05FAF9FD71,C:\samples\malware\EquationGroup\Equation_KasperskyReport_and_Additionalsamples\AdditionalSamples\FannyWorm\FannyWorm_3FBD798BCD7214FCBF5FAB05FAF9FD71,malware,FannyWorm
FannyWorm_40000B4F52DCDEDB1E1D3BFD5C185CEC,C:\samples\malware\EquationGroup\Equation_KasperskyReport_and_Additionalsamples\AdditionalSamples\FannyWorm\FannyWorm_40000B4F52DCDEDB1E1D3BFD5C185CEC,malware,FannyWorm
FannyWorm_40FEE20FE98995ACBDA82DBCDE0B674B,C:\samples\malware\EquationGroup\Equation_KasperskyReport_and_Additionalsamples\AdditionalSamples\FannyWorm\FannyWorm_40FEE20FE98995ACBDA82DBCDE0B674B,malware,FannyWorm
FannyWorm_41D1E22FABD1CE4D21F5F7BE352B3A07,C:\samples\malware\EquationGroup\Equation_KasperskyReport_and_Additionalsamples\AdditionalSamples\FannyWorm\FannyWorm_41D1E22FABD1CE4D21F5F7BE352B3A07,malware,FannyWorm
FannyWorm_44BD4CF5E28D78CC66B828A57C99CA74,C:\samples\malware\EquationGroup\Equation_KasperskyReport_and_Additionalsamples\AdditionalSamples\FannyWorm\FannyWorm_44BD4CF5E28D78CC66B828A57C99CA74,malware,FannyWorm
FannyWorm_4509385E247EF538CFB8CD42944EE480,C:\samples\malware\EquationGroup\Equation_KasperskyReport_and_Additionalsamples\AdditionalSamples\FannyWorm\FannyWorm_4509385E247EF538CFB8CD42944EE480,malware,FannyWorm
FannyWorm_450A3EDECE8808F483203FE8988C4437,C:\samples\malware\EquationGroup\Equation_KasperskyReport_and_Additionalsamples\AdditionalSamples\FannyWorm\FannyWorm_450A3EDECE8808F483203FE8988C4437,malware,FannyWorm
FannyWorm_4605A7396D892BBA0646BC73A02B28E9,C:\samples\malware\EquationGroup\Equation_KasperskyReport_and_Additionalsamples\AdditionalSamples\FannyWorm\FannyWorm_4605A7396D892BBA0646BC73A02B28E9,malware,FannyWorm
FannyWorm_4810559ED364A18843178F1C4FCA49FC,C:\samples\malware\EquationGroup\Equation_KasperskyReport_and_Additionalsamples\AdditionalSamples\FannyWorm\FannyWorm_4810559ED364A18843178F1C4FCA49FC,malware,FannyWorm
FannyWorm_487E79347D92F44507200792A7795C7B,C:\samples\malware\EquationGroup\Equation_KasperskyReport_and_Additionalsamples\AdditionalSamples\FannyWorm\FannyWorm_487E79347D92F44507200792A7795C7B,malware,FannyWorm
FannyWorm_48BC620F4C5B14E30F173B0D02887840,C:\samples\malware\EquationGroup\Equation_KasperskyReport_and_Additionalsamples\AdditionalSamples\FannyWorm\FannyWorm_48BC620F4C5B14E30F173B0D02887840,malware,FannyWorm
FannyWorm_48E958E3785BE0D5E074AD2CFCF2FEE4,C:\samples\malware\EquationGroup\Equation_KasperskyReport_and_Additionalsamples\AdditionalSamples\FannyWorm\FannyWorm_48E958E3785BE0D5E074AD2CFCF2FEE4,malware,FannyWorm
FannyWorm_4902CD32C4AE98008BA24C0F40189E51,C:\samples\malware\EquationGroup\Equation_KasperskyReport_and_Additionalsamples\AdditionalSamples\FannyWorm\FannyWorm_4902CD32C4AE98008BA24C0F40189E51,malware,FannyWorm
FannyWorm_49622DDF195628F7A3400B7A9F98E60A,C:\samples\malware\EquationGroup\Equation_KasperskyReport_and_Additionalsamples\AdditionalSamples\FannyWorm\FannyWorm_49622DDF195628F7A3400B7A9F98E60A,malware,FannyWorm
FannyWorm_4984608139E2C5430A87028F84A2BBB7,C:\samples\malware\EquationGroup\Equation_KasperskyReport_and_Additionalsamples\AdditionalSamples\FannyWorm\FannyWorm_4984608139E2C5430A87028F84A2BBB7,malware,FannyWorm
FannyWorm_49CB69039308B2613664515C5FA323E1,C:\samples\malware\EquationGroup\Equation_KasperskyReport_and_Additionalsamples\AdditionalSamples\FannyWorm\FannyWorm_49CB69039308B2613664515C5FA323E1,malware,FannyWorm
FannyWorm_4A3B537879F3F29CD8D446C53E6B06C3,C:\samples\malware\EquationGroup\Equation_KasperskyReport_and_Additionalsamples\AdditionalSamples\FannyWorm\FannyWorm_4A3B537879F3F29CD8D446C53E6B06C3,malware,FannyWorm
FannyWorm_4AD2F62CE2EB72EFF45C61699BDCB1E3,C:\samples\malware\EquationGroup\Equation_KasperskyReport_and_Additionalsamples\AdditionalSamples\FannyWorm\FannyWorm_4AD2F62CE2EB72EFF45C61699BDCB1E3,malware,FannyWorm
FannyWorm_4C31FE56FF4A46FBCD87B28651235177,C:\samples\malware\EquationGroup\Equation_KasperskyReport_and_Additionalsamples\AdditionalSamples\FannyWorm\FannyWorm_4C31FE56FF4A46FBCD87B28651235177,malware,FannyWorm
FannyWorm_4E58BD45A388E458C9F8FF09EB905CC0,C:\samples\malware\EquationGroup\Equation_KasperskyReport_and_Additionalsamples\AdditionalSamples\FannyWorm\FannyWorm_4E58BD45A388E458C9F8FF09EB905CC0,malware,FannyWorm
FannyWorm_4EA931A432BB9555483B41B3BC8E78E4,C:\samples\malware\EquationGroup\Equation_KasperskyReport_and_Additionalsamples\AdditionalSamples\FannyWorm\FannyWorm_4EA931A432BB9555483B41B3BC8E78E4,malware,FannyWorm
FannyWorm_4F79981D1F7091BE6AADCC4595EF5F76,C:\samples\malware\EquationGroup\Equation_KasperskyReport_and_Additionalsamples\AdditionalSamples\FannyWorm\FannyWorm_4F79981D1F7091BE6AADCC4595EF5F76,malware,FannyWorm
FannyWorm_4FD969CEFB161CBBFE26897F097EDA71,C:\samples\malware\EquationGroup\Equation_KasperskyReport_and_Additionalsamples\AdditionalSamples\FannyWorm\FannyWorm_4FD969CEFB161CBBFE26897F097EDA71,malware,FannyWorm
FannyWorm_5118F69983A1544CAF4E3D244E195304,C:\samples\malware\EquationGroup\Equation_KasperskyReport_and_Additionalsamples\AdditionalSamples\FannyWorm\FannyWorm_5118F69983A1544CAF4E3D244E195304,malware,FannyWorm
FannyWorm_5328361825D0B1CCB0B157CEFF4E883E,C:\samples\malware\EquationGroup\Equation_KasperskyReport_and_Additionalsamples\AdditionalSamples\FannyWorm\FannyWorm_5328361825D0B1CCB0B157CEFF4E883E,malware,FannyWorm
FannyWorm_545BEE90A5F356B114CA3A4823F14990,C:\samples\malware\EquationGroup\Equation_KasperskyReport_and_Additionalsamples\AdditionalSamples\FannyWorm\FannyWorm_545BEE90A5F356B114CA3A4823F14990,malware,FannyWorm
FannyWorm_54C7657B4D19C6AFAAF003A332704907,C:\samples\malware\EquationGroup\Equation_KasperskyReport_and_Additionalsamples\AdditionalSamples\FannyWorm\FannyWorm_54C7657B4D19C6AFAAF003A332704907,malware,FannyWorm
FannyWorm_54D7826F13C1116B0BE9077334713F1A,C:\samples\malware\EquationGroup\Equation_KasperskyReport_and_Additionalsamples\AdditionalSamples\FannyWorm\FannyWorm_54D7826F13C1116B0BE9077334713F1A,malware,FannyWorm
FannyWorm_564950A5F4B3CA0E6ADE94C5CA5D8DE1,C:\samples\malware\EquationGroup\Equation_KasperskyReport_and_Additionalsamples\AdditionalSamples\FannyWorm\FannyWorm_564950A5F4B3CA0E6ADE94C5CA5D8DE1,malware,FannyWorm
FannyWorm_5686E5CDB415F7FB65A4A3D971F24E1C,C:\samples\malware\EquationGroup\Equation_KasperskyReport_and_Additionalsamples\AdditionalSamples\FannyWorm\FannyWorm_5686E5CDB415F7FB65A4A3D971F24E1C,malware,FannyWorm
FannyWorm_56897704C43DBFB60847A6DCA00DE2B0,C:\samples\malware\EquationGroup\Equation_KasperskyReport_and_Additionalsamples\AdditionalSamples\FannyWorm\FannyWorm_56897704C43DBFB60847A6DCA00DE2B0,malware,FannyWorm
FannyWorm_56D85656C527242B493D9B19CB95370E,C:\samples\malware\EquationGroup\Equation_KasperskyReport_and_Additionalsamples\AdditionalSamples\FannyWorm\FannyWorm_56D85656C527242B493D9B19CB95370E,malware,FannyWorm
FannyWorm_56FF71E1F28E1F149E0E4CF8CE9811D1,C:\samples\malware\EquationGroup\Equation_KasperskyReport_and_Additionalsamples\AdditionalSamples\FannyWorm\FannyWorm_56FF71E1F28E1F149E0E4CF8CE9811D1,malware,FannyWorm
FannyWorm_57B64A212B4B3982793916A18FA4F489,C:\samples\malware\EquationGroup\Equation_KasperskyReport_and_Additionalsamples\AdditionalSamples\FannyWorm\FannyWorm_57B64A212B4B3982793916A18FA4F489,malware,FannyWorm
FannyWorm_5821380182C7BFAA6646DB4313449917,C:\samples\malware\EquationGroup\Equation_KasperskyReport_and_Additionalsamples\AdditionalSamples\FannyWorm\FannyWorm_5821380182C7BFAA6646DB4313449917,malware,FannyWorm
FannyWorm_58786E35FA1D61D1BCD671987D103957,C:\samples\malware\EquationGroup\Equation_KasperskyReport_and_Additionalsamples\AdditionalSamples\FannyWorm\FannyWorm_58786E35FA1D61D1BCD671987D103957,malware,FannyWorm
FannyWorm_58EF8790939FCA73A20C6A04717A2659,C:\samples\malware\EquationGroup\Equation_KasperskyReport_and_Additionalsamples\AdditionalSamples\FannyWorm\FannyWorm_58EF8790939FCA73A20C6A04717A2659,malware,FannyWorm
FannyWorm_595B08353458A0749D292E0E81C0FC01,C:\samples\malware\EquationGroup\Equation_KasperskyReport_and_Additionalsamples\AdditionalSamples\FannyWorm\FannyWorm_595B08353458A0749D292E0E81C0FC01,malware,FannyWorm
FannyWorm_5A5BED7FAE336B93C44B370A955182DA,C:\samples\malware\EquationGroup\Equation_KasperskyReport_and_Additionalsamples\AdditionalSamples\FannyWorm\FannyWorm_5A5BED7FAE336B93C44B370A955182DA,malware,FannyWorm
FannyWorm_5A723D3EF02DB234061C2F61A6E3B6A4,C:\samples\malware\EquationGroup\Equation_KasperskyReport_and_Additionalsamples\AdditionalSamples\FannyWorm\FannyWorm_5A723D3EF02DB234061C2F61A6E3B6A4,malware,FannyWorm
FannyWorm_5A7DACC0C0F34005AB9710E666128500,C:\samples\malware\EquationGroup\Equation_KasperskyReport_and_Additionalsamples\AdditionalSamples\FannyWorm\FannyWorm_5A7DACC0C0F34005AB9710E666128500,malware,FannyWorm
FannyWorm_5B0F5F62EF3AE981FE48B6C29D7BEAB2,C:\samples\malware\EquationGroup\Equation_KasperskyReport_and_Additionalsamples\AdditionalSamples\FannyWorm\FannyWorm_5B0F5F62EF3AE981FE48B6C29D7BEAB2,malware,FannyWorm
FannyWorm_5BEC4783C551C46B15F7C5B20F94F4B9,C:\samples\malware\EquationGroup\Equation_KasperskyReport_and_Additionalsamples\AdditionalSamples\FannyWorm\FannyWorm_5BEC4783C551C46B15F7C5B20F94F4B9,malware,FannyWorm
FannyWorm_5DC172E2C96B79EA7D855339F1B2403C,C:\samples\malware\EquationGroup\Equation_KasperskyReport_and_Additionalsamples\AdditionalSamples\FannyWorm\FannyWorm_5DC172E2C96B79EA7D855339F1B2403C,malware,FannyWorm
FannyWorm_5E171B3A31279F9FCF21888AC0034B06,C:\samples\malware\EquationGroup\Equation_KasperskyReport_and_Additionalsamples\AdditionalSamples\FannyWorm\FannyWorm_5E171B3A31279F9FCF21888AC0034B06,malware,FannyWorm
FannyWorm_5F5ABBE2E637D4F0B8AFE7F2342C2942,C:\samples\malware\EquationGroup\Equation_KasperskyReport_and_Additionalsamples\AdditionalSamples\FannyWorm\FannyWorm_5F5ABBE2E637D4F0B8AFE7F2342C2942,malware,FannyWorm
FannyWorm_5FF0E69BF258375E7EEFCC5AC3BDCF24,C:\samples\malware\EquationGroup\Equation_KasperskyReport_and_Additionalsamples\AdditionalSamples\FannyWorm\FannyWorm_5FF0E69BF258375E7EEFCC5AC3BDCF24,malware,FannyWorm
FannyWorm_600984D541D399B1894745B917E5380B,C:\samples\malware\EquationGroup\Equation_KasperskyReport_and_Additionalsamples\AdditionalSamples\FannyWorm\FannyWorm_600984D541D399B1894745B917E5380B,malware,FannyWorm
FannyWorm_60D21EE6548DE4673CBDDEF2D779ED24,C:\samples\malware\EquationGroup\Equation_KasperskyReport_and_Additionalsamples\AdditionalSamples\FannyWorm\FannyWorm_60D21EE6548DE4673CBDDEF2D779ED24,malware,FannyWorm
FannyWorm_63B2F98548174142F92FDFD995A2C70A,C:\samples\malware\EquationGroup\Equation_KasperskyReport_and_Additionalsamples\AdditionalSamples\FannyWorm\FannyWorm_63B2F98548174142F92FDFD995A2C70A,malware,FannyWorm
FannyWorm_63ECB7FE79A5B541C35765CAF424A021,C:\samples\malware\EquationGroup\Equation_KasperskyReport_and_Additionalsamples\AdditionalSamples\FannyWorm\FannyWorm_63ECB7FE79A5B541C35765CAF424A021,malware,FannyWorm
FannyWorm_6436A4FB7A8F37AC934C275D325208E6,C:\samples\malware\EquationGroup\Equation_KasperskyReport_and_Additionalsamples\AdditionalSamples\FannyWorm\FannyWorm_6436A4FB7A8F37AC934C275D325208E6,malware,FannyWorm
FannyWorm_64A58CF7E810A77A5105D56B81AE8200,C:\samples\malware\EquationGroup\Equation_KasperskyReport_and_Additionalsamples\AdditionalSamples\FannyWorm\FannyWorm_64A58CF7E810A77A5105D56B81AE8200,malware,FannyWorm
FannyWorm_66A2A7AC521BE856DEED54FD8072D0E8,C:\samples\malware\EquationGroup\Equation_KasperskyReport_and_Additionalsamples\AdditionalSamples\FannyWorm\FannyWorm_66A2A7AC521BE856DEED54FD8072D0E8,malware,FannyWorm
FannyWorm_6814B21455DEB552DF3B452EF0551EC1,C:\samples\malware\EquationGroup\Equation_KasperskyReport_and_Additionalsamples\AdditionalSamples\FannyWorm\FannyWorm_6814B21455DEB552DF3B452EF0551EC1,malware,FannyWorm
FannyWorm_682C987506651FCAE56C32FFA1F70170,C:\samples\malware\EquationGroup\Equation_KasperskyReport_and_Additionalsamples\AdditionalSamples\FannyWorm\FannyWorm_682C987506651FCAE56C32FFA1F70170,malware,FannyWorm
FannyWorm_687F8BEC9484257500976C336E103A08,C:\samples\malware\EquationGroup\Equation_KasperskyReport_and_Additionalsamples\AdditionalSamples\FannyWorm\FannyWorm_687F8BEC9484257500976C336E103A08,malware,FannyWorm
FannyWorm_688526EDBEA2D61664EC629F6558365C,C:\samples\malware\EquationGroup\Equation_KasperskyReport_and_Additionalsamples\AdditionalSamples\FannyWorm\FannyWorm_688526EDBEA2D61664EC629F6558365C,malware,FannyWorm
FannyWorm_68892E329FA28FE751B9EB16928EA98D,C:\samples\malware\EquationGroup\Equation_KasperskyReport_and_Additionalsamples\AdditionalSamples\FannyWorm\FannyWorm_68892E329FA28FE751B9EB16928EA98D,malware,FannyWorm
FannyWorm_68E6EE88BA44ED0B9DE93D6812B5255E,C:\samples\malware\EquationGroup\Equation_KasperskyReport_and_Additionalsamples\AdditionalSamples\FannyWorm\FannyWorm_68E6EE88BA44ED0B9DE93D6812B5255E,malware,FannyWorm
FannyWorm_6DA22F42139A4A2365E7A9068D7B908A,C:\samples\malware\EquationGroup\Equation_KasperskyReport_and_Additionalsamples\AdditionalSamples\FannyWorm\FannyWorm_6DA22F42139A4A2365E7A9068D7B908A,malware,FannyWorm
FannyWorm_6DE614AD2B4D03F9DFCDF0251737D33D,C:\samples\malware\EquationGroup\Equation_KasperskyReport_and_Additionalsamples\AdditionalSamples\FannyWorm\FannyWorm_6DE614AD2B4D03F9DFCDF0251737D33D,malware,FannyWorm
FannyWorm_6E4F77DCDBB034CB4073D8C46BF23AE3,C:\samples\malware\EquationGroup\Equation_KasperskyReport_and_Additionalsamples\AdditionalSamples\FannyWorm\FannyWorm_6E4F77DCDBB034CB4073D8C46BF23AE3,malware,FannyWorm
FannyWorm_6F073003704CC5B5265A0A9F8EE851D1,C:\samples\malware\EquationGroup\Equation_KasperskyReport_and_Additionalsamples\AdditionalSamples\FannyWorm\FannyWorm_6F073003704CC5B5265A0A9F8EE851D1,malware,FannyWorm
FannyWorm_70B0214530810773E46AFA469A723CE3,C:\samples\malware\EquationGroup\Equation_KasperskyReport_and_Additionalsamples\AdditionalSamples\FannyWorm\FannyWorm_70B0214530810773E46AFA469A723CE3,malware,FannyWorm
FannyWorm_72312F1E2AE6900F169A2B7A88E14D93,C:\samples\malware\EquationGroup\Equation_KasperskyReport_and_Additionalsamples\AdditionalSamples\FannyWorm\FannyWorm_72312F1E2AE6900F169A2B7A88E14D93,malware,FannyWorm
FannyWorm_72B16929F43533AC4BF953D90A52EB37,C:\samples\malware\EquationGroup\Equation_KasperskyReport_and_Additionalsamples\AdditionalSamples\FannyWorm\FannyWorm_72B16929F43533AC4BF953D90A52EB37,malware,FannyWorm
FannyWorm_72F244452DF28865B37317369C33927D,C:\samples\malware\EquationGroup\Equation_KasperskyReport_and_Additionalsamples\AdditionalSamples\FannyWorm\FannyWorm_72F244452DF28865B37317369C33927D,malware,FannyWorm
FannyWorm_74621A05BAFB868BDA8AEB6562DD36DF,C:\samples\malware\EquationGroup\Equation_KasperskyReport_and_Additionalsamples\AdditionalSamples\FannyWorm\FannyWorm_74621A05BAFB868BDA8AEB6562DD36DF,malware,FannyWorm
FannyWorm_74AD35F0F4342F45038860CA0564AB8B,C:\samples\malware\EquationGroup\Equation_KasperskyReport_and_Additionalsamples\AdditionalSamples\FannyWorm\FannyWorm_74AD35F0F4342F45038860CA0564AB8B,malware,FannyWorm
FannyWorm_75AC44F173AF6ACE7CC06E8406B03D33,C:\samples\malware\EquationGroup\Equation_KasperskyReport_and_Additionalsamples\AdditionalSamples\FannyWorm\FannyWorm_75AC44F173AF6ACE7CC06E8406B03D33,malware,FannyWorm
FannyWorm_769C62FDD6E1D2C5D51094E2882886B0,C:\samples\malware\EquationGroup\Equation_KasperskyReport_and_Additionalsamples\AdditionalSamples\FannyWorm\FannyWorm_769C62FDD6E1D2C5D51094E2882886B0,malware,FannyWorm
FannyWorm_7808586DEC24D04567582F9CBD26EAD8,C:\samples\malware\EquationGroup\Equation_KasperskyReport_and_Additionalsamples\AdditionalSamples\FannyWorm\FannyWorm_7808586DEC24D04567582F9CBD26EAD8,malware,FannyWorm
FannyWorm_782E5C2D319063405414D4E55D3DCFB3,C:\samples\malware\EquationGroup\Equation_KasperskyReport_and_Additionalsamples\AdditionalSamples\FannyWorm\FannyWorm_782E5C2D319063405414D4E55D3DCFB3,malware,FannyWorm
FannyWorm_78B1FF3B04FAC35C890462225C5FBC49,C:\samples\malware\EquationGroup\Equation_KasperskyReport_and_Additionalsamples\AdditionalSamples\FannyWorm\FannyWorm_78B1FF3B04FAC35C890462225C5FBC49,malware,FannyWorm
FannyWorm_7CCCAF9B08301D2C2ACB647EA04CA8E1,C:\samples\malware\EquationGroup\Equation_KasperskyReport_and_Additionalsamples\AdditionalSamples\FannyWorm\FannyWorm_7CCCAF9B08301D2C2ACB647EA04CA8E1,malware,FannyWorm
FannyWorm_7E6348F56508E43C900265EE5297B577,C:\samples\malware\EquationGroup\Equation_KasperskyReport_and_Additionalsamples\AdditionalSamples\FannyWorm\FannyWorm_7E6348F56508E43C900265EE5297B577,malware,FannyWorm
FannyWorm_7FAABCE7D2564176480769A9D7B34A2C,C:\samples\malware\EquationGroup\Equation_KasperskyReport_and_Additionalsamples\AdditionalSamples\FannyWorm\FannyWorm_7FAABCE7D2564176480769A9D7B34A2C,malware,FannyWorm
FannyWorm_8010AF50404647200A7BB51DE08AB960,C:\samples\malware\EquationGroup\Equation_KasperskyReport_and_Additionalsamples\AdditionalSamples\FannyWorm\FannyWorm_8010AF50404647200A7BB51DE08AB960,malware,FannyWorm
FannyWorm_8051E04BAB3A6DB6226CC4D08890E934,C:\samples\malware\EquationGroup\Equation_KasperskyReport_and_Additionalsamples\AdditionalSamples\FannyWorm\FannyWorm_8051E04BAB3A6DB6226CC4D08890E934,malware,FannyWorm
FannyWorm_8568A1CFA314525F49C98FAFBF85D14B,C:\samples\malware\EquationGroup\Equation_KasperskyReport_and_Additionalsamples\AdditionalSamples\FannyWorm\FannyWorm_8568A1CFA314525F49C98FAFBF85D14B,malware,FannyWorm
FannyWorm_85CEE5AAA59CACAD80BF9792869845BA,C:\samples\malware\EquationGroup\Equation_KasperskyReport_and_Additionalsamples\AdditionalSamples\FannyWorm\FannyWorm_85CEE5AAA59CACAD80BF9792869845BA,malware,FannyWorm
FannyWorm_86D89BAC8A165FCE91426BF84EB7B7FC,C:\samples\malware\EquationGroup\Equation_KasperskyReport_and_Additionalsamples\AdditionalSamples\FannyWorm\FannyWorm_86D89BAC8A165FCE91426BF84EB7B7FC,malware,FannyWorm
FannyWorm_872E8E7C381FB805B87B88F31F77A772,C:\samples\malware\EquationGroup\Equation_KasperskyReport_and_Additionalsamples\AdditionalSamples\FannyWorm\FannyWorm_872E8E7C381FB805B87B88F31F77A772,malware,FannyWorm
FannyWorm_8738E487218905E86BF6AD7988929ECB,C:\samples\malware\EquationGroup\Equation_KasperskyReport_and_Additionalsamples\AdditionalSamples\FannyWorm\FannyWorm_8738E487218905E86BF6AD7988929ECB,malware,FannyWorm
FannyWorm_878A3D4B91875E10F032B58D5DA3DDF1,C:\samples\malware\EquationGroup\Equation_KasperskyReport_and_Additionalsamples\AdditionalSamples\FannyWorm\FannyWorm_878A3D4B91875E10F032B58D5DA3DDF1,malware,FannyWorm
FannyWorm_88E4147EFABA886FF16D6F058E8A25A6,C:\samples\malware\EquationGroup\Equation_KasperskyReport_and_Additionalsamples\AdditionalSamples\FannyWorm\FannyWorm_88E4147EFABA886FF16D6F058E8A25A6,malware,FannyWorm
FannyWorm_89C216DF6B2B1A335738847A1F1A6CBC,C:\samples\malware\EquationGroup\Equation_KasperskyReport_and_Additionalsamples\AdditionalSamples\FannyWorm\FannyWorm_89C216DF6B2B1A335738847A1F1A6CBC,malware,FannyWorm
FannyWorm_8A41A5AD3AE353F16FF2FD92E8046AC3,C:\samples\malware\EquationGroup\Equation_KasperskyReport_and_Additionalsamples\AdditionalSamples\FannyWorm\FannyWorm_8A41A5AD3AE353F16FF2FD92E8046AC3,malware,FannyWorm
FannyWorm_8AD46BB2D0BEF97548EBBED2F6EEA2E1,C:\samples\malware\EquationGroup\Equation_KasperskyReport_and_Additionalsamples\AdditionalSamples\FannyWorm\FannyWorm_8AD46BB2D0BEF97548EBBED2F6EEA2E1,malware,FannyWorm
FannyWorm_8B1FE26A399F54CEE44493859C6E82AC,C:\samples\malware\EquationGroup\Equation_KasperskyReport_and_Additionalsamples\AdditionalSamples\FannyWorm\FannyWorm_8B1FE26A399F54CEE44493859C6E82AC,malware,FannyWorm
FannyWorm_8BAADB392A85A187360FCA5A4E56E6CF,C:\samples\malware\EquationGroup\Equation_KasperskyReport_and_Additionalsamples\AdditionalSamples\FannyWorm\FannyWorm_8BAADB392A85A187360FCA5A4E56E6CF,malware,FannyWorm
FannyWorm_8BB0C5181D8AB57B879DEA3F987FBEDF,C:\samples\malware\EquationGroup\Equation_KasperskyReport_and_Additionalsamples\AdditionalSamples\FannyWorm\FannyWorm_8BB0C5181D8AB57B879DEA3F987FBEDF,malware,FannyWorm
FannyWorm_8C7EF91A96E75C3D05EA5E54A0E9356C,C:\samples\malware\EquationGroup\Equation_KasperskyReport_and_Additionalsamples\AdditionalSamples\FannyWorm\FannyWorm_8C7EF91A96E75C3D05EA5E54A0E9356C,malware,FannyWorm
FannyWorm_8E555220BD7F8C183ABF58071851E2B4,C:\samples\malware\EquationGroup\Equation_KasperskyReport_and_Additionalsamples\AdditionalSamples\FannyWorm\FannyWorm_8E555220BD7F8C183ABF58071851E2B4,malware,FannyWorm
FannyWorm_8FE19689CC16FEA06BDFC9C39C515FA3,C:\samples\malware\EquationGroup\Equation_KasperskyReport_and_Additionalsamples\AdditionalSamples\FannyWorm\FannyWorm_8FE19689CC16FEA06BDFC9C39C515FA3,malware,FannyWorm
FannyWorm_90C8A317CBA47D7E3525B69862DDEF58,C:\samples\malware\EquationGroup\Equation_KasperskyReport_and_Additionalsamples\AdditionalSamples\FannyWorm\FannyWorm_90C8A317CBA47D7E3525B69862DDEF58,malware,FannyWorm
FannyWorm_9120C2A26E1F4DC362CA338B8E014B20,C:\samples\malware\EquationGroup\Equation_KasperskyReport_and_Additionalsamples\AdditionalSamples\FannyWorm\FannyWorm_9120C2A26E1F4DC362CA338B8E014B20,malware,FannyWorm
FannyWorm_91B1F4A4FA5C26473AB678408EDCB913,C:\samples\malware\EquationGroup\Equation_KasperskyReport_and_Additionalsamples\AdditionalSamples\FannyWorm\FannyWorm_91B1F4A4FA5C26473AB678408EDCB913,malware,FannyWorm
FannyWorm_939706730193E6BCFEB991DE4387BD3F,C:\samples\malware\EquationGroup\Equation_KasperskyReport_and_Additionalsamples\AdditionalSamples\FannyWorm\FannyWorm_939706730193E6BCFEB991DE4387BD3F,malware,FannyWorm
FannyWorm_93B22ECC56A91F251D5E023A5C20B3A4,C:\samples\malware\EquationGroup\Equation_KasperskyReport_and_Additionalsamples\AdditionalSamples\FannyWorm\FannyWorm_93B22ECC56A91F251D5E023A5C20B3A4,malware,FannyWorm
FannyWorm_94271AE895E359B606252395DF952F5F,C:\samples\malware\EquationGroup\Equation_KasperskyReport_and_Additionalsamples\AdditionalSamples\FannyWorm\FannyWorm_94271AE895E359B606252395DF952F5F,malware,FannyWorm
FannyWorm_948603BD138DD8487FAAB3C0DA5EB573,C:\samples\malware\EquationGroup\Equation_KasperskyReport_and_Additionalsamples\AdditionalSamples\FannyWorm\FannyWorm_948603BD138DD8487FAAB3C0DA5EB573,malware,FannyWorm
FannyWorm_9563FD4AB7D619D565B47CD16104DC66,C:\samples\malware\EquationGroup\Equation_KasperskyReport_and_Additionalsamples\AdditionalSamples\FannyWorm\FannyWorm_9563FD4AB7D619D565B47CD16104DC66,malware,FannyWorm
FannyWorm_963A24B864524DFA64BA4310537CE0E1,C:\samples\malware\EquationGroup\Equation_KasperskyReport_and_Additionalsamples\AdditionalSamples\FannyWorm\FannyWorm_963A24B864524DFA64BA4310537CE0E1,malware,FannyWorm
FannyWorm_97B0A0EF6CB6B1EB8E325EB20BA0A8E3,C:\samples\malware\EquationGroup\Equation_KasperskyReport_and_Additionalsamples\AdditionalSamples\FannyWorm\FannyWorm_97B0A0EF6CB6B1EB8E325EB20BA0A8E3,malware,FannyWorm
FannyWorm_98E6B678B40329DAC41D8F42652C17A2,C:\samples\malware\EquationGroup\Equation_KasperskyReport_and_Additionalsamples\AdditionalSamples\FannyWorm\FannyWorm_98E6B678B40329DAC41D8F42652C17A2,malware,FannyWorm
FannyWorm_99E8D4F1D2069EF84D9725AA206D6BA7,C:\samples\malware\EquationGroup\Equation_KasperskyReport_and_Additionalsamples\AdditionalSamples\FannyWorm\FannyWorm_99E8D4F1D2069EF84D9725AA206D6BA7,malware,FannyWorm
FannyWorm_9A7165D3C7B84FE0E22881F653EADF7F,C:\samples\malware\EquationGroup\Equation_KasperskyReport_and_Additionalsamples\AdditionalSamples\FannyWorm\FannyWorm_9A7165D3C7B84FE0E22881F653EADF7F,malware,FannyWorm
FannyWorm_9FB98B0D1A5B38B6A89CB478943C285B,C:\samples\malware\EquationGroup\Equation_KasperskyReport_and_Additionalsamples\AdditionalSamples\FannyWorm\FannyWorm_9FB98B0D1A5B38B6A89CB478943C285B,malware,FannyWorm
FannyWorm_9FC2AA4D538B34651705B904C7823C6F,C:\samples\malware\EquationGroup\Equation_KasperskyReport_and_Additionalsamples\AdditionalSamples\FannyWorm\FannyWorm_9FC2AA4D538B34651705B904C7823C6F,malware,FannyWorm
FannyWorm_A00101CFC1EDD423CB34F758F8D0C62E,C:\samples\malware\EquationGroup\Equation_KasperskyReport_and_Additionalsamples\AdditionalSamples\FannyWorm\FannyWorm_A00101CFC1EDD423CB34F758F8D0C62E,malware,FannyWorm
FannyWorm_A2C52AD8F66A14F7979C6BAFC4978142,C:\samples\malware\EquationGroup\Equation_KasperskyReport_and_Additionalsamples\AdditionalSamples\FannyWorm\FannyWorm_A2C52AD8F66A14F7979C6BAFC4978142,malware,FannyWorm
FannyWorm_A397A581C20BF93EB5C22CAD5A2AFCDD,C:\samples\malware\EquationGroup\Equation_KasperskyReport_and_Additionalsamples\AdditionalSamples\FannyWorm\FannyWorm_A397A581C20BF93EB5C22CAD5A2AFCDD,malware,FannyWorm
FannyWorm_A43F67AF43730552864F84E2B051DEB4,C:\samples\malware\EquationGroup\Equation_KasperskyReport_and_Additionalsamples\AdditionalSamples\FannyWorm\FannyWorm_A43F67AF43730552864F84E2B051DEB4,malware,FannyWorm
FannyWorm_A498FCAC85DC2E97281781A08B1C1041,C:\samples\malware\EquationGroup\Equation_KasperskyReport_and_Additionalsamples\AdditionalSamples\FannyWorm\FannyWorm_A498FCAC85DC2E97281781A08B1C1041,malware,FannyWorm
FannyWorm_A4E2ED5FF620A786C2F2E15A5F8A2D2F,C:\samples\malware\EquationGroup\Equation_KasperskyReport_and_Additionalsamples\AdditionalSamples\FannyWorm\FannyWorm_A4E2ED5FF620A786C2F2E15A5F8A2D2F,malware,FannyWorm
FannyWorm_A5E169E47BA828DD68417875AA8C0C94,C:\samples\malware\EquationGroup\Equation_KasperskyReport_and_Additionalsamples\AdditionalSamples\FannyWorm\FannyWorm_A5E169E47BA828DD68417875AA8C0C94,malware,FannyWorm
FannyWorm_A5F2C5CA6B51A6BF48D795FB5AE63203,C:\samples\malware\EquationGroup\Equation_KasperskyReport_and_Additionalsamples\AdditionalSamples\FannyWorm\FannyWorm_A5F2C5CA6B51A6BF48D795FB5AE63203,malware,FannyWorm
FannyWorm_A5F389947F03902A5ABD742B61637363,C:\samples\malware\EquationGroup\Equation_KasperskyReport_and_Additionalsamples\AdditionalSamples\FannyWorm\FannyWorm_A5F389947F03902A5ABD742B61637363,malware,FannyWorm
FannyWorm_A62BE32440D0602C76A72F96235567AC,C:\samples\malware\EquationGroup\Equation_KasperskyReport_and_Additionalsamples\AdditionalSamples\FannyWorm\FannyWorm_A62BE32440D0602C76A72F96235567AC,malware,FannyWorm
FannyWorm_A67E937C6C33B0A9CD83946CCFA666CA,C:\samples\malware\EquationGroup\Equation_KasperskyReport_and_Additionalsamples\AdditionalSamples\FannyWorm\FannyWorm_A67E937C6C33B0A9CD83946CCFA666CA,malware,FannyWorm
FannyWorm_A68A56B4B3412E07436C7D195891E8BE,C:\samples\malware\EquationGroup\Equation_KasperskyReport_and_Additionalsamples\AdditionalSamples\FannyWorm\FannyWorm_A68A56B4B3412E07436C7D195891E8BE,malware,FannyWorm
FannyWorm_A76DC2F716AA5ED5CBBD23BBF1DE3005,C:\samples\malware\EquationGroup\Equation_KasperskyReport_and_Additionalsamples\AdditionalSamples\FannyWorm\FannyWorm_A76DC2F716AA5ED5CBBD23BBF1DE3005,malware,FannyWorm
FannyWorm_A7F4EEE46463BE30615903E395A323C5,C:\samples\malware\EquationGroup\Equation_KasperskyReport_and_Additionalsamples\AdditionalSamples\FannyWorm\FannyWorm_A7F4EEE46463BE30615903E395A323C5,malware,FannyWorm
FannyWorm_A801668543B30FCC3A254DE8183B2BA5,C:\samples\malware\EquationGroup\Equation_KasperskyReport_and_Additionalsamples\AdditionalSamples\FannyWorm\FannyWorm_A801668543B30FCC3A254DE8183B2BA5,malware,FannyWorm
FannyWorm_A82D41CFC3EE376D9252DD4912E35894,C:\samples\malware\EquationGroup\Equation_KasperskyReport_and_Additionalsamples\AdditionalSamples\FannyWorm\FannyWorm_A82D41CFC3EE376D9252DD4912E35894,malware,FannyWorm
FannyWorm_A84FD0164200AD1AD0E34EEE9C663949,C:\samples\malware\EquationGroup\Equation_KasperskyReport_and_Additionalsamples\AdditionalSamples\FannyWorm\FannyWorm_A84FD0164200AD1AD0E34EEE9C663949,malware,FannyWorm
FannyWorm_A8A973B3861C8D2F18039432B9F38335,C:\samples\malware\EquationGroup\Equation_KasperskyReport_and_Additionalsamples\AdditionalSamples\FannyWorm\FannyWorm_A8A973B3861C8D2F18039432B9F38335,malware,FannyWorm
FannyWorm_A95B2EC5B67F8FDDA547A4A5A4B85543,C:\samples\malware\EquationGroup\Equation_KasperskyReport_and_Additionalsamples\AdditionalSamples\FannyWorm\FannyWorm_A95B2EC5B67F8FDDA547A4A5A4B85543,malware,FannyWorm
FannyWorm_A96DC17D52986BB9BA201550D5D41186,C:\samples\malware\EquationGroup\Equation_KasperskyReport_and_Additionalsamples\AdditionalSamples\FannyWorm\FannyWorm_A96DC17D52986BB9BA201550D5D41186,malware,FannyWorm
FannyWorm_AAA06C8458F01BEDCAC5EC638C5C8B24,C:\samples\malware\EquationGroup\Equation_KasperskyReport_and_Additionalsamples\AdditionalSamples\FannyWorm\FannyWorm_AAA06C8458F01BEDCAC5EC638C5C8B24,malware,FannyWorm
FannyWorm_AB75C7BF5AD32AF82D331B5EE76F2ECA,C:\samples\malware\EquationGroup\Equation_KasperskyReport_and_Additionalsamples\AdditionalSamples\FannyWorm\FannyWorm_AB75C7BF5AD32AF82D331B5EE76F2ECA,malware,FannyWorm
FannyWorm_ABFF989FBA8B34539CDDBDFF0A79EE8D,C:\samples\malware\EquationGroup\Equation_KasperskyReport_and_Additionalsamples\AdditionalSamples\FannyWorm\FannyWorm_ABFF989FBA8B34539CDDBDFF0A79EE8D,malware,FannyWorm
FannyWorm_AC50C31D680C763CCE26B4D979A11A5C,C:\samples\malware\EquationGroup\Equation_KasperskyReport_and_Additionalsamples\AdditionalSamples\FannyWorm\FannyWorm_AC50C31D680C763CCE26B4D979A11A5C,malware,FannyWorm
FannyWorm_AC7A5C23B475E8BF54A1E60AE1A85F67,C:\samples\malware\EquationGroup\Equation_KasperskyReport_and_Additionalsamples\AdditionalSamples\FannyWorm\FannyWorm_AC7A5C23B475E8BF54A1E60AE1A85F67,malware,FannyWorm
FannyWorm_AE58E6C03D7339DA70D061399F6DEFF3,C:\samples\malware\EquationGroup\Equation_KasperskyReport_and_Additionalsamples\AdditionalSamples\FannyWorm\FannyWorm_AE58E6C03D7339DA70D061399F6DEFF3,malware,FannyWorm
FannyWorm_AF426F4980CE7E2F771742BEE1CC43DF,C:\samples\malware\EquationGroup\Equation_KasperskyReport_and_Additionalsamples\AdditionalSamples\FannyWorm\FannyWorm_AF426F4980CE7E2F771742BEE1CC43DF,malware,FannyWorm
FannyWorm_AF8F1BFCCB6530E41B2F19FF0DE8BAB5,C:\samples\malware\EquationGroup\Equation_KasperskyReport_and_Additionalsamples\AdditionalSamples\FannyWorm\FannyWorm_AF8F1BFCCB6530E41B2F19FF0DE8BAB5,malware,FannyWorm
FannyWorm_AFF10DD15B2D39C18AE9EE96511A9D83,C:\samples\malware\EquationGroup\Equation_KasperskyReport_and_Additionalsamples\AdditionalSamples\FannyWorm\FannyWorm_AFF10DD15B2D39C18AE9EE96511A9D83,malware,FannyWorm
FannyWorm_B11DBC0C4E98B4CA224C18344CC5191D,C:\samples\malware\EquationGroup\Equation_KasperskyReport_and_Additionalsamples\AdditionalSamples\FannyWorm\FannyWorm_B11DBC0C4E98B4CA224C18344CC5191D,malware,FannyWorm
FannyWorm_B1C4ED725CB3443D16BE55EE5F00DCBD,C:\samples\malware\EquationGroup\Equation_KasperskyReport_and_Additionalsamples\AdditionalSamples\FannyWorm\FannyWorm_B1C4ED725CB3443D16BE55EE5F00DCBD,malware,FannyWorm
FannyWorm_B1CCEB79F74D48C94CA7E680A609BC65,C:\samples\malware\EquationGroup\Equation_KasperskyReport_and_Additionalsamples\AdditionalSamples\FannyWorm\FannyWorm_B1CCEB79F74D48C94CA7E680A609BC65,malware,FannyWorm
FannyWorm_B322FB54B5E53F4EA93E04E5A2ABCCBC,C:\samples\malware\EquationGroup\Equation_KasperskyReport_and_Additionalsamples\AdditionalSamples\FannyWorm\FannyWorm_B322FB54B5E53F4EA93E04E5A2ABCCBC,malware,FannyWorm
FannyWorm_B38A91B1A5D23D418C5C6D6A0B066C30,C:\samples\malware\EquationGroup\Equation_KasperskyReport_and_Additionalsamples\AdditionalSamples\FannyWorm\FannyWorm_B38A91B1A5D23D418C5C6D6A0B066C30,malware,FannyWorm
FannyWorm_B4B05BB97521494B342DA8524A6181ED,C:\samples\malware\EquationGroup\Equation_KasperskyReport_and_Additionalsamples\AdditionalSamples\FannyWorm\FannyWorm_B4B05BB97521494B342DA8524A6181ED,malware,FannyWorm
FannyWorm_B5738307BAB3FBF4CF2BDD652B0AC88A,C:\samples\malware\EquationGroup\Equation_KasperskyReport_and_Additionalsamples\AdditionalSamples\FannyWorm\FannyWorm_B5738307BAB3FBF4CF2BDD652B0AC88A,malware,FannyWorm
FannyWorm_B59F5C408FBA0E2CF503E0942AC46C56,C:\samples\malware\EquationGroup\Equation_KasperskyReport_and_Additionalsamples\AdditionalSamples\FannyWorm\FannyWorm_B59F5C408FBA0E2CF503E0942AC46C56,malware,FannyWorm
FannyWorm_B747BB2EDC15A07CE61BCE4FD1A33EAD,C:\samples\malware\EquationGroup\Equation_KasperskyReport_and_Additionalsamples\AdditionalSamples\FannyWorm\FannyWorm_B747BB2EDC15A07CE61BCE4FD1A33EAD,malware,FannyWorm
FannyWorm_B78E9C9A49AA507CB1F905FDD455CA35,C:\samples\malware\EquationGroup\Equation_KasperskyReport_and_Additionalsamples\AdditionalSamples\FannyWorm\FannyWorm_B78E9C9A49AA507CB1F905FDD455CA35,malware,FannyWorm
FannyWorm_BA38163FC6E75BB6ACD73BC7CF89089B,C:\samples\malware\EquationGroup\Equation_KasperskyReport_and_Additionalsamples\AdditionalSamples\FannyWorm\FannyWorm_BA38163FC6E75BB6ACD73BC7CF89089B,malware,FannyWorm
FannyWorm_BA43976BB23531A9D4DC5F0AFD07327A,C:\samples\malware\EquationGroup\Equation_KasperskyReport_and_Additionalsamples\AdditionalSamples\FannyWorm\FannyWorm_BA43976BB23531A9D4DC5F0AFD07327A,malware,FannyWorm
FannyWorm_BAC9A35D7CDF8C217B51C189A7B7B2FD,C:\samples\malware\EquationGroup\Equation_KasperskyReport_and_Additionalsamples\AdditionalSamples\FannyWorm\FannyWorm_BAC9A35D7CDF8C217B51C189A7B7B2FD,malware,FannyWorm
FannyWorm_BB5AA3E042C802C294FA233C4DB41393,C:\samples\malware\EquationGroup\Equation_KasperskyReport_and_Additionalsamples\AdditionalSamples\FannyWorm\FannyWorm_BB5AA3E042C802C294FA233C4DB41393,malware,FannyWorm
FannyWorm_BCC5D198A60878C03A114E45ACDFE417,C:\samples\malware\EquationGroup\Equation_KasperskyReport_and_Additionalsamples\AdditionalSamples\FannyWorm\FannyWorm_BCC5D198A60878C03A114E45ACDFE417,malware,FannyWorm
FannyWorm_BD7A693767DE2EAE08B4C63AAA84DB43,C:\samples\malware\EquationGroup\Equation_KasperskyReport_and_Additionalsamples\AdditionalSamples\FannyWorm\FannyWorm_BD7A693767DE2EAE08B4C63AAA84DB43,malware,FannyWorm
FannyWorm_BD9E6F35DC7FE987EEFA048ADC94D346,C:\samples\malware\EquationGroup\Equation_KasperskyReport_and_Additionalsamples\AdditionalSamples\FannyWorm\FannyWorm_BD9E6F35DC7FE987EEFA048ADC94D346,malware,FannyWorm
FannyWorm_BDC3474D7A5566916DC0A2B3075D10BE,C:\samples\malware\EquationGroup\Equation_KasperskyReport_and_Additionalsamples\AdditionalSamples\FannyWorm\FannyWorm_BDC3474D7A5566916DC0A2B3075D10BE,malware,FannyWorm
FannyWorm_BED58D25C152BD5B4A9C022B5B863C72,C:\samples\malware\EquationGroup\Equation_KasperskyReport_and_Additionalsamples\AdditionalSamples\FannyWorm\FannyWorm_BED58D25C152BD5B4A9C022B5B863C72,malware,FannyWorm
FannyWorm_BFDE4B5CD6CC89C6996C5E30C36F0273,C:\samples\malware\EquationGroup\Equation_KasperskyReport_and_Additionalsamples\AdditionalSamples\FannyWorm\FannyWorm_BFDE4B5CD6CC89C6996C5E30C36F0273,malware,FannyWorm
FannyWorm_C05255625BB00EB12EAF95CB41FCC7F5,C:\samples\malware\EquationGroup\Equation_KasperskyReport_and_Additionalsamples\AdditionalSamples\FannyWorm\FannyWorm_C05255625BB00EB12EAF95CB41FCC7F5,malware,FannyWorm
FannyWorm_C1F171A7689958EB500079AB0185915F,C:\samples\malware\EquationGroup\Equation_KasperskyReport_and_Additionalsamples\AdditionalSamples\FannyWorm\FannyWorm_C1F171A7689958EB500079AB0185915F,malware,FannyWorm
FannyWorm_C303AFE1648D3B70591FEEFFE78125ED,C:\samples\malware\EquationGroup\Equation_KasperskyReport_and_Additionalsamples\AdditionalSamples\FannyWorm\FannyWorm_C303AFE1648D3B70591FEEFFE78125ED,malware,FannyWorm
FannyWorm_C3DA3234A3764CA81D694C3935BF55CF,C:\samples\malware\EquationGroup\Equation_KasperskyReport_and_Additionalsamples\AdditionalSamples\FannyWorm\FannyWorm_C3DA3234A3764CA81D694C3935BF55CF,malware,FannyWorm
DoubleFantasy_2A12630FF976BA0994143CA93FECD17F,C:\samples\malware\EquationGroup.DoubleFantasy\DoubleFantasy_2A12630FF976BA0994143CA93FECD17F,malware,EquationGroup.DoubleFantasy
EquationDrug_4556CE5EB007AF1DE5BD3B457F0B216D,C:\samples\malware\EquationGroup.EquationDrug\EquationDrug_4556CE5EB007AF1DE5BD3B457F0B216D,malware,EquationGroup.EquationDrug
EquationLaser_752AF597E6D9FD70396ACCC0B9013DBE,C:\samples\malware\EquationGroup.EquationLaser\EquationLaser_752AF597E6D9FD70396ACCC0B9013DBE,malware,EquationGroup.EquationLaser
Fanny_0A209AC0DE4AC033F31D6BA9191A8F7A,C:\samples\malware\EquationGroup.Fanny\Fanny_0A209AC0DE4AC033F31D6BA9191A8F7A,malware,EquationGroup.Fanny
GrayFish_9B1CA66AAB784DC5F1DFE635D8F8A904,C:\samples\malware\EquationGroup.GrayFish\GrayFish_9B1CA66AAB784DC5F1DFE635D8F8A904,malware,EquationGroup.GrayFish
GROK_24A6EC8EBF9C0867ED1C097F4A653B8D,C:\samples\malware\EquationGroup.GROK\GROK_24A6EC8EBF9C0867ED1C097F4A653B8D,malware,EquationGroup.GROK
TripleFantasy_9180D5AFFE1E5DF0717D7385E7F54386,C:\samples\malware\EquationGroup.TripleFantasy\TripleFantasy_9180D5AFFE1E5DF0717D7385E7F54386,malware,EquationGroup.TripleFantasy
FancyBear.GermanParliament,C:\samples\malware\FancyBear.GermanParliament\FancyBear.GermanParliament,malware,FancyBear.GermanParliament
BOTBINARY.EXE,C:\samples\malware\IllusionBot_May2007\illusion_bot\BOTBINARY.EXE,malware,illusion_bot
Build.exe,C:\samples\malware\IllusionBot_May2007\illusion_bot\Build.exe,malware,illusion_bot
dumped.exe,C:\samples\malware\Kelihos\dumped.exe,malware,Kelihos
file_4571518150a8181b403df4ae7ad54ce8b16ded0c.exe,C:\samples\malware\Kelihos\file_4571518150a8181b403df4ae7ad54ce8b16ded0c.exe,malware,Kelihos
dumped.exe,C:\samples\malware\Kelihos\kelihos\dumped.exe,malware,kelihos
file_4571518150a8181b403df4ae7ad54ce8b16ded0c.exe,C:\samples\malware\Kelihos\kelihos\file_4571518150a8181b403df4ae7ad54ce8b16ded0c.exe,malware,kelihos
Fake Intel (1).exe,C:\samples\malware\Kelihos\kelihos\9B68B45AFA269BA1B0C01749FA4B942F\Fake Intel (1).exe,malware,9B68B45AFA269BA1B0C01749FA4B942F
ArdamaxKeylogger_E33AF9E602CBB7AC3634C2608150DD18,C:\samples\malware\Keylogger.Ardamax\ArdamaxKeylogger_E33AF9E602CBB7AC3634C2608150DD18,malware,Keylogger.Ardamax
CretClient.exe.vir,C:\samples\malware\KRBanker\KRBanker\KRBanker\CretClient.exe.vir,malware,KRBanker
HDSetup.exe.vir,C:\samples\malware\KRBanker\KRBanker\KRBanker\HDSetup.exe.vir,malware,KRBanker
Install_LiveManagerPlayer.exe.vir,C:\samples\malware\KRBanker\KRBanker\KRBanker\Install_LiveManagerPlayer.exe.vir,malware,KRBanker
1.vir,C:\samples\malware\KRBanker\KRBanker_20130523\1.vir,malware,KRBanker_20130523
2.unpacked.vir,C:\samples\malware\KRBanker\KRBanker_20130523\2.unpacked.vir,malware,KRBanker_20130523
2.vir,C:\samples\malware\KRBanker\KRBanker_20130523\2.vir,malware,KRBanker_20130523
3.vir,C:\samples\malware\KRBanker\KRBanker_20130523\3.vir,malware,KRBanker_20130523
the_zeus_binary_chapros,C:\samples\malware\Linux.Chapros.A\Linux.Chapros.A\the_zeus_binary_chapros,malware,Linux.Chapros.A
011fe9974f07cb12ba30e69e7a84e5cb489ce14a81bced59a11031fc0c3681b7,C:\samples\malware\MustangPanda_20230922\MustangPanda_20230922\011fe9974f07cb12ba30e69e7a84e5cb489ce14a81bced59a11031fc0c3681b7,malware,MustangPanda_20230922
12534f7014b3338d8f9f86ff1bbeacf8c80ad03f1d0d19077ff0e406c58b5133,C:\samples\malware\MustangPanda_20230922\MustangPanda_20230922\12534f7014b3338d8f9f86ff1bbeacf8c80ad03f1d0d19077ff0e406c58b5133,malware,MustangPanda_20230922
1874b20e3e802406c594341699c5863a2c07c4c79cf762888ee28142af83547f,C:\samples\malware\MustangPanda_20230922\MustangPanda_20230922\1874b20e3e802406c594341699c5863a2c07c4c79cf762888ee28142af83547f,malware,MustangPanda_20230922
31eb1de7e840a342fd468e558e5ab627bcb4c542a8fe01aec4d5ba01d539a0fc,C:\samples\malware\MustangPanda_20230922\MustangPanda_20230922\31eb1de7e840a342fd468e558e5ab627bcb4c542a8fe01aec4d5ba01d539a0fc,malware,MustangPanda_20230922
3c2fe308c0a563e06263bbacf793bbe9b2259d795fcc36b953793a7e499e7f71,C:\samples\malware\MustangPanda_20230922\MustangPanda_20230922\3c2fe308c0a563e06263bbacf793bbe9b2259d795fcc36b953793a7e499e7f71,malware,MustangPanda_20230922
4a8b7cfb2e33aa079ba51166591c7a210ad8b3c7c7f242fccf8cb2e71e8e40d5,C:\samples\malware\MustangPanda_20230922\MustangPanda_20230922\4a8b7cfb2e33aa079ba51166591c7a210ad8b3c7c7f242fccf8cb2e71e8e40d5,malware,MustangPanda_20230922
64ab1c1b19682026900d060b969ab3c3ab860988733b7e7bf3ba78a4ea0340b9,C:\samples\malware\MustangPanda_20230922\MustangPanda_20230922\64ab1c1b19682026900d060b969ab3c3ab860988733b7e7bf3ba78a4ea0340b9,malware,MustangPanda_20230922
66b7983831cbb952ceeb1ffff608880f1805f1df0b062cef4c17b258b7f478ce,C:\samples\malware\MustangPanda_20230922\MustangPanda_20230922\66b7983831cbb952ceeb1ffff608880f1805f1df0b062cef4c17b258b7f478ce,malware,MustangPanda_20230922
8129bd45466c2676b248c08bb0efcd9ccc8b684abf3435e290fcf4739c0a439f,C:\samples\malware\MustangPanda_20230922\MustangPanda_20230922\8129bd45466c2676b248c08bb0efcd9ccc8b684abf3435e290fcf4739c0a439f,malware,MustangPanda_20230922
8445aa54adf4d666e65084909a7b989a190ec6eca2844546c2e99a8cfb832fad,C:\samples\malware\MustangPanda_20230922\MustangPanda_20230922\8445aa54adf4d666e65084909a7b989a190ec6eca2844546c2e99a8cfb832fad,malware,MustangPanda_20230922
86140e6770fbd0cc6988f025d52bb4f59c0d78213c75451b42c9f812fe1a9354,C:\samples\malware\MustangPanda_20230922\MustangPanda_20230922\86140e6770fbd0cc6988f025d52bb4f59c0d78213c75451b42c9f812fe1a9354,malware,MustangPanda_20230922
a08e0d1839b86d0d56a52d07123719211a3c3d43a6aa05aa34531a72ed1207dc,C:\samples\malware\MustangPanda_20230922\MustangPanda_20230922\a08e0d1839b86d0d56a52d07123719211a3c3d43a6aa05aa34531a72ed1207dc,malware,MustangPanda_20230922
b000a0095a8fda38227103f253b6d79134b862a83df50315d7d9c5b537fd994b,C:\samples\malware\MustangPanda_20230922\MustangPanda_20230922\b000a0095a8fda38227103f253b6d79134b862a83df50315d7d9c5b537fd994b,malware,MustangPanda_20230922
conficker,C:\samples\malware\Net-Worm.Win32.Kido\conficker,malware,Net-Worm.Win32.Kido
build_4_17_2014_id29303.bin,C:\samples\malware\Neurevt.1.7.0.1\changeme\Binary 1.7\build_4_17_2014_id29303.bin,malware,Binary 1.7
MiniConfigBuilder.exe,C:\samples\malware\Neurevt.1.7.0.1\changeme\Tools\MiniConfigBuilder.exe,malware,Tools
UpdateCheck.exe,C:\samples\malware\Neurevt.1.7.0.1\changeme\Tools\UpdateCheck.exe,malware,Tools
2a1f5a04025b7837d187ed8e9aaab7b5fff607327866e9bc9e5da83a84b56dda.bin,C:\samples\malware\Nitlove\2a1f5a04025b7837d187ed8e9aaab7b5fff607327866e9bc9e5da83a84b56dda.bin,malware,Nitlove
sample.exe,C:\samples\malware\Nivdort\sample.exe,malware,Nivdort
Mono.Cecil.dll,C:\samples\malware\njRAT-v0.6.4\njRAT-v0.6.4\Mono.Cecil.dll,malware,njRAT-v0.6.4
NAudio.dll,C:\samples\malware\njRAT-v0.6.4\njRAT-v0.6.4\NAudio.dll,malware,njRAT-v0.6.4
njRAT.exe,C:\samples\malware\njRAT-v0.6.4\njRAT-v0.6.4\njRAT.exe,malware,njRAT-v0.6.4
cam.dll,C:\samples\malware\njRAT-v0.6.4\njRAT-v0.6.4\Plugin\cam.dll,malware,Plugin
ch.dll,C:\samples\malware\njRAT-v0.6.4\njRAT-v0.6.4\Plugin\ch.dll,malware,Plugin
fm.dll,C:\samples\malware\njRAT-v0.6.4\njRAT-v0.6.4\Plugin\fm.dll,malware,Plugin
Mic.dll,C:\samples\malware\njRAT-v0.6.4\njRAT-v0.6.4\Plugin\Mic.dll,malware,Plugin
pw.dll,C:\samples\malware\njRAT-v0.6.4\njRAT-v0.6.4\Plugin\pw.dll,malware,Plugin
sc2.dll,C:\samples\malware\njRAT-v0.6.4\njRAT-v0.6.4\Plugin\sc2.dll,malware,Plugin
6B97B3CD2FCFB4B74985143230441463_Gadget.exe_,C:\samples\malware\PlugX\6B97B3CD2FCFB4B74985143230441463_Gadget.exe_,malware,PlugX
901FA02FFD43DE5B2D7C8C6B8C2F6A43_SideBar.dll_,C:\samples\malware\PlugX\901FA02FFD43DE5B2D7C8C6B8C2F6A43_SideBar.dll_,malware,PlugX
C116CD083284CC599C024C3479CA9B70_2.tmp_,C:\samples\malware\PlugX\C116CD083284CC599C024C3479CA9B70_2.tmp_,malware,PlugX
PlugX_3C74A85C2CF883BD9D4B9F8B9746030F_DW20.dll_,C:\samples\malware\PlugX\PlugX_3C74A85C2CF883BD9D4B9F8B9746030F_DW20.dll_,malware,PlugX
Potao_1stVersion_0C7183D761F15772B7E9C788BE601D29,C:\samples\malware\PotaoExpress\Potao Express\Potao_1stVersion\Potao_1stVersion_0C7183D761F15772B7E9C788BE601D29,malware,Potao_1stVersion
Potao_1stVersion_14634D446471B9E2F55158D9AC09D0B2,C:\samples\malware\PotaoExpress\Potao Express\Potao_1stVersion\Potao_1stVersion_14634D446471B9E2F55158D9AC09D0B2,malware,Potao_1stVersion
Potao_1stVersion_3B7D88A069631111D5585B1B10CCCC86,C:\samples\malware\PotaoExpress\Potao Express\Potao_1stVersion\Potao_1stVersion_3B7D88A069631111D5585B1B10CCCC86,malware,Potao_1stVersion
Potao_1stVersion_502F35002B1A95F1AE135BAFF6CFF836,C:\samples\malware\PotaoExpress\Potao Express\Potao_1stVersion\Potao_1stVersion_502F35002B1A95F1AE135BAFF6CFF836,malware,Potao_1stVersion
Potao_1stVersion_85B0E3264820008A30F17CA19332FA19,C:\samples\malware\PotaoExpress\Potao Express\Potao_1stVersion\Potao_1stVersion_85B0E3264820008A30F17CA19332FA19,malware,Potao_1stVersion
Potao_1stVersion_A35E48909A49334A7EBB5448A78DCFF9,C:\samples\malware\PotaoExpress\Potao Express\Potao_1stVersion\Potao_1stVersion_A35E48909A49334A7EBB5448A78DCFF9,malware,Potao_1stVersion
Potao_1stVersion_A446CED5DB1DE877CF78F77741E2A804,C:\samples\malware\PotaoExpress\Potao Express\Potao_1stVersion\Potao_1stVersion_A446CED5DB1DE877CF78F77741E2A804,malware,Potao_1stVersion
Potao_1stVersion_AC854A3C91D52BFC09605506E76975AE,C:\samples\malware\PotaoExpress\Potao Express\Potao_1stVersion\Potao_1stVersion_AC854A3C91D52BFC09605506E76975AE,malware,Potao_1stVersion
Potao_1stVersion_D1658B792DD1569ABC27966083F59D44,C:\samples\malware\PotaoExpress\Potao Express\Potao_1stVersion\Potao_1stVersion_D1658B792DD1569ABC27966083F59D44,malware,Potao_1stVersion
Potao_1stVersion_D939A05E1E3C9D7B6127D503C025DBC4,C:\samples\malware\PotaoExpress\Potao Express\Potao_1stVersion\Potao_1stVersion_D939A05E1E3C9D7B6127D503C025DBC4,malware,Potao_1stVersion
Potao_DebugVersion_5199FCD031987834ED3121FB316F4970,C:\samples\malware\PotaoExpress\Potao Express\Potao_DebugVersion\Potao_DebugVersion_5199FCD031987834ED3121FB316F4970,malware,Potao_DebugVersion
Potao_DebugVersion_7263A328F0D47C76B4E103546B648484,C:\samples\malware\PotaoExpress\Potao Express\Potao_DebugVersion\Potao_DebugVersion_7263A328F0D47C76B4E103546B648484,malware,Potao_DebugVersion
Potao_DebugVersion_BDC9255DF5385F534FEA83B497C371C8,C:\samples\malware\PotaoExpress\Potao Express\Potao_DebugVersion\Potao_DebugVersion_BDC9255DF5385F534FEA83B497C371C8,malware,Potao_DebugVersion
Potao_Droppersfrompostalsites_07E99B2F572B84AF5C4504C23F1653BB,C:\samples\malware\PotaoExpress\Potao Express\Potao_Droppersfrompostalsites\Potao_Droppersfrompostalsites_07E99B2F572B84AF5C4504C23F1653BB,malware,Potao_Droppersfrompostalsites
Potao_Droppersfrompostalsites_1927A80CD45F0D27B1AE034C11DDEDB0,C:\samples\malware\PotaoExpress\Potao Express\Potao_Droppersfrompostalsites\Potao_Droppersfrompostalsites_1927A80CD45F0D27B1AE034C11DDEDB0,malware,Potao_Droppersfrompostalsites
Potao_Droppersfrompostalsites_579AD4A596602A10B7CF4659B6B6909D,C:\samples\malware\PotaoExpress\Potao Express\Potao_Droppersfrompostalsites\Potao_Droppersfrompostalsites_579AD4A596602A10B7CF4659B6B6909D,malware,Potao_Droppersfrompostalsites
Potao_Droppersfrompostalsites_65F494580C95E10541D1F377C0A7BD49,C:\samples\malware\PotaoExpress\Potao Express\Potao_Droppersfrompostalsites\Potao_Droppersfrompostalsites_65F494580C95E10541D1F377C0A7BD49,malware,Potao_Droppersfrompostalsites
Potao_Droppersfrompostalsites_A4B0615CB639607E6905437DD900C059,C:\samples\malware\PotaoExpress\Potao Express\Potao_Droppersfrompostalsites\Potao_Droppersfrompostalsites_A4B0615CB639607E6905437DD900C059,malware,Potao_Droppersfrompostalsites
Potao_Droppersfrompostalsites_E64EB8B571F655B744C9154D8032CAEF,C:\samples\malware\PotaoExpress\Potao Express\Potao_Droppersfrompostalsites\Potao_Droppersfrompostalsites_E64EB8B571F655B744C9154D8032CAEF,malware,Potao_Droppersfrompostalsites
Potao_Dropperswdecoy_5A24A7370F35DBDBB81ADF52E769A442,C:\samples\malware\PotaoExpress\Potao Express\Potao_Dropperswdecoy\Potao_Dropperswdecoy_5A24A7370F35DBDBB81ADF52E769A442,malware,Potao_Dropperswdecoy
Potao_Dropperswdecoy_73E7EE83133A175B815059F1AF79AB1B,C:\samples\malware\PotaoExpress\Potao Express\Potao_Dropperswdecoy\Potao_Dropperswdecoy_73E7EE83133A175B815059F1AF79AB1B,malware,Potao_Dropperswdecoy
Potao_Dropperswdecoy_B4D909077AA25F31386722E716A5305C,C:\samples\malware\PotaoExpress\Potao Express\Potao_Dropperswdecoy\Potao_Dropperswdecoy_B4D909077AA25F31386722E716A5305C,malware,Potao_Dropperswdecoy
Potao_Dropperswdecoy_D755E52BA5658A639C778C22D1A906A3,C:\samples\malware\PotaoExpress\Potao Express\Potao_Dropperswdecoy\Potao_Dropperswdecoy_D755E52BA5658A639C778C22D1A906A3,malware,Potao_Dropperswdecoy
Potao_Dropperswdecoy_EEBBCB1ED5F5606AEC296168DEE39166,C:\samples\malware\PotaoExpress\Potao Express\Potao_Dropperswdecoy\Potao_Dropperswdecoy_EEBBCB1ED5F5606AEC296168DEE39166,malware,Potao_Dropperswdecoy
Potao_Dropperswdecoy_FC4B285088413127B6D827656B9D0481,C:\samples\malware\PotaoExpress\Potao Express\Potao_Dropperswdecoy\Potao_Dropperswdecoy_FC4B285088413127B6D827656B9D0481,malware,Potao_Dropperswdecoy
Potao_FakeTrueCryptextracted exe_7CA6101C2AE4838FBBD7CEB0B2354E43,C:\samples\malware\PotaoExpress\Potao Express\Potao_FakeTrueCryptextracted exe\Potao_FakeTrueCryptextracted exe_7CA6101C2AE4838FBBD7CEB0B2354E43,malware,Potao_FakeTrueCryptextracted exe
Potao_FakeTrueCryptextracted exe_B64DBE5817B24D17A0404E9B2606AD96,C:\samples\malware\PotaoExpress\Potao Express\Potao_FakeTrueCryptextracted exe\Potao_FakeTrueCryptextracted exe_B64DBE5817B24D17A0404E9B2606AD96,malware,Potao_FakeTrueCryptextracted exe
Potao_FakeTrueCryptextracted exe_C1F715FF0AFC78AF81D215D485CC235C,C:\samples\malware\PotaoExpress\Potao Express\Potao_FakeTrueCryptextracted exe\Potao_FakeTrueCryptextracted exe_C1F715FF0AFC78AF81D215D485CC235C,malware,Potao_FakeTrueCryptextracted exe
Potao_FakeTrueCryptextracted exe_F64704ED25F4C728AF996EEE3EE85411,C:\samples\malware\PotaoExpress\Potao Express\Potao_FakeTrueCryptextracted exe\Potao_FakeTrueCryptextracted exe_F64704ED25F4C728AF996EEE3EE85411,malware,Potao_FakeTrueCryptextracted exe
Potao_FakeTrueCryptSetup_83F3EC97A95595EBE40A75E94C98A7BD,C:\samples\malware\PotaoExpress\Potao Express\Potao_FakeTrueCryptSetup\Potao_FakeTrueCryptSetup_83F3EC97A95595EBE40A75E94C98A7BD,malware,Potao_FakeTrueCryptSetup
Potao_FakeTrueCryptSetup_BABD17701CBE876149DC07E68EC7CA4F,C:\samples\malware\PotaoExpress\Potao Express\Potao_FakeTrueCryptSetup\Potao_FakeTrueCryptSetup_BABD17701CBE876149DC07E68EC7CA4F,malware,Potao_FakeTrueCryptSetup
Potao_FakeTrueCryptSetup_CFC8901FE6A9A8299087BFC73AE8909E,C:\samples\malware\PotaoExpress\Potao Express\Potao_FakeTrueCryptSetup\Potao_FakeTrueCryptSetup_CFC8901FE6A9A8299087BFC73AE8909E,malware,Potao_FakeTrueCryptSetup
Potao_FakeTrueCryptSetup_F34B77F7B2233EE6F727D59FB28F438A,C:\samples\malware\PotaoExpress\Potao Express\Potao_FakeTrueCryptSetup\Potao_FakeTrueCryptSetup_F34B77F7B2233EE6F727D59FB28F438A,malware,Potao_FakeTrueCryptSetup
Potao_OtherDroppers_02D438DF779AFFDDAF02CA995C60CECB,C:\samples\malware\PotaoExpress\Potao Express\Potao_OtherDroppers\Potao_OtherDroppers_02D438DF779AFFDDAF02CA995C60CECB,malware,Potao_OtherDroppers
Potao_OtherDroppers_043F99A875424CA0023A21739DBA51EF,C:\samples\malware\PotaoExpress\Potao Express\Potao_OtherDroppers\Potao_OtherDroppers_043F99A875424CA0023A21739DBA51EF,malware,Potao_OtherDroppers
Potao_OtherDroppers_11B4E7EA6BAE19A29343AE3FF3FB00CA,C:\samples\malware\PotaoExpress\Potao Express\Potao_OtherDroppers\Potao_OtherDroppers_11B4E7EA6BAE19A29343AE3FF3FB00CA,malware,Potao_OtherDroppers
Potao_OtherDroppers_1AB8D45656E245ACA4E59AA0519F6BA0,C:\samples\malware\PotaoExpress\Potao Express\Potao_OtherDroppers\Potao_OtherDroppers_1AB8D45656E245ACA4E59AA0519F6BA0,malware,Potao_OtherDroppers
Potao_OtherDroppers_27D74523B182AE630C4E5236897E11F3,C:\samples\malware\PotaoExpress\Potao Express\Potao_OtherDroppers\Potao_OtherDroppers_27D74523B182AE630C4E5236897E11F3,malware,Potao_OtherDroppers
Potao_OtherDroppers_360DF4C2F2B99052C07E08EDBE15AB2C,C:\samples\malware\PotaoExpress\Potao Express\Potao_OtherDroppers\Potao_OtherDroppers_360DF4C2F2B99052C07E08EDBE15AB2C,malware,Potao_OtherDroppers
Potao_OtherDroppers_38E708FEA8016520CB25D3CB933F2244,C:\samples\malware\PotaoExpress\Potao Express\Potao_OtherDroppers\Potao_OtherDroppers_38E708FEA8016520CB25D3CB933F2244,malware,Potao_OtherDroppers
Potao_OtherDroppers_6BA88E8E74B12C914483C026AE92EB42,C:\samples\malware\PotaoExpress\Potao Express\Potao_OtherDroppers\Potao_OtherDroppers_6BA88E8E74B12C914483C026AE92EB42,malware,Potao_OtherDroppers
Potao_OtherDroppers_89A3EA3967745E04199EBF222494452E,C:\samples\malware\PotaoExpress\Potao Express\Potao_OtherDroppers\Potao_OtherDroppers_89A3EA3967745E04199EBF222494452E,malware,Potao_OtherDroppers
Potao_USBSpreaders_057028E46EA797834DA401E4DB7C860A,C:\samples\malware\PotaoExpress\Potao Express\Potao_USBSpreaders\Potao_USBSpreaders_057028E46EA797834DA401E4DB7C860A,malware,Potao_USBSpreaders
Potao_USBSpreaders_1234BF4F0F5DEBC800D85C1BD2255671,C:\samples\malware\PotaoExpress\Potao Express\Potao_USBSpreaders\Potao_USBSpreaders_1234BF4F0F5DEBC800D85C1BD2255671,malware,Potao_USBSpreaders
Potao_USBSpreaders_2646F7159E1723F089D63E08C8BFAFFB,C:\samples\malware\PotaoExpress\Potao Express\Potao_USBSpreaders\Potao_USBSpreaders_2646F7159E1723F089D63E08C8BFAFFB,malware,Potao_USBSpreaders
Potao_USBSpreaders_2BD0D2B5EE4E93717EA71445B102E38E,C:\samples\malware\PotaoExpress\Potao Express\Potao_USBSpreaders\Potao_USBSpreaders_2BD0D2B5EE4E93717EA71445B102E38E,malware,Potao_USBSpreaders
Potao_USBSpreaders_35724E234F6258E601257FB219DB9079,C:\samples\malware\PotaoExpress\Potao Express\Potao_USBSpreaders\Potao_USBSpreaders_35724E234F6258E601257FB219DB9079,malware,Potao_USBSpreaders
Potao_USBSpreaders_3813B848162261CC5982DD64C741B450,C:\samples\malware\PotaoExpress\Potao Express\Potao_USBSpreaders\Potao_USBSpreaders_3813B848162261CC5982DD64C741B450,malware,Potao_USBSpreaders
Potao_USBSpreaders_39B67CC6DAE5214328022C44F28CED8B,C:\samples\malware\PotaoExpress\Potao Express\Potao_USBSpreaders\Potao_USBSpreaders_39B67CC6DAE5214328022C44F28CED8B,malware,Potao_USBSpreaders
Potao_USBSpreaders_514423670DE210F13092D6CB8916748E,C:\samples\malware\PotaoExpress\Potao Express\Potao_USBSpreaders\Potao_USBSpreaders_514423670DE210F13092D6CB8916748E,malware,Potao_USBSpreaders
Potao_USBSpreaders_542B00F903F945AD3A9291CB0AF73446,C:\samples\malware\PotaoExpress\Potao Express\Potao_USBSpreaders\Potao_USBSpreaders_542B00F903F945AD3A9291CB0AF73446,malware,Potao_USBSpreaders
Potao_USBSpreaders_609ABB2A86C324BBB9BA1E253595E573,C:\samples\malware\PotaoExpress\Potao Express\Potao_USBSpreaders\Potao_USBSpreaders_609ABB2A86C324BBB9BA1E253595E573,malware,Potao_USBSpreaders
Potao_USBSpreaders_76DDA7CA15323FD658054E0550149B7B,C:\samples\malware\PotaoExpress\Potao Express\Potao_USBSpreaders\Potao_USBSpreaders_76DDA7CA15323FD658054E0550149B7B,malware,Potao_USBSpreaders
Potao_USBSpreaders_9179F4683ECE450C1AC7A819B32BDB6D,C:\samples\malware\PotaoExpress\Potao Express\Potao_USBSpreaders\Potao_USBSpreaders_9179F4683ECE450C1AC7A819B32BDB6D,malware,Potao_USBSpreaders
Potao_USBSpreaders_A2BB01B764491DD61FA3A7BA5AFC709C,C:\samples\malware\PotaoExpress\Potao Express\Potao_USBSpreaders\Potao_USBSpreaders_A2BB01B764491DD61FA3A7BA5AFC709C,malware,Potao_USBSpreaders
Potao_USBSpreaders_A427FF7ABB17AF6CF5FB70C49E9BF4E1,C:\samples\malware\PotaoExpress\Potao Express\Potao_USBSpreaders\Potao_USBSpreaders_A427FF7ABB17AF6CF5FB70C49E9BF4E1,malware,Potao_USBSpreaders
Potao_USBSpreaders_A59053CC3F66E72540634EB7895824AC,C:\samples\malware\PotaoExpress\Potao Express\Potao_USBSpreaders\Potao_USBSpreaders_A59053CC3F66E72540634EB7895824AC,malware,Potao_USBSpreaders
Potao_USBSpreaders_ABB9F4FAB64DD7A03574ABDD1076B5EA,C:\samples\malware\PotaoExpress\Potao Express\Potao_USBSpreaders\Potao_USBSpreaders_ABB9F4FAB64DD7A03574ABDD1076B5EA,malware,Potao_USBSpreaders
Potao_USBSpreaders_AE552FC43F1BA8684655D8BF8C6AF869,C:\samples\malware\PotaoExpress\Potao Express\Potao_USBSpreaders\Potao_USBSpreaders_AE552FC43F1BA8684655D8BF8C6AF869,malware,Potao_USBSpreaders
Potao_USBSpreaders_CA1A3618088F91B8FB2A30C9A9AA4ACA,C:\samples\malware\PotaoExpress\Potao Express\Potao_USBSpreaders\Potao_USBSpreaders_CA1A3618088F91B8FB2A30C9A9AA4ACA,malware,Potao_USBSpreaders
Potao_USBSpreaders_CDC60EB93B594FB5E7E5895E2B441240,C:\samples\malware\PotaoExpress\Potao Express\Potao_USBSpreaders\Potao_USBSpreaders_CDC60EB93B594FB5E7E5895E2B441240,malware,Potao_USBSpreaders
Potao_USBSpreaders_E685EA8B37F707F3706D7281B8F6816A,C:\samples\malware\PotaoExpress\Potao Express\Potao_USBSpreaders\Potao_USBSpreaders_E685EA8B37F707F3706D7281B8F6816A,malware,Potao_USBSpreaders
dropper.ex_,C:\samples\malware\Poweliks\dropper.ex_,malware,Poweliks
payload.dll,C:\samples\malware\Poweliks\payload.dll,malware,Poweliks
unpacked_dropper.ex_,C:\samples\malware\Poweliks\unpacked_dropper.ex_,malware,Poweliks
cerber.exe,C:\samples\malware\Ransomware.Cerber\cerber.exe,malware,Ransomware.Cerber
cryptowall.bin,C:\samples\malware\Ransomware.Cryptowall\cryptowall.bin,malware,Ransomware.Cryptowall
jigsaw,C:\samples\malware\Ransomware.Jigsaw\jigsaw,malware,Ransomware.Jigsaw
Locky,C:\samples\malware\Ransomware.Locky\Locky,malware,Ransomware.Locky
131.exe,C:\samples\malware\Ransomware.Mamba\131.exe,malware,Ransomware.Mamba
Matsnu-MBRwipingRansomware_1B2D2A4B97C7C2727D571BBF9376F54F_Inkasso Rechnung vom 27.05.2013 .com_,C:\samples\malware\Ransomware.Matsnu\Matsnu-MBRwipingRansomware_1B2D2A4B97C7C2727D571BBF9376F54F_Inkasso Rechnung vom 27.05.2013 .com_,malware,Ransomware.Matsnu
027cc450ef5f8c5f653329641ec1fed9.exe,C:\samples\malware\Ransomware.Petrwrap\027cc450ef5f8c5f653329641ec1fed9.exe,malware,Ransomware.Petrwrap
svchost.exe,C:\samples\malware\Ransomware.Petrwrap\svchost.exe,malware,Ransomware.Petrwrap
26b4699a7b9eeb16e76305d843d4ab05e94d43f3201436927e13b3ebafa90739.bin,C:\samples\malware\Ransomware.Petya\26b4699a7b9eeb16e76305d843d4ab05e94d43f3201436927e13b3ebafa90739.bin,malware,Ransomware.Petya
4c1dc737915d76b7ce579abddaba74ead6fdb5b519a1ea45308b8c49b950655c.bin,C:\samples\malware\Ransomware.Petya\4c1dc737915d76b7ce579abddaba74ead6fdb5b519a1ea45308b8c49b950655c.bin,malware,Ransomware.Petya
DUMP_00A10000-00A1D000.exe.ViR,C:\samples\malware\Ransomware.Radamant\DUMP_00A10000-00A1D000.exe.ViR,malware,Ransomware.Radamant
1001a8c7f33185217e6e1bdbb8dba9780d475da944684fb4bf1fc04809525887,C:\samples\malware\Ransomware.RedBoot\1001a8c7f33185217e6e1bdbb8dba9780d475da944684fb4bf1fc04809525887,malware,Ransomware.RedBoot
683a09da219918258c58a7f61f7dc4161a3a7a377cf82a31b840baabfb9a4a96.bin,C:\samples\malware\Ransomware.Satana\683a09da219918258c58a7f61f7dc4161a3a7a377cf82a31b840baabfb9a4a96.bin,malware,Ransomware.Satana
unpacked.mem,C:\samples\malware\Ransomware.Satana\unpacked.mem,malware,Ransomware.Satana
3372c1edab46837f1e973164fa2d726c5c5e17bcb888828ccd7c4dfcc234a370,C:\samples\malware\Ransomware.TeslaCrypt\3372c1edab46837f1e973164fa2d726c5c5e17bcb888828ccd7c4dfcc234a370,malware,Ransomware.TeslaCrypt
51B4EF5DC9D26B7A26E214CEE90598631E2EAA67,C:\samples\malware\Ransomware.TeslaCrypt\51B4EF5DC9D26B7A26E214CEE90598631E2EAA67,malware,Ransomware.TeslaCrypt
E906FA3D51E86A61741B3499145A114E9BFB7C56,C:\samples\malware\Ransomware.TeslaCrypt\E906FA3D51E86A61741B3499145A114E9BFB7C56,malware,Ransomware.TeslaCrypt
58bfb9fa8889550d13f42473956dc2a7ec4f3abb18fd3faeaa38089d513c171f,C:\samples\malware\Ransomware.Thanos\58bfb9fa8889550d13f42473956dc2a7ec4f3abb18fd3faeaa38089d513c171f,malware,Ransomware.Thanos
5d40615701c48a122e44f831e7c8643d07765629a83b15d090587f469c77693d,C:\samples\malware\Ransomware.Thanos\5d40615701c48a122e44f831e7c8643d07765629a83b15d090587f469c77693d,malware,Ransomware.Thanos
ae66e009e16f0fad3b70ad20801f48f2edb904fa5341a89e126a26fd3fc80f75,C:\samples\malware\Ransomware.Thanos\ae66e009e16f0fad3b70ad20801f48f2edb904fa5341a89e126a26fd3fc80f75,malware,Ransomware.Thanos
c460fc0d4fdaf5c68623e18de106f1c3601d7bd6ba80ddad86c10fd6ea123850,C:\samples\malware\Ransomware.Thanos\c460fc0d4fdaf5c68623e18de106f1c3601d7bd6ba80ddad86c10fd6ea123850,malware,Ransomware.Thanos
Ransomware.Unnamed_0.exe,C:\samples\malware\Ransomware.Unnamed_0\Ransomware.Unnamed_0.exe,malware,Ransomware.Unnamed_0
0442cfabb3212644c4b894a7e4a7e84c00fd23489cc4f96490f9988e6074b6ab,C:\samples\malware\Ransomware.Vipasana\0442cfabb3212644c4b894a7e4a7e84c00fd23489cc4f96490f9988e6074b6ab,malware,Ransomware.Vipasana
c0cf40b8830d666a24bdd4febdc162e95aa30ed968fa3675e26ad97b2e88e03a,C:\samples\malware\Ransomware.Vipasana\c0cf40b8830d666a24bdd4febdc162e95aa30ed968fa3675e26ad97b2e88e03a,malware,Ransomware.Vipasana
e49778d20a2f9b1f8b00ddd24b6bcee81af381ed02cfe0a3c9ab3111cda5f573,C:\samples\malware\Ransomware.Vipasana\e49778d20a2f9b1f8b00ddd24b6bcee81af381ed02cfe0a3c9ab3111cda5f573,malware,Ransomware.Vipasana
ed01ebfbc9eb5bbea545af4d01bf5f1071661840480439c6e5babe8e080e41aa.exe,C:\samples\malware\Ransomware.WannaCry\ed01ebfbc9eb5bbea545af4d01bf5f1071661840480439c6e5babe8e080e41aa.exe,malware,Ransomware.WannaCry
Win32.Wannacry.exe,C:\samples\malware\Ransomware.WannaCry_Plus\Win32.Wannacry.exe,malware,Ransomware.WannaCry_Plus
yfoye_dump.exe,C:\samples\malware\Rombertik\yfoye_dump.exe,malware,Rombertik
malware.exe,C:\samples\malware\Rustock\Rustock-23\malware.exe,malware,Rustock-23
malware.exe,C:\samples\malware\Rustock\Rustock.C\malware.exe,malware,Rustock.C
malware.exe,C:\samples\malware\Rustock\Rustock.E\malware.exe,malware,Rustock.E
malware.exe,C:\samples\malware\Rustock\Rustock.I\malware.exe,malware,Rustock.I
malware.exe,C:\samples\malware\Rustock\Rustock.J\malware.exe,malware,Rustock.J
malware.exe,C:\samples\malware\Rustock\Rustock.NFE\malware.exe,malware,Rustock.NFE
B14299FD4D1CBFB4CC7486D978398214,C:\samples\malware\Shamoon\B14299FD4D1CBFB4CC7486D978398214,malware,Shamoon
D214C717A357FE3A455610B197C390AA,C:\samples\malware\Shamoon\D214C717A357FE3A455610B197C390AA,malware,Shamoon
69beb78c8b8de1a86677e27c531c92cb5ca70807d2755b94f70a75887fbc90cf_advnetcfg.ocx,C:\samples\malware\Skywiper-A.Flame\69beb78c8b8de1a86677e27c531c92cb5ca70807d2755b94f70a75887fbc90cf_advnetcfg.ocx,malware,Skywiper-A.Flame
7d5ad688d1cdb34f8ee694e60b9d47e894c879f23218c5c29a19a514030e706d_nteps32.ocx,C:\samples\malware\Skywiper-A.Flame\7d5ad688d1cdb34f8ee694e60b9d47e894c879f23218c5c29a19a514030e706d_nteps32.ocx,malware,Skywiper-A.Flame
7ZipSetup.exe,C:\samples\malware\Somoto\7ZipSetup.exe,malware,Somoto
2.dll,C:\samples\malware\Surtr\2.dll,malware,Surtr
2.tmp,C:\samples\malware\Surtr\2.tmp,malware,Surtr
DELLXT.dll,C:\samples\malware\Surtr\DELLXT.dll,malware,Surtr
DW20.dll,C:\samples\malware\Surtr\DW20.dll,malware,Surtr
hV46VA.dll,C:\samples\malware\Surtr\hV46VA.dll,malware,Surtr
ydrHrp_One.dll,C:\samples\malware\Surtr\ydrHrp_One.dll,malware,Surtr
hostr.exe,C:\samples\malware\Trojan.Bladabindi\hostr.exe,malware,Trojan.Bladabindi
signed.exe,C:\samples\malware\Trojan.Destover-SonySigned\signed.exe,malware,Trojan.Destover-SonySigned
798_abroad.exe,C:\samples\malware\Trojan.Dropper.Gen\798_abroad.exe,malware,Trojan.Dropper.Gen
PDFXCview.exe,C:\samples\malware\Trojan.Kovter\PDFXCview.exe,malware,Trojan.Kovter
abba_-_happy_new_year_zaycev_net.exe,C:\samples\malware\Trojan.Loadmoney\abba_-_happy_new_year_zaycev_net.exe,malware,Trojan.Loadmoney
raffle.exe,C:\samples\malware\Trojan.NSIS.Win32\raffle.exe,malware,Trojan.NSIS.Win32
aed230b6b772aeb5c25e9336086e9dd4d6081d3efc205f9f9214b51f2f8c3655,C:\samples\malware\Trojan.Ransom.Hells\aed230b6b772aeb5c25e9336086e9dd4d6081d3efc205f9f9214b51f2f8c3655,malware,Trojan.Ransom.Hells
eefa052da01c3faa1d1f516ddfefa8ceb8a5185bb9b5368142ffdf839aea4506,C:\samples\malware\Trojan.Ransom.Petya\eefa052da01c3faa1d1f516ddfefa8ceb8a5185bb9b5368142ffdf839aea4506,malware,Trojan.Ransom.Petya
40c46bcab9acc0d6d235491c01a66d4c6f35d884c19c6f410901af6d1e33513b,C:\samples\malware\Trojan.Regin\40c46bcab9acc0d6d235491c01a66d4c6f35d884c19c6f410901af6d1e33513b,malware,Trojan.Regin
4e39bc95e35323ab586d740725a1c8cbcde01fe453f7c4cac7cced9a26e42cc9,C:\samples\malware\Trojan.Regin\4e39bc95e35323ab586d740725a1c8cbcde01fe453f7c4cac7cced9a26e42cc9,malware,Trojan.Regin
5001793790939009355ba841610412e0f8d60ef5461f2ea272ccf4fd4c83b823,C:\samples\malware\Trojan.Regin\5001793790939009355ba841610412e0f8d60ef5461f2ea272ccf4fd4c83b823,malware,Trojan.Regin
7d38eb24cf5644e090e45d5efa923aff0e69a600fb0ab627e8929bb485243926,C:\samples\malware\Trojan.Regin\7d38eb24cf5644e090e45d5efa923aff0e69a600fb0ab627e8929bb485243926,malware,Trojan.Regin
8d7be9ed64811ea7986d788a75cbc4ca166702c6ff68c33873270d7c6597f5db,C:\samples\malware\Trojan.Regin\8d7be9ed64811ea7986d788a75cbc4ca166702c6ff68c33873270d7c6597f5db,malware,Trojan.Regin
9cd5127ef31da0e8a4e36292f2af5a9ec1de3b294da367d7c05786fe2d5de44f,C:\samples\malware\Trojan.Regin\9cd5127ef31da0e8a4e36292f2af5a9ec1de3b294da367d7c05786fe2d5de44f,malware,Trojan.Regin
a0d82c3730bc41e267711480c8009883d1412b68977ab175421eabc34e4ef355,C:\samples\malware\Trojan.Regin\a0d82c3730bc41e267711480c8009883d1412b68977ab175421eabc34e4ef355,malware,Trojan.Regin
a7493fac96345a989b1a03772444075754a2ef11daa22a7600466adc1f69a669,C:\samples\malware\Trojan.Regin\a7493fac96345a989b1a03772444075754a2ef11daa22a7600466adc1f69a669,malware,Trojan.Regin
a7e3ad8ea7edf1ca10b0e5b0d976675c3016e5933219f97e94900dea0d470abe,C:\samples\malware\Trojan.Regin\a7e3ad8ea7edf1ca10b0e5b0d976675c3016e5933219f97e94900dea0d470abe,malware,Trojan.Regin
b12c7d57507286bbbe36d7acf9b34c22c96606ffd904e3c23008399a4a50c047,C:\samples\malware\Trojan.Regin\b12c7d57507286bbbe36d7acf9b34c22c96606ffd904e3c23008399a4a50c047,malware,Trojan.Regin
c0cf8e008fbfa0cb2c61d968057b4a077d62f64d7320769982d28107db370513,C:\samples\malware\Trojan.Regin\c0cf8e008fbfa0cb2c61d968057b4a077d62f64d7320769982d28107db370513,malware,Trojan.Regin
e1ba03a10a40aab909b2ba58dcdfd378b4d264f1f4a554b669797bbb8c8ac902,C:\samples\malware\Trojan.Regin\e1ba03a10a40aab909b2ba58dcdfd378b4d264f1f4a554b669797bbb8c8ac902,malware,Trojan.Regin
f1d903251db466d35533c28e3c032b7212aa43c8d64ddf8c5521b43031e69e1e,C:\samples\malware\Trojan.Regin\f1d903251db466d35533c28e3c032b7212aa43c8d64ddf8c5521b43031e69e1e,malware,Trojan.Regin
Shylock-skype_8FBEB78B06985C3188562E2F1B82D57D,C:\samples\malware\Trojan.Shylock.Skype\Shylock-skype_8FBEB78B06985C3188562E2F1B82D57D,malware,Trojan.Shylock.Skype
Torpig miniloader_011C1CA6030EE091CE7C20CD3AAECFA0,C:\samples\malware\Trojan.Sinowal\Torpig miniloader-samp\Torpig miniloader_011C1CA6030EE091CE7C20CD3AAECFA0,malware,Torpig miniloader-samp
Torpig miniloader_0F82964CF39056402EE2DE9193635B34,C:\samples\malware\Trojan.Sinowal\Torpig miniloader-samp\Torpig miniloader_0F82964CF39056402EE2DE9193635B34,malware,Torpig miniloader-samp
Torpig miniloader_2DACC4556FAD30027A384875C8D9D900,C:\samples\malware\Trojan.Sinowal\Torpig miniloader-samp\Torpig miniloader_2DACC4556FAD30027A384875C8D9D900,malware,Torpig miniloader-samp
Torpig miniloader_4A3543E6771BC78D32AE46820AED1391,C:\samples\malware\Trojan.Sinowal\Torpig miniloader-samp\Torpig miniloader_4A3543E6771BC78D32AE46820AED1391,malware,Torpig miniloader-samp
Torpig miniloader_809910F29AA63913EFA76D00FA8C7C0B,C:\samples\malware\Trojan.Sinowal\Torpig miniloader-samp\Torpig miniloader_809910F29AA63913EFA76D00FA8C7C0B,malware,Torpig miniloader-samp
Torpig miniloader_83419EEA712182C1054615E4EC7B8CBE,C:\samples\malware\Trojan.Sinowal\Torpig miniloader-samp\Torpig miniloader_83419EEA712182C1054615E4EC7B8CBE,malware,Torpig miniloader-samp
Torpig miniloader_87851480DEB151D3A0AA9A425FD74E61,C:\samples\malware\Trojan.Sinowal\Torpig miniloader-samp\Torpig miniloader_87851480DEB151D3A0AA9A425FD74E61,malware,Torpig miniloader-samp
Torpig miniloader_C3366B6006ACC1F8DF875EAA114796F0,C:\samples\malware\Trojan.Sinowal\Torpig miniloader-samp\Torpig miniloader_C3366B6006ACC1F8DF875EAA114796F0,malware,Torpig miniloader-samp
stabuniq_F31B797831B36A4877AA0FD173A7A4A2,C:\samples\malware\Trojan.Stabuniq\stabuniq_F31B797831B36A4877AA0FD173A7A4A2,malware,Trojan.Stabuniq
wirelesskeyview.exe,C:\samples\malware\Trojan.Win32.Bechiro.BCD\wirelesskeyview.exe,malware,Trojan.Win32.Bechiro.BCD
win32.exe,C:\samples\malware\TrojanWin32.Duqu.Stuxnet\win32.exe,malware,TrojanWin32.Duqu.Stuxnet
21.exe,C:\samples\malware\Variant.Kazy\21.exe,malware,Variant.Kazy
0008065861f5b09195e51add72dacd3c4bbce6444711320ad349c7dab5bb97fb,C:\samples\malware\VolatileCedar.Explosion\0008065861f5b09195e51add72dacd3c4bbce6444711320ad349c7dab5bb97fb,malware,VolatileCedar.Explosion
03641e5632673615f23b2a8325d7355c4499a40f47b6ae094606a73c56e24ad0,C:\samples\malware\VolatileCedar.Explosion\03641e5632673615f23b2a8325d7355c4499a40f47b6ae094606a73c56e24ad0,malware,VolatileCedar.Explosion
07529fae9e74be81fd302d022603d9f0796b4b9120b0d6131f75d41b979bbca5,C:\samples\malware\VolatileCedar.Explosion\07529fae9e74be81fd302d022603d9f0796b4b9120b0d6131f75d41b979bbca5,malware,VolatileCedar.Explosion
1952fa94b582e9af9dca596b5e51c585a78b8b1610639e3b878bbfa365e8e908,C:\samples\malware\VolatileCedar.Explosion\1952fa94b582e9af9dca596b5e51c585a78b8b1610639e3b878bbfa365e8e908,malware,VolatileCedar.Explosion
1b76fdbd4cd92c7349bc99291137637614f4fb9598ae29df0a39a422611b86f8,C:\samples\malware\VolatileCedar.Explosion\1b76fdbd4cd92c7349bc99291137637614f4fb9598ae29df0a39a422611b86f8,malware,VolatileCedar.Explosion
30196c83a1f857d36fde160d55bd4e5b5d50fbb082bd846db295cbe0f9d35cfb,C:\samples\malware\VolatileCedar.Explosion\30196c83a1f857d36fde160d55bd4e5b5d50fbb082bd846db295cbe0f9d35cfb,malware,VolatileCedar.Explosion
37f4e9d0153221d9a236f299151c9f6911a6f78fff54c91b94ea64d1f3a8872b,C:\samples\malware\VolatileCedar.Explosion\37f4e9d0153221d9a236f299151c9f6911a6f78fff54c91b94ea64d1f3a8872b,malware,VolatileCedar.Explosion
388f5bc2f088769b361dfe8a45f0d5237c4580b287612422a03babe6994339ff,C:\samples\malware\VolatileCedar.Explosion\388f5bc2f088769b361dfe8a45f0d5237c4580b287612422a03babe6994339ff,malware,VolatileCedar.Explosion
3bedb4bdb17718fda1edd1a8fa4289dc61fdda598474b5648414e4565e88ecd5,C:\samples\malware\VolatileCedar.Explosion\3bedb4bdb17718fda1edd1a8fa4289dc61fdda598474b5648414e4565e88ecd5,malware,VolatileCedar.Explosion
41dd95533d85a0fd099ee79fbb4c8699ae6f9299b74034b8bafa3b0ea4a1fb3a,C:\samples\malware\VolatileCedar.Explosion\41dd95533d85a0fd099ee79fbb4c8699ae6f9299b74034b8bafa3b0ea4a1fb3a,malware,VolatileCedar.Explosion
50414f60d7e24d25f9ebb68f99d67a46e8b12458474ac503b6e0d0562075a985,C:\samples\malware\VolatileCedar.Explosion\50414f60d7e24d25f9ebb68f99d67a46e8b12458474ac503b6e0d0562075a985,malware,VolatileCedar.Explosion
52cb02da0462fdd08d537b2c949e2e252f7a7a88354d596e9f5c9f1498d1c68f,C:\samples\malware\VolatileCedar.Explosion\52cb02da0462fdd08d537b2c949e2e252f7a7a88354d596e9f5c9f1498d1c68f,malware,VolatileCedar.Explosion
5663b2d4a4aec55d5d6fb507e3fdcb92ffc978d411de68b084c37f86af6d2e19,C:\samples\malware\VolatileCedar.Explosion\5663b2d4a4aec55d5d6fb507e3fdcb92ffc978d411de68b084c37f86af6d2e19,malware,VolatileCedar.Explosion
5a310669920099cd51f82bc9eb5459e9889b6357a21f7ce95ac961e053c79acb,C:\samples\malware\VolatileCedar.Explosion\5a310669920099cd51f82bc9eb5459e9889b6357a21f7ce95ac961e053c79acb,malware,VolatileCedar.Explosion
5d491ea5705e90c817cf0f5211c9edbcd5291fe8bd4cc69cdb58e8d0e6b6d1fe,C:\samples\malware\VolatileCedar.Explosion\5d491ea5705e90c817cf0f5211c9edbcd5291fe8bd4cc69cdb58e8d0e6b6d1fe,malware,VolatileCedar.Explosion
6674ffe375f8ab54cfa2a276e4a39b414cf327e0b00733c215749e8a94385c63,C:\samples\malware\VolatileCedar.Explosion\6674ffe375f8ab54cfa2a276e4a39b414cf327e0b00733c215749e8a94385c63,malware,VolatileCedar.Explosion
78201fd42dfc65e94774d8a9b87293c19044ad93edf59d3ff6846766ed4c3e2e,C:\samples\malware\VolatileCedar.Explosion\78201fd42dfc65e94774d8a9b87293c19044ad93edf59d3ff6846766ed4c3e2e,malware,VolatileCedar.Explosion
97ab07c8020aead6ce0d9196e03d3917045e65e8c65e52a16ec6ef660dd96968,C:\samples\malware\VolatileCedar.Explosion\97ab07c8020aead6ce0d9196e03d3917045e65e8c65e52a16ec6ef660dd96968,malware,VolatileCedar.Explosion
a98099541168c7f36b107e24e9c80c9125fefb787ae720799b03bb4425aba1a9,C:\samples\malware\VolatileCedar.Explosion\a98099541168c7f36b107e24e9c80c9125fefb787ae720799b03bb4425aba1a9,malware,VolatileCedar.Explosion
b275c8978d18832bd3da9975d0f43cbc90e09a99718f4efaf1be7b43db46cf95,C:\samples\malware\VolatileCedar.Explosion\b275c8978d18832bd3da9975d0f43cbc90e09a99718f4efaf1be7b43db46cf95,malware,VolatileCedar.Explosion
b74bd5660baf67038353136978ed16dbc7d105c60c121cf64c61d8f3d31de32c,C:\samples\malware\VolatileCedar.Explosion\b74bd5660baf67038353136978ed16dbc7d105c60c121cf64c61d8f3d31de32c,malware,VolatileCedar.Explosion
bc12d7052e6cfce8f16625ca8b88803cd4e58356eb32fe62667336d4dee708a3,C:\samples\malware\VolatileCedar.Explosion\bc12d7052e6cfce8f16625ca8b88803cd4e58356eb32fe62667336d4dee708a3,malware,VolatileCedar.Explosion
bd039bb73f297062ab65f695dd6defafd146f6f233c451e5ac967a720b41fc14,C:\samples\malware\VolatileCedar.Explosion\bd039bb73f297062ab65f695dd6defafd146f6f233c451e5ac967a720b41fc14,malware,VolatileCedar.Explosion
bdef2ddcd8d4d66a42c9cbafd5cf7d86c4c0e3ed8c45cc734742c5da2fb573f7,C:\samples\malware\VolatileCedar.Explosion\bdef2ddcd8d4d66a42c9cbafd5cf7d86c4c0e3ed8c45cc734742c5da2fb573f7,malware,VolatileCedar.Explosion
bed0bec3d123e7611dc3d722813eeb197a2b8048396cef4414f29f24af3a29c4,C:\samples\malware\VolatileCedar.Explosion\bed0bec3d123e7611dc3d722813eeb197a2b8048396cef4414f29f24af3a29c4,malware,VolatileCedar.Explosion
bfc63b30624332f4fc2e510f95b69d18dd0241eb0d2fcd33ed2e81b7275ab488,C:\samples\malware\VolatileCedar.Explosion\bfc63b30624332f4fc2e510f95b69d18dd0241eb0d2fcd33ed2e81b7275ab488,malware,VolatileCedar.Explosion
d0f059ba21f06021579835a55220d1e822d1233f95879ea6f7cb9d301408c821,C:\samples\malware\VolatileCedar.Explosion\d0f059ba21f06021579835a55220d1e822d1233f95879ea6f7cb9d301408c821,malware,VolatileCedar.Explosion
d30f306d4d866a07372b94f7657a7a2b0500137fe7ef51678d0ef4249895c2c5,C:\samples\malware\VolatileCedar.Explosion\d30f306d4d866a07372b94f7657a7a2b0500137fe7ef51678d0ef4249895c2c5,malware,VolatileCedar.Explosion
d8fdcdaad652c19f4f4676cd2f89ae834dbc19e2759a206044b18601875f2726,C:\samples\malware\VolatileCedar.Explosion\d8fdcdaad652c19f4f4676cd2f89ae834dbc19e2759a206044b18601875f2726,malware,VolatileCedar.Explosion
dea53e331d3b9f21354147f60902f6e132f06183ed2f4a28e67816f9cb140a90,C:\samples\malware\VolatileCedar.Explosion\dea53e331d3b9f21354147f60902f6e132f06183ed2f4a28e67816f9cb140a90,malware,VolatileCedar.Explosion
e2e6ed82703de21eb4c5885730ba3db42f3ddda8b94beb2ee0c3af61bc435747,C:\samples\malware\VolatileCedar.Explosion\e2e6ed82703de21eb4c5885730ba3db42f3ddda8b94beb2ee0c3af61bc435747,malware,VolatileCedar.Explosion
e5b68ab68b12c3eaff612ada09eb2d4c403f923cdec8a5c8fe253c6773208baf,C:\samples\malware\VolatileCedar.Explosion\e5b68ab68b12c3eaff612ada09eb2d4c403f923cdec8a5c8fe253c6773208baf,malware,VolatileCedar.Explosion
ea335556fecaf983f6f26b9788b286fbf5bd85ff403bb4a1db604496d011be29,C:\samples\malware\VolatileCedar.Explosion\ea335556fecaf983f6f26b9788b286fbf5bd85ff403bb4a1db604496d011be29,malware,VolatileCedar.Explosion
ef47aaf4e964e1e1b7787c480e60a744550de847618510d2bf54bbc5bda57470,C:\samples\malware\VolatileCedar.Explosion\ef47aaf4e964e1e1b7787c480e60a744550de847618510d2bf54bbc5bda57470,malware,VolatileCedar.Explosion
fc085d9be18f3d8d7ca68fbe1d9e29abbe53e7582453f61a9cd65da06961f751,C:\samples\malware\VolatileCedar.Explosion\fc085d9be18f3d8d7ca68fbe1d9e29abbe53e7582453f61a9cd65da06961f751,malware,VolatileCedar.Explosion
Q300972I.EXE,C:\samples\malware\W32.CodeRed.Worm.C\PATCH\NT4\Q300972I.EXE,malware,NT4
Q30097~1.EXE,C:\samples\malware\W32.CodeRed.Worm.C\PATCH\WINK\Q30097~1.EXE,malware,WINK
TESTDE~1.CPL,C:\samples\malware\W32.Duni.A\TESTDE~1.CPL,malware,W32.Duni.A
W32.Elkern.4926.exe,C:\samples\malware\W32.Elkern.B\W32.Elkern.4926.exe,malware,W32.Elkern.B
"Adobe, Acrobat PDF Writer 3.exe","C:\samples\malware\W32.HLLP.Hantaner.A\Adobe, Acrobat PDF Writer 3.exe",malware,W32.HLLP.Hantaner.A
blanca de nieve.scr,C:\samples\malware\W32.Hybris.Worm.B\blanca de nieve.scr,malware,W32.Hybris.Worm.B
FLASH829.EXE,C:\samples\malware\W32.Hybris.Worm.B\FLASH829.EXE,malware,W32.Hybris.Worm.B
midgets.scr,C:\samples\malware\W32.Hybris.Worm.B\midgets.scr,malware,W32.Hybris.Worm.B
F897A65B.exe,C:\samples\malware\W32.Klez.E\F897A65B.exe,malware,W32.Klez.E
FixKlez.com,C:\samples\malware\W32.Klez.E\FixKlez.com,malware,W32.Klez.E
Win32_klez.exe,C:\samples\malware\W32.Klez.E\Win32_klez.exe,malware,W32.Klez.E
FixKlez.com,C:\samples\malware\W32.Klez.H\FixKlez.com,malware,W32.Klez.H
SCHDPL32.exe,C:\samples\malware\W32.Klez.H\SCHDPL32.exe,malware,W32.Klez.H
Win32_klez.exe,C:\samples\malware\W32.Klez.H\Win32_klez.exe,malware,W32.Klez.H
f-mydoom.exe,C:\samples\malware\W32.MyDoom.A\f-mydoom.exe,malware,W32.MyDoom.A
strip-girl-2.0bdcom_patches.exe,C:\samples\malware\W32.MyDoom.A\strip-girl-2.0bdcom_patches.exe,malware,W32.MyDoom.A
FIX_NIMDA.exe,C:\samples\malware\W32.Nimda.A\FIX_NIMDA.exe,malware,W32.Nimda.A
slide.exe,C:\samples\malware\W32.Nimda.A\slide.exe,malware,W32.Nimda.A
sample.exe,C:\samples\malware\W32.Nimda.E\sample.exe,malware,W32.Nimda.E
scanslam.exe,C:\samples\malware\W32.Slammer\scanslam.exe,malware,W32.Slammer
W32_Swen@MM.exe,C:\samples\malware\W32.Swen\W32_Swen@MM.exe,malware,W32.Swen
1b893ca3b782679b1e5d1afecb75be7bcc145b5da21a30f6c18dbddc9c6de4e7,C:\samples\malware\Waski.Upatre\1b893ca3b782679b1e5d1afecb75be7bcc145b5da21a30f6c18dbddc9c6de4e7,malware,Waski.Upatre
23f12c28515e7b9d8b2dd60ef660290ae32434bb50d56a8c8259df4881800971,C:\samples\malware\Waski.Upatre\23f12c28515e7b9d8b2dd60ef660290ae32434bb50d56a8c8259df4881800971,malware,Waski.Upatre
3f2781d44c71a2c0509173118dd97e5196db510a65c9f659dc2366fa315fe5e5,C:\samples\malware\Waski.Upatre\3f2781d44c71a2c0509173118dd97e5196db510a65c9f659dc2366fa315fe5e5,malware,Waski.Upatre
40accff9b9d71053d4d6f95e6efd7eca1bb1ef5af77c319fe5a4b429eb373990,C:\samples\malware\Waski.Upatre\40accff9b9d71053d4d6f95e6efd7eca1bb1ef5af77c319fe5a4b429eb373990,malware,Waski.Upatre
73ebf8c9571f00c9923c87e7442f3d9132627163c5a64e40ad4eb1a1f2266de9,C:\samples\malware\Waski.Upatre\73ebf8c9571f00c9923c87e7442f3d9132627163c5a64e40ad4eb1a1f2266de9,malware,Waski.Upatre
Win32.AgentTesla.exe,C:\samples\malware\Win32.AgentTesla\Win32.AgentTesla.exe,malware,Win32.AgentTesla
3_4.exe,C:\samples\malware\Win32.Alina.3.4.B\3_4.exe,malware,Win32.Alina.3.4.B
4bfe2216ee63657312af1b2507c8f2bf362fdf1d63c88faba397e880c2e39430,C:\samples\malware\Win32.APT28.SekoiaRootkit\4bfe2216ee63657312af1b2507c8f2bf362fdf1d63c88faba397e880c2e39430,malware,Win32.APT28.SekoiaRootkit
Avatar_Rootkit_NETbotnet_32d6644c5ea66e390070d3dc3401e54b_unpacked,C:\samples\malware\Win32.Avatar\Avatar_Rootkit_NETbotnet_32d6644c5ea66e390070d3dc3401e54b_unpacked,malware,Win32.Avatar
ImplantBigBang.bin,C:\samples\malware\Win32.BigBang\ImplantBigBang.bin,malware,Win32.BigBang
TheBigBang.bin,C:\samples\malware\Win32.BigBang\TheBigBang.bin,malware,Win32.BigBang
TheBigBangImplant.bin,C:\samples\malware\Win32.BigBang\TheBigBangImplant.bin,malware,Win32.BigBang
bea95bebec95e0893a845f62e832d7cf.exe.ViR,C:\samples\malware\Win32.Boaxxe.BB\bea95bebec95e0893a845f62e832d7cf.exe.ViR,malware,Win32.Boaxxe.BB
c34e5d36bd3a9a6fca92e900ab015aa50bb20d2cd6c0b6e03d070efe09ee689a,C:\samples\malware\Win32.BUMBLEBEE_0.1\c34e5d36bd3a9a6fca92e900ab015aa50bb20d2cd6c0b6e03d070efe09ee689a,malware,Win32.BUMBLEBEE_0.1
8c213b3707b0b042d769fdf543c6e8bd7c127cea6a9bc989eaf241a1505d1ed9,C:\samples\malware\Win32.Caphaw.Shylock\8c213b3707b0b042d769fdf543c6e8bd7c127cea6a9bc989eaf241a1505d1ed9,malware,Win32.Caphaw.Shylock
f65fa71e8ffe11bb6e7c6c84c3d365f4fe729e1e9c38cb4f073d2b65058465fa,C:\samples\malware\Win32.Caphaw.Shylock\f65fa71e8ffe11bb6e7c6c84c3d365f4fe729e1e9c38cb4f073d2b65058465fa,malware,Win32.Caphaw.Shylock
AAA._xe,C:\samples\malware\Win32.Carberp\AAA._xe,malware,Win32.Carberp
17,C:\samples\malware\Win32.Cridex\17,malware,Win32.Cridex
loader_00400000.Embedded01.DLL,C:\samples\malware\Win32.Cutwail\1\loader_00400000.Embedded01.DLL,malware,1
loader_00400000.Embedded01.SYS,C:\samples\malware\Win32.Cutwail\1\loader_00400000.Embedded01.SYS,malware,1
counter.exe,C:\samples\malware\Win32.Cutwail\2\counter.exe,malware,2
psih.safe,C:\samples\malware\Win32.Cutwail\3\psih.safe,malware,3
unpacked_.safe,C:\samples\malware\Win32.Cutwail\3\unpacked_.safe,malware,3
decrypted.ex_,C:\samples\malware\Win32.Cutwail\4\decrypted.ex_,malware,4
hui.ex1,C:\samples\malware\Win32.Cutwail\4\hui.ex1,malware,4
Win32.DarkTequila.exe,C:\samples\malware\Win32.DarkTequila\Win32.DarkTequila.exe,malware,Win32.DarkTequila
29D6161522C7F7F21B35401907C702BDDB05ED47.bin,C:\samples\malware\Win32.Emotet\29D6161522C7F7F21B35401907C702BDDB05ED47.bin,malware,Win32.Emotet
1ee894c0b91f3b2f836288c22ebeab44798f222f17c255f557af2260b8c6a32d,C:\samples\malware\Win32.EternalRocks\1ee894c0b91f3b2f836288c22ebeab44798f222f17c255f557af2260b8c6a32d,malware,Win32.EternalRocks
20240431d6eb6816453651b58b37f53950fcc3f0929813806525c5fd97cdc0e1,C:\samples\malware\Win32.EternalRocks\20240431d6eb6816453651b58b37f53950fcc3f0929813806525c5fd97cdc0e1,malware,Win32.EternalRocks
2094d105ec70aa98866a83b38a22614cff906b2cf0a08970ed59887383ee7b70,C:\samples\malware\Win32.EternalRocks\2094d105ec70aa98866a83b38a22614cff906b2cf0a08970ed59887383ee7b70,malware,Win32.EternalRocks
23eeb35780faf868a7b17b8e8da364d71bae0e46c1ababddddddecbdbd2c2c64,C:\samples\malware\Win32.EternalRocks\23eeb35780faf868a7b17b8e8da364d71bae0e46c1ababddddddecbdbd2c2c64,malware,Win32.EternalRocks
3b4497c7f8c89bf22c984854ac7603573a53b95ed147e80c0f19e549e2b65693,C:\samples\malware\Win32.EternalRocks\3b4497c7f8c89bf22c984854ac7603573a53b95ed147e80c0f19e549e2b65693,malware,Win32.EternalRocks
44472436a5b46d19cb34fa0e74924e4efc80dfa2ed491773a2852b03853221a2,C:\samples\malware\Win32.EternalRocks\44472436a5b46d19cb34fa0e74924e4efc80dfa2ed491773a2852b03853221a2,malware,Win32.EternalRocks
48b1024f599c3184a49c0d66c5600385265b9868d0936134185326e2db0ab441,C:\samples\malware\Win32.EternalRocks\48b1024f599c3184a49c0d66c5600385265b9868d0936134185326e2db0ab441,malware,Win32.EternalRocks
589af04a85dc66ec6b94123142a17cf194decd61f5d79e76183db026010e0d31,C:\samples\malware\Win32.EternalRocks\589af04a85dc66ec6b94123142a17cf194decd61f5d79e76183db026010e0d31,malware,Win32.EternalRocks
64442cceb7d618e70c62d461cfaafdb8e653b8d98ac4765a6b3d8fd1ea3bce15,C:\samples\malware\Win32.EternalRocks\64442cceb7d618e70c62d461cfaafdb8e653b8d98ac4765a6b3d8fd1ea3bce15,malware,Win32.EternalRocks
6bc73659a9f251eef5c4e4e4aa7c05ff95b3df58cde829686ceee8bd845f3442,C:\samples\malware\Win32.EternalRocks\6bc73659a9f251eef5c4e4e4aa7c05ff95b3df58cde829686ceee8bd845f3442,malware,Win32.EternalRocks
7b8674c8f0f7c0963f2c04c35ae880e87d4c8ed836fc651e8c976197468bd98a,C:\samples\malware\Win32.EternalRocks\7b8674c8f0f7c0963f2c04c35ae880e87d4c8ed836fc651e8c976197468bd98a,malware,Win32.EternalRocks
94189147ba9749fd0f184fe94b345b7385348361480360a59f12adf477f61c97,C:\samples\malware\Win32.EternalRocks\94189147ba9749fd0f184fe94b345b7385348361480360a59f12adf477f61c97,malware,Win32.EternalRocks
9bd32162e0a50f8661fd19e3b26ff65868ab5ea636916bd54c244b0148bd9c1b,C:\samples\malware\Win32.EternalRocks\9bd32162e0a50f8661fd19e3b26ff65868ab5ea636916bd54c244b0148bd9c1b,malware,Win32.EternalRocks
a77c61e86bc69fdc909560bb7a0fa1dd61ee6c86afceb9ea17462a97e7114ab0,C:\samples\malware\Win32.EternalRocks\a77c61e86bc69fdc909560bb7a0fa1dd61ee6c86afceb9ea17462a97e7114ab0,malware,Win32.EternalRocks
a7c387b4929f51e38706d8b0f8641e032253b07bc2869a450dfa3df5663d7392,C:\samples\malware\Win32.EternalRocks\a7c387b4929f51e38706d8b0f8641e032253b07bc2869a450dfa3df5663d7392,malware,Win32.EternalRocks
ad8965e531424cb34120bf0c1b4b98d4ab769bed534d9a36583364e9572332fa,C:\samples\malware\Win32.EternalRocks\ad8965e531424cb34120bf0c1b4b98d4ab769bed534d9a36583364e9572332fa,malware,Win32.EternalRocks
aedd0c47daa35f291e670e3feadaed11d9b8fe12c05982f16c909a57bf39ca35,C:\samples\malware\Win32.EternalRocks\aedd0c47daa35f291e670e3feadaed11d9b8fe12c05982f16c909a57bf39ca35,malware,Win32.EternalRocks
b2ca4093b2e0271cb7a3230118843fccc094e0160a0968994ed9f10c8702d867,C:\samples\malware\Win32.EternalRocks\b2ca4093b2e0271cb7a3230118843fccc094e0160a0968994ed9f10c8702d867,malware,Win32.EternalRocks
c4762489488f797b4b33382c8b1b71c94a42c846f1f28e0e118c83fe032848f0,C:\samples\malware\Win32.EternalRocks\c4762489488f797b4b33382c8b1b71c94a42c846f1f28e0e118c83fe032848f0,malware,Win32.EternalRocks
c999bf5da5ea3960408d3cba154f965d3436b497ac9d4959b412bfcd956c8491,C:\samples\malware\Win32.EternalRocks\c999bf5da5ea3960408d3cba154f965d3436b497ac9d4959b412bfcd956c8491,malware,Win32.EternalRocks
cf8533849ee5e82023ad7adbdbd6543cb6db596c53048b1a0c00b3643a72db30,C:\samples\malware\Win32.EternalRocks\cf8533849ee5e82023ad7adbdbd6543cb6db596c53048b1a0c00b3643a72db30,malware,Win32.EternalRocks
d43c10a2c983049d4a32487ab1e8fe7727646052228554e0112f6651f4833d2c,C:\samples\malware\Win32.EternalRocks\d43c10a2c983049d4a32487ab1e8fe7727646052228554e0112f6651f4833d2c,malware,Win32.EternalRocks
d86af736644e20e62807f03c49f4d0ad7de9cbd0723049f34ec79f8c7308fdd5,C:\samples\malware\Win32.EternalRocks\d86af736644e20e62807f03c49f4d0ad7de9cbd0723049f34ec79f8c7308fdd5,malware,Win32.EternalRocks
e049d8f69ddee0c2d360c27b98fa9e61b7202bb0d3884dd3ca63f8aa288422dc,C:\samples\malware\Win32.EternalRocks\e049d8f69ddee0c2d360c27b98fa9e61b7202bb0d3884dd3ca63f8aa288422dc,malware,Win32.EternalRocks
e77306d2e3d656fa04856f658885803243aef204760889ca2c09fbe9ba36581d,C:\samples\malware\Win32.EternalRocks\e77306d2e3d656fa04856f658885803243aef204760889ca2c09fbe9ba36581d,malware,Win32.EternalRocks
f152ed03e4383592ce7dd548c34f73da53fc457ce8f26d165155a331cde643a9,C:\samples\malware\Win32.EternalRocks\f152ed03e4383592ce7dd548c34f73da53fc457ce8f26d165155a331cde643a9,malware,Win32.EternalRocks
fc75410aa8f76154f5ae8fe035b9a13c76f6e132077346101a0d673ed9f3a0dd,C:\samples\malware\Win32.EternalRocks\fc75410aa8f76154f5ae8fe035b9a13c76f6e132077346101a0d673ed9f3a0dd,malware,Win32.EternalRocks
1215584b4fa69130799f6cf5efe467f380dc68b14ed2c76f63ca6b461ad57246,C:\samples\malware\Win32.FamousSparrow\1215584b4fa69130799f6cf5efe467f380dc68b14ed2c76f63ca6b461ad57246,malware,Win32.FamousSparrow
222d68c03d96d230bc3829e86be8821f32960375b70388028a705a4986b8d9c6,C:\samples\malware\Win32.FamousSparrow\222d68c03d96d230bc3829e86be8821f32960375b70388028a705a4986b8d9c6,malware,Win32.FamousSparrow
773635768e738bec776dfd7504164b3596e5eee344757dd1ac9a1ad19b452c86,C:\samples\malware\Win32.FamousSparrow\773635768e738bec776dfd7504164b3596e5eee344757dd1ac9a1ad19b452c86,malware,Win32.FamousSparrow
8dfaa1f579de14bca8bb27c54a57dd87646a835969766ca9ddb81ecd9329f4e4,C:\samples\malware\Win32.FamousSparrow\8dfaa1f579de14bca8bb27c54a57dd87646a835969766ca9ddb81ecd9329f4e4,malware,Win32.FamousSparrow
15540D149889539308135FA12BEDBCBF,C:\samples\malware\Win32.Fareit\15540D149889539308135FA12BEDBCBF,malware,Win32.Fareit
1D34D800AA3320DC17A5786F8EEC16EE,C:\samples\malware\Win32.Fareit\1D34D800AA3320DC17A5786F8EEC16EE,malware,Win32.Fareit
301210D5557D9BA34F401D3EF7A7276F,C:\samples\malware\Win32.Fareit\301210D5557D9BA34F401D3EF7A7276F,malware,Win32.Fareit
60C01A897DD8D60D3FEA002ED3A4B764,C:\samples\malware\Win32.Fareit\60C01A897DD8D60D3FEA002ED3A4B764,malware,Win32.Fareit
67E4F5301851646B10A95F65A0B3BACB,C:\samples\malware\Win32.Fareit\67E4F5301851646B10A95F65A0B3BACB,malware,Win32.Fareit
8953398DE47344E9C2727565AF8D6F31,C:\samples\malware\Win32.Fareit\8953398DE47344E9C2727565AF8D6F31,malware,Win32.Fareit
D883DC7ACC192019F220409EE2CADD64,C:\samples\malware\Win32.Fareit\D883DC7ACC192019F220409EE2CADD64,malware,Win32.Fareit
DF5A394AD60512767D375647DBB82994,C:\samples\malware\Win32.Fareit\DF5A394AD60512767D375647DBB82994,malware,Win32.Fareit
F1E546FE9D51DC96EB766EC61269EDFB,C:\samples\malware\Win32.Fareit\F1E546FE9D51DC96EB766EC61269EDFB,malware,Win32.Fareit
F77DB63CBED98391027F2525C14E161F,C:\samples\malware\Win32.Fareit\F77DB63CBED98391027F2525C14E161F,malware,Win32.Fareit
129b8825eaf61dcc2321aad7b84632233fa4bbc7e24bdf123b507157353930f0,C:\samples\malware\Win32.FASTCash\129b8825eaf61dcc2321aad7b84632233fa4bbc7e24bdf123b507157353930f0,malware,Win32.FASTCash
9a776b895e93926e2a758c09e341accb9333edc1243d216a5e53f47c6043c852,C:\samples\malware\Win32.FASTCash\9a776b895e93926e2a758c09e341accb9333edc1243d216a5e53f47c6043c852,malware,Win32.FASTCash
9ea5aa00e0a738b74066c61b1d35331170a9e0a84df1cc6cef58fd46a8ec5a2e,C:\samples\malware\Win32.FASTCash\9ea5aa00e0a738b74066c61b1d35331170a9e0a84df1cc6cef58fd46a8ec5a2e,malware,Win32.FASTCash
a917c1cc198cf36c0f2f6c24652e5c2e94e28d963b128d54f00144d216b2d118,C:\samples\malware\Win32.FASTCash\a917c1cc198cf36c0f2f6c24652e5c2e94e28d963b128d54f00144d216b2d118,malware,Win32.FASTCash
efd470cfa90b918e5d558e5c8c3821343af06eedfd484dfeb20c4605f9bdc30e.bin,C:\samples\malware\Win32.FASTCash\efd470cfa90b918e5d558e5c8c3821343af06eedfd484dfeb20c4605f9bdc30e.bin,malware,Win32.FASTCash
8b758ccdfbfa5ff3a0b67b2063c2397531cf0f7b3d278298da76528f443779e9,C:\samples\malware\Win32.GhostSec\8b758ccdfbfa5ff3a0b67b2063c2397531cf0f7b3d278298da76528f443779e9,malware,Win32.GhostSec
a1b468e9550f9960c5e60f7c52ca3c058de19d42eafa760b9d5282eb24b7c55f,C:\samples\malware\Win32.GhostSec\a1b468e9550f9960c5e60f7c52ca3c058de19d42eafa760b9d5282eb24b7c55f,malware,Win32.GhostSec
Win32.GravityRAT.exe,C:\samples\malware\Win32.GravityRat\Win32.GravityRAT.exe,malware,Win32.GravityRat
Hupigon.ex_,C:\samples\malware\Win32.Hupigon\Hupigon.ex_,malware,Win32.Hupigon
5ffd4c5e1766196ac1cbd799de829812757684f4432f1b8de59054890997c30d,C:\samples\malware\Win32.Infostealer.Dexter\5ffd4c5e1766196ac1cbd799de829812757684f4432f1b8de59054890997c30d,malware,Win32.Infostealer.Dexter
win33.exe,C:\samples\malware\Win32.Infostealer.Dexter\win33.exe,malware,Win32.Infostealer.Dexter
b81b10bdf4f29347979ea8a1715cbfc560e3452ba9fffcc33cd19a3dc47083a4,C:\samples\malware\Win32.Invicea_Tunnel\b81b10bdf4f29347979ea8a1715cbfc560e3452ba9fffcc33cd19a3dc47083a4,malware,Win32.Invicea_Tunnel
3564ceb9251eccd82d0c060c0dca83c9812f72c5fb72b5c25443dfd8a780c734,C:\samples\malware\Win32.KerrDown\3564ceb9251eccd82d0c060c0dca83c9812f72c5fb72b5c25443dfd8a780c734,malware,Win32.KerrDown
eac776c3c83c9db1a770ffaf6df9e94611c8293cbd41cb9257148603b8f2be0b,C:\samples\malware\Win32.KerrDown\eac776c3c83c9db1a770ffaf6df9e94611c8293cbd41cb9257148603b8f2be0b,malware,Win32.KerrDown
fef436e4196ae779ec1d6dd6dcfeec045bc1f848efed5b24e287354a18c6dd85,C:\samples\malware\Win32.KerrDown\fef436e4196ae779ec1d6dd6dcfeec045bc1f848efed5b24e287354a18c6dd85,malware,Win32.KerrDown
Win32.KeyPass.bin,C:\samples\malware\Win32.KeyPass\Win32.KeyPass.bin,malware,Win32.KeyPass
0581a38d1dc61e0da50722cb6c4253d603cc7965c87e1e42db548460d4abdcae.bin,C:\samples\malware\Win32.Lephic\0581a38d1dc61e0da50722cb6c4253d603cc7965c87e1e42db548460d4abdcae.bin,malware,Win32.Lephic
e89614e3b0430d706bef2d1f13b30b43e5c53db9a477e2ff60ef5464e1e9add4.exe,C:\samples\malware\Win32.LuckyCat\e89614e3b0430d706bef2d1f13b30b43e5c53db9a477e2ff60ef5464e1e9add4.exe,malware,Win32.LuckyCat
Win32.MyLobot.bin,C:\samples\malware\Win32.MyLobot\Win32.MyLobot.bin,malware,Win32.MyLobot
data.exe_,C:\samples\malware\Win32.Narilam\data.exe_,malware,Win32.Narilam
366affd094cc63e2c19c5d57a6866b487889dab5d1b07c084fff94262d8a390b,C:\samples\malware\Win32.OnionDuke.B\366affd094cc63e2c19c5d57a6866b487889dab5d1b07c084fff94262d8a390b,malware,Win32.OnionDuke.B
4cef5835072bb0290a05f9c5281d4a614733f480ba7f1904ae91325a10a15a04,C:\samples\malware\Win32.RedDelta\4cef5835072bb0290a05f9c5281d4a614733f480ba7f1904ae91325a10a15a04,malware,Win32.RedDelta
7824eb5f173c43574593bd3afab41a60e0e2ffae80201a9b884721b451e6d935,C:\samples\malware\Win32.RedDelta\7824eb5f173c43574593bd3afab41a60e0e2ffae80201a9b884721b451e6d935,malware,Win32.RedDelta
bc6c2fda18f8ee36930b469f6500e28096eb6795e5fd17c44273c67bc9fa6a6d,C:\samples\malware\Win32.RedDelta\bc6c2fda18f8ee36930b469f6500e28096eb6795e5fd17c44273c67bc9fa6a6d,malware,Win32.RedDelta
f6e5a3a32fb3aaf3f2c56ee482998b09a6ced0a60c38088e7153f3ca247ab1cc,C:\samples\malware\Win32.RedDelta\f6e5a3a32fb3aaf3f2c56ee482998b09a6ced0a60c38088e7153f3ca247ab1cc,malware,Win32.RedDelta
lwxtbjqm.cpp,C:\samples\malware\Win32.Reveton\lwxtbjqm.cpp,malware,Win32.Reveton
Win32.Sofacy.A,C:\samples\malware\Win32.Sofacy.A\Win32.Sofacy.A,malware,Win32.Sofacy.A
Win32.SofacyCarberp.bin,C:\samples\malware\Win32.SofacyCarberp\Win32.SofacyCarberp.bin,malware,Win32.SofacyCarberp
Win32.SofacyCarberp.exe,C:\samples\malware\Win32.SofacyCarberp\Win32.SofacyCarberp.exe,malware,Win32.SofacyCarberp
b06ab1f3abf8262f32c3deab9d344d241e4203235043fe996cb499ed2fdf17c4,C:\samples\malware\Win32.StrongPity\b06ab1f3abf8262f32c3deab9d344d241e4203235043fe996cb499ed2fdf17c4,malware,Win32.StrongPity
bac8489de573f614d988097e9eae53ffc2eb4e7dcb0e68c349f549a26d2130a8,C:\samples\malware\Win32.StrongPity\bac8489de573f614d988097e9eae53ffc2eb4e7dcb0e68c349f549a26d2130a8,malware,Win32.StrongPity
win32.duqu,C:\samples\malware\Win32.Stuxnet.A.Duqu-C-Media\win32.duqu,malware,Win32.Stuxnet.A.Duqu-C-Media
0d8c2bcb575378f6a88d17b5f6ce70e794a264cdc8556c8e812f0b5f9c709198,C:\samples\malware\Win32.Stuxnet.B.Duqu-Realtek\signed drivers\0d8c2bcb575378f6a88d17b5f6ce70e794a264cdc8556c8e812f0b5f9c709198,malware,signed drivers
1635ec04f069ccc8331d01fdf31132a4bc8f6fd3830ac94739df95ee093c555c,C:\samples\malware\Win32.Stuxnet.B.Duqu-Realtek\signed drivers\1635ec04f069ccc8331d01fdf31132a4bc8f6fd3830ac94739df95ee093c555c,malware,signed drivers
63e6b8136058d7a06dfff4034b4ab17a261cdf398e63868a601f77ddd1b32802,C:\samples\malware\Win32.Stuxnet.B.Duqu-Realtek\signed drivers\63e6b8136058d7a06dfff4034b4ab17a261cdf398e63868a601f77ddd1b32802,malware,signed drivers
70f8789b03e38d07584f57581363afa848dd5c3a197f2483c6dfa4f3e7f78b9b,C:\samples\malware\Win32.Stuxnet.B.Duqu-Realtek\signed drivers\70f8789b03e38d07584f57581363afa848dd5c3a197f2483c6dfa4f3e7f78b9b,malware,signed drivers
08fd696873ed9df967a991fb397fe11e54a4367c81c6660575e1413b440c3af2,C:\samples\malware\Win32.Taleret\08fd696873ed9df967a991fb397fe11e54a4367c81c6660575e1413b440c3af2,malware,Win32.Taleret
30964541572f322a20b541e2e5eedaa5f20f118995d4b9d4c5d5dda98f09f3d2,C:\samples\malware\Win32.Taleret\30964541572f322a20b541e2e5eedaa5f20f118995d4b9d4c5d5dda98f09f3d2,malware,Win32.Taleret
9b3c6fd39b2809e388255c5651953251920c5c7d5e77da1070ab3c127e8bdc11,C:\samples\malware\Win32.Taleret\9b3c6fd39b2809e388255c5651953251920c5c7d5e77da1070ab3c127e8bdc11,malware,Win32.Taleret
0283c0f02307adc4ee46c0382df4b5d7b4eb80114fbaf5cb7fe5412f027d165e,C:\samples\malware\Win32.TransparentTribe.B\0283c0f02307adc4ee46c0382df4b5d7b4eb80114fbaf5cb7fe5412f027d165e,malware,Win32.TransparentTribe.B
Win32.Triton,C:\samples\malware\Win32.Triton\Win32.Triton,malware,Win32.Triton
decrypted_inj_services_Win32.dll,C:\samples\malware\Win32.Turla\decrypted_inj_services_Win32.dll,malware,Win32.Turla
decrypted_inj_services_x64.dll,C:\samples\malware\Win32.Turla\decrypted_inj_services_x64.dll,malware,Win32.Turla
decrypted_inj_snake_Win32.dll,C:\samples\malware\Win32.Turla\decrypted_inj_snake_Win32.dll,malware,Win32.Turla
decrypted_inj_snake_x64.dll,C:\samples\malware\Win32.Turla\decrypted_inj_snake_x64.dll,malware,Win32.Turla
decrypted_rkctl_Win32.dll,C:\samples\malware\Win32.Turla\decrypted_rkctl_Win32.dll,malware,Win32.Turla
decrypted_rkctl_x64.dll,C:\samples\malware\Win32.Turla\decrypted_rkctl_x64.dll,malware,Win32.Turla
5a765351046fea1490d20f25.exe,C:\samples\malware\Win32.Unclassified\5a765351046fea1490d20f25.exe,malware,Win32.Unclassified
Win32.Unknown_SpectreMeltdown,C:\samples\malware\Win32.Unknown_SpectreMeltdown\Win32.Unknown_SpectreMeltdown,malware,Win32.Unknown_SpectreMeltdown
Win32.Unnamed_SpecMelt,C:\samples\malware\Win32.Unnamed_SpecMelt\Win32.Unnamed_SpecMelt,malware,Win32.Unnamed_SpecMelt
323CANON.EXE_WORM_VOBFUS.SM01,C:\samples\malware\Win32.Vobfus\323CANON.EXE_WORM_VOBFUS.SM01,malware,Win32.Vobfus
WORM_VOBFUS.SMA3,C:\samples\malware\Win32.Vobfus\WORM_VOBFUS.SMA3,malware,Win32.Vobfus
WORM_VOBFUS.SMIS,C:\samples\malware\Win32.Vobfus\WORM_VOBFUS.SMIS,malware,Win32.Vobfus
WORM_VOBFUS.SMM2,C:\samples\malware\Win32.Vobfus\WORM_VOBFUS.SMM2,malware,Win32.Vobfus
Win32.WannaPeace.exe,C:\samples\malware\Win32.WannaPeace\Win32.WannaPeace.exe,malware,Win32.WannaPeace
Win32.XAgent.bin,C:\samples\malware\Win32.XAgent\Win32.XAgent.bin,malware,Win32.XAgent
agent.exe,C:\samples\malware\Win32.ZeroCleare\agent.exe,malware,Win32.ZeroCleare
ClientUpdate.exe (x64).bin,C:\samples\malware\Win32.ZeroCleare\ClientUpdate.exe (x64).bin,malware,Win32.ZeroCleare
ClientUpdate.exe (x86).bin,C:\samples\malware\Win32.ZeroCleare\ClientUpdate.exe (x86).bin,malware,Win32.ZeroCleare
Dustman.exe,C:\samples\malware\Win32.ZeroCleare\Dustman.exe,malware,Win32.ZeroCleare
8a0c95be8a40ae5419f7d97bb3e91b2b,C:\samples\malware\Win32.ZeusVM\8a0c95be8a40ae5419f7d97bb3e91b2b,malware,Win32.ZeusVM
C1E5DAE72A51A7B7219346C4A360D867,C:\samples\malware\Win32.Zurgop\C1E5DAE72A51A7B7219346C4A360D867,malware,Win32.Zurgop
119.executable,C:\samples\malware\Win32Dircrypt.Trojan.Ransom.ABZ\Win32Dircrypt.Trojan.Ransom.ABZ\119.executable,malware,Win32Dircrypt.Trojan.Ransom.ABZ
119.unp,C:\samples\malware\Win32Dircrypt.Trojan.Ransom.ABZ\Win32Dircrypt.Trojan.Ransom.ABZ\119.unp,malware,Win32Dircrypt.Trojan.Ransom.ABZ
11fb52c96853e12f011b7b7894e9884e56eb5522,C:\samples\malware\Win32Dircrypt.Trojan.Ransom.ABZ\Win32Dircrypt.Trojan.Ransom.ABZ\11fb52c96853e12f011b7b7894e9884e56eb5522,malware,Win32Dircrypt.Trojan.Ransom.ABZ
dircrypt.deobf,C:\samples\malware\Win32Dircrypt.Trojan.Ransom.ABZ\Win32Dircrypt.Trojan.Ransom.ABZ\dircrypt.deobf,malware,Win32Dircrypt.Trojan.Ransom.ABZ
6f1c31f5944e46b063abbb6296b3a0d4c06037d4bdfd83ed05119e2505adabc5,C:\samples\malware\Win64.NukeSped\6f1c31f5944e46b063abbb6296b3a0d4c06037d4bdfd83ed05119e2505adabc5,malware,Win64.NukeSped
8390e210162d9b14d5b0b1ef9746c16853aa2d29d1dfc4eab6a051885e0333ed,C:\samples\malware\Win64.NukeSped\8390e210162d9b14d5b0b1ef9746c16853aa2d29d1dfc4eab6a051885e0333ed,malware,Win64.NukeSped
a880d7c77491fcc6f9c88bae064f075a339e6753ef9fa9410b928565887c13b7,C:\samples\malware\Win64.NukeSped\a880d7c77491fcc6f9c88bae064f075a339e6753ef9fa9410b928565887c13b7,malware,Win64.NukeSped
Win64.Trojan.GreenBug,C:\samples\malware\Win64.Trojan.GreenBug\Win64.Trojan.GreenBug,malware,Win64.Trojan.GreenBug
0d7d4dc173c88c4f72c8f9f419ae8473d044f4b3e8f32e4a0f34fe4bbc698776,C:\samples\malware\WinX.OperationDianxun\0d7d4dc173c88c4f72c8f9f419ae8473d044f4b3e8f32e4a0f34fe4bbc698776,malware,WinX.OperationDianxun
260ebbf392498d00d767a5c5ba695e1a124057c1c01fff2ae76db7853fe4255b,C:\samples\malware\WinX.OperationDianxun\260ebbf392498d00d767a5c5ba695e1a124057c1c01fff2ae76db7853fe4255b,malware,WinX.OperationDianxun
2779937398506e8ad207f5b291ae53d8af82b9f2739b0508ae3e0cfc40ced092,C:\samples\malware\WinX.OperationDianxun\2779937398506e8ad207f5b291ae53d8af82b9f2739b0508ae3e0cfc40ced092,malware,WinX.OperationDianxun
740992d40b84b10aa9640214a4a490e989ea7b869cea27dbbdef544bb33b1048,C:\samples\malware\WinX.OperationDianxun\740992d40b84b10aa9640214a4a490e989ea7b869cea27dbbdef544bb33b1048,malware,WinX.OperationDianxun
75b30164a31d305f47f2c3c2121432e6d7b316cfb3deb6b39f78180168bc9472,C:\samples\malware\WinX.OperationDianxun\75b30164a31d305f47f2c3c2121432e6d7b316cfb3deb6b39f78180168bc9472,malware,WinX.OperationDianxun
9ccb4ed133be5c9c554027347ad8b722f0b4c3f14bfd947edfe75a015bf085e5,C:\samples\malware\WinX.OperationDianxun\9ccb4ed133be5c9c554027347ad8b722f0b4c3f14bfd947edfe75a015bf085e5,malware,WinX.OperationDianxun
9d4b4c39106f8e2fd036e798fc67bbd7b98284121724c0f845bca0a6d2ae3999,C:\samples\malware\WinX.OperationDianxun\9d4b4c39106f8e2fd036e798fc67bbd7b98284121724c0f845bca0a6d2ae3999,malware,WinX.OperationDianxun
b7f36159aec7f3512e00bfa8aa189cbb97f9cc4752a635bc272c7a5ac1710e0b,C:\samples\malware\WinX.OperationDianxun\b7f36159aec7f3512e00bfa8aa189cbb97f9cc4752a635bc272c7a5ac1710e0b,malware,WinX.OperationDianxun
cf4bf26b2d6f1c6055534bbe9decb579ef0180e0f8c467c1a26e2ead7567058a,C:\samples\malware\WinX.OperationDianxun\cf4bf26b2d6f1c6055534bbe9decb579ef0180e0f8c467c1a26e2ead7567058a,malware,WinX.OperationDianxun
cf65cc6e4b2b0c3f602b16398c8c30c277b8cfaed689fe7cb61b92560d4e5b1b,C:\samples\malware\WinX.OperationDianxun\cf65cc6e4b2b0c3f602b16398c8c30c277b8cfaed689fe7cb61b92560d4e5b1b,malware,WinX.OperationDianxun
d0dd9c624bb2b33de96c29b0ccb5aa5b43ce83a54e2842f1643247811487f8d9,C:\samples\malware\WinX.OperationDianxun\d0dd9c624bb2b33de96c29b0ccb5aa5b43ce83a54e2842f1643247811487f8d9,malware,WinX.OperationDianxun
d2642d3731508b52efa34adf57701f18e2f8b70addf31e33e445e75b9a909822,C:\samples\malware\WinX.OperationDianxun\d2642d3731508b52efa34adf57701f18e2f8b70addf31e33e445e75b9a909822,malware,WinX.OperationDianxun
db36ad77875bbf622d96ae8086f44924c37034dd95e9eb6d6369cc6accd2a40d,C:\samples\malware\WinX.OperationDianxun\db36ad77875bbf622d96ae8086f44924c37034dd95e9eb6d6369cc6accd2a40d,malware,WinX.OperationDianxun
e784e95fb5b0188f0c7c82add9a3c89c5bc379eaf356a4d3876d9493a986e343,C:\samples\malware\WinX.OperationDianxun\e784e95fb5b0188f0c7c82add9a3c89c5bc379eaf356a4d3876d9493a986e343,malware,WinX.OperationDianxun
01259a104a0199b794b0c61fcfc657eb766b2caeae68d5c6b164a53a97874257,C:\samples\malware\WMIGhost\01259a104a0199b794b0c61fcfc657eb766b2caeae68d5c6b164a53a97874257,malware,WMIGhost
05455efecab4a7931fa53a3c2008d04fc6b539c5e8f451f19b617bd9b3ebcd83,C:\samples\malware\WMIGhost\05455efecab4a7931fa53a3c2008d04fc6b539c5e8f451f19b617bd9b3ebcd83,malware,WMIGhost
084a220ba90622cc223b93f32130e9f2d072679f66d1816775bf14832d492b8a,C:\samples\malware\WMIGhost\084a220ba90622cc223b93f32130e9f2d072679f66d1816775bf14832d492b8a,malware,WMIGhost
0cfc34fa76228b1afc7ce63e284a23ce1cd2927e6159b9dea9702ad9cb2a6300,C:\samples\malware\WMIGhost\0cfc34fa76228b1afc7ce63e284a23ce1cd2927e6159b9dea9702ad9cb2a6300,malware,WMIGhost
0dc2ab0ccf783fb39028326a7e8b0ba4eaa148020ec05fc26313ef2bf70f700f,C:\samples\malware\WMIGhost\0dc2ab0ccf783fb39028326a7e8b0ba4eaa148020ec05fc26313ef2bf70f700f,malware,WMIGhost
0eb038e7e5edd6ac1b4eee8dd1c51b6d94da24d02ba705e7e7f10b41edf701c2,C:\samples\malware\WMIGhost\0eb038e7e5edd6ac1b4eee8dd1c51b6d94da24d02ba705e7e7f10b41edf701c2,malware,WMIGhost
6072a303039b032f1b3b0e596a3eb9a35568cef830a18404c18bb4fffef86fba,C:\samples\malware\WMIGhost\6072a303039b032f1b3b0e596a3eb9a35568cef830a18404c18bb4fffef86fba,malware,WMIGhost
6b91fdb0992ca029c913092db7b4fd94c917c1473953d1ec77c74d030776fe9a,C:\samples\malware\WMIGhost\6b91fdb0992ca029c913092db7b4fd94c917c1473953d1ec77c74d030776fe9a,malware,WMIGhost
7249b1a5082c9d9654d9fac3bb5e965ea23e395554d3351b77dd4f29677426fe,C:\samples\malware\WMIGhost\7249b1a5082c9d9654d9fac3bb5e965ea23e395554d3351b77dd4f29677426fe,malware,WMIGhost
86bb737bd9a508be2ff9dc0dee7e7c40abea215088c61788a368948f9250fa4c,C:\samples\malware\WMIGhost\86bb737bd9a508be2ff9dc0dee7e7c40abea215088c61788a368948f9250fa4c,malware,WMIGhost
9c17f267f79597ee01515f5ef925375d8a19844830cc46917a3d1b5bcb0ba4c3,C:\samples\malware\WMIGhost\9c17f267f79597ee01515f5ef925375d8a19844830cc46917a3d1b5bcb0ba4c3,malware,WMIGhost
a3667153a6322fb8d4cf8869c094a05e995e2954fda833fe14304837ed4fd0bd,C:\samples\malware\WMIGhost\a3667153a6322fb8d4cf8869c094a05e995e2954fda833fe14304837ed4fd0bd,malware,WMIGhost
a38df3ec8b9fe52a32860cf5756d2fe345badafd7e74466cd349eb32ba5cc339,C:\samples\malware\WMIGhost\a38df3ec8b9fe52a32860cf5756d2fe345badafd7e74466cd349eb32ba5cc339,malware,WMIGhost
a6ff8dfe654da70390cd71626cdca8a6f6a0d7980cd7d82269373737b04fd206,C:\samples\malware\WMIGhost\a6ff8dfe654da70390cd71626cdca8a6f6a0d7980cd7d82269373737b04fd206,malware,WMIGhost
afa8d185de2f357082ed4042fc057a6d7300f603d3bfdbe7e6c351868e45e477,C:\samples\malware\WMIGhost\afa8d185de2f357082ed4042fc057a6d7300f603d3bfdbe7e6c351868e45e477,malware,WMIGhost
c7128e2772b4f8c59943028e205d1b23c07f36206c1c61a05645c7bf143b24ee,C:\samples\malware\WMIGhost\c7128e2772b4f8c59943028e205d1b23c07f36206c1c61a05645c7bf143b24ee,malware,WMIGhost
cff49c25b053f775db8980a431a958020bdf969ea08872de4cef5a5f344f534c,C:\samples\malware\WMIGhost\cff49c25b053f775db8980a431a958020bdf969ea08872de4cef5a5f344f534c,malware,WMIGhost
e1d852f2ea8436ac33bc8fe200aca4af4fb15f33ecda6441741589daa44115c5,C:\samples\malware\WMIGhost\e1d852f2ea8436ac33bc8fe200aca4af4fb15f33ecda6441741589daa44115c5,malware,WMIGhost
01259a104a0199b794b0c61fcfc657eb766b2caeae68d5c6b164a53a97874257,C:\samples\malware\WMIGhost\WMIGhost\01259a104a0199b794b0c61fcfc657eb766b2caeae68d5c6b164a53a97874257,malware,WMIGhost
05455efecab4a7931fa53a3c2008d04fc6b539c5e8f451f19b617bd9b3ebcd83,C:\samples\malware\WMIGhost\WMIGhost\05455efecab4a7931fa53a3c2008d04fc6b539c5e8f451f19b617bd9b3ebcd83,malware,WMIGhost
084a220ba90622cc223b93f32130e9f2d072679f66d1816775bf14832d492b8a,C:\samples\malware\WMIGhost\WMIGhost\084a220ba90622cc223b93f32130e9f2d072679f66d1816775bf14832d492b8a,malware,WMIGhost
0cfc34fa76228b1afc7ce63e284a23ce1cd2927e6159b9dea9702ad9cb2a6300,C:\samples\malware\WMIGhost\WMIGhost\0cfc34fa76228b1afc7ce63e284a23ce1cd2927e6159b9dea9702ad9cb2a6300,malware,WMIGhost
0dc2ab0ccf783fb39028326a7e8b0ba4eaa148020ec05fc26313ef2bf70f700f,C:\samples\malware\WMIGhost\WMIGhost\0dc2ab0ccf783fb39028326a7e8b0ba4eaa148020ec05fc26313ef2bf70f700f,malware,WMIGhost
0eb038e7e5edd6ac1b4eee8dd1c51b6d94da24d02ba705e7e7f10b41edf701c2,C:\samples\malware\WMIGhost\WMIGhost\0eb038e7e5edd6ac1b4eee8dd1c51b6d94da24d02ba705e7e7f10b41edf701c2,malware,WMIGhost
6072a303039b032f1b3b0e596a3eb9a35568cef830a18404c18bb4fffef86fba,C:\samples\malware\WMIGhost\WMIGhost\6072a303039b032f1b3b0e596a3eb9a35568cef830a18404c18bb4fffef86fba,malware,WMIGhost
6b91fdb0992ca029c913092db7b4fd94c917c1473953d1ec77c74d030776fe9a,C:\samples\malware\WMIGhost\WMIGhost\6b91fdb0992ca029c913092db7b4fd94c917c1473953d1ec77c74d030776fe9a,malware,WMIGhost
7249b1a5082c9d9654d9fac3bb5e965ea23e395554d3351b77dd4f29677426fe,C:\samples\malware\WMIGhost\WMIGhost\7249b1a5082c9d9654d9fac3bb5e965ea23e395554d3351b77dd4f29677426fe,malware,WMIGhost
86bb737bd9a508be2ff9dc0dee7e7c40abea215088c61788a368948f9250fa4c,C:\samples\malware\WMIGhost\WMIGhost\86bb737bd9a508be2ff9dc0dee7e7c40abea215088c61788a368948f9250fa4c,malware,WMIGhost
9c17f267f79597ee01515f5ef925375d8a19844830cc46917a3d1b5bcb0ba4c3,C:\samples\malware\WMIGhost\WMIGhost\9c17f267f79597ee01515f5ef925375d8a19844830cc46917a3d1b5bcb0ba4c3,malware,WMIGhost
a3667153a6322fb8d4cf8869c094a05e995e2954fda833fe14304837ed4fd0bd,C:\samples\malware\WMIGhost\WMIGhost\a3667153a6322fb8d4cf8869c094a05e995e2954fda833fe14304837ed4fd0bd,malware,WMIGhost
a38df3ec8b9fe52a32860cf5756d2fe345badafd7e74466cd349eb32ba5cc339,C:\samples\malware\WMIGhost\WMIGhost\a38df3ec8b9fe52a32860cf5756d2fe345badafd7e74466cd349eb32ba5cc339,malware,WMIGhost
a6ff8dfe654da70390cd71626cdca8a6f6a0d7980cd7d82269373737b04fd206,C:\samples\malware\WMIGhost\WMIGhost\a6ff8dfe654da70390cd71626cdca8a6f6a0d7980cd7d82269373737b04fd206,malware,WMIGhost
afa8d185de2f357082ed4042fc057a6d7300f603d3bfdbe7e6c351868e45e477,C:\samples\malware\WMIGhost\WMIGhost\afa8d185de2f357082ed4042fc057a6d7300f603d3bfdbe7e6c351868e45e477,malware,WMIGhost
c7128e2772b4f8c59943028e205d1b23c07f36206c1c61a05645c7bf143b24ee,C:\samples\malware\WMIGhost\WMIGhost\c7128e2772b4f8c59943028e205d1b23c07f36206c1c61a05645c7bf143b24ee,malware,WMIGhost
cff49c25b053f775db8980a431a958020bdf969ea08872de4cef5a5f344f534c,C:\samples\malware\WMIGhost\WMIGhost\cff49c25b053f775db8980a431a958020bdf969ea08872de4cef5a5f344f534c,malware,WMIGhost
e1d852f2ea8436ac33bc8fe200aca4af4fb15f33ecda6441741589daa44115c5,C:\samples\malware\WMIGhost\WMIGhost\e1d852f2ea8436ac33bc8fe200aca4af4fb15f33ecda6441741589daa44115c5,malware,WMIGhost
wmighost.dll,C:\samples\malware\WMIGhost\WMIGhost\wmighost.dll,malware,WMIGhost
dumped.dll,C:\samples\malware\ZeroAccess\dumped.dll,malware,ZeroAccess
ZeroAccess_xxx-porn-movie.avi.exe_,C:\samples\malware\ZeroAccess\ZeroAccess_xxx-porn-movie.avi.exe_,malware,ZeroAccess
zerolocker_d4c62215df74753371db33a19a69fccdc4b375c893a4b7f8b30172710fbd4cfa,C:\samples\malware\ZeroLocker\zerolocker_d4c62215df74753371db33a19a69fccdc4b375c893a4b7f8b30172710fbd4cfa,malware,ZeroLocker
invoice_2318362983713_823931342io.pdf.exe,C:\samples\malware\ZeusBankingVersion_26Nov2013\invoice_2318362983713_823931342io.pdf.exe,malware,ZeusBankingVersion_26Nov2013
eqig unpacked.ex_,C:\samples\malware\ZeusGameover_Feb2014\eqig unpacked.ex_,malware,ZeusGameover_Feb2014
eqig.ex_,C:\samples\malware\ZeusGameover_Feb2014\eqig.ex_,malware,ZeusGameover_Feb2014
output.1301364 unpacked.old,C:\samples\malware\ZeusGameover_Feb2014\output.1301364 unpacked.old,malware,ZeusGameover_Feb2014
output.1301364.old,C:\samples\malware\ZeusGameover_Feb2014\output.1301364.old,malware,ZeusGameover_Feb2014
010Editor.exe,C:\samples\benign\program_files\010Editor.exe,benign,Benign
4DDiG Partition Manager.exe,C:\samples\benign\program_files\4DDiG Partition Manager.exe,benign,Benign
7z.exe,C:\samples\benign\program_files\7z.exe,benign,Benign
7zFM.exe,C:\samples\benign\program_files\7zFM.exe,benign,Benign
7zG.exe,C:\samples\benign\program_files\7zG.exe,benign,Benign
AccCheckConsole.exe,C:\samples\benign\program_files\AccCheckConsole.exe,benign,Benign
acccheckui.exe,C:\samples\benign\program_files\acccheckui.exe,benign,Benign
accevent.exe,C:\samples\benign\program_files\accevent.exe,benign,Benign
ActivateApplication.exe,C:\samples\benign\program_files\ActivateApplication.exe,benign,Benign
AddBootMenu.exe,C:\samples\benign\program_files\AddBootMenu.exe,benign,Benign
adig.exe,C:\samples\benign\program_files\adig.exe,benign,Benign
adpcmencode3.exe,C:\samples\benign\program_files\adpcmencode3.exe,benign,Benign
AgentService.exe,C:\samples\benign\program_files\AgentService.exe,benign,Benign
ahost.exe,C:\samples\benign\program_files\ahost.exe,benign,Benign
aitstatic.exe,C:\samples\benign\program_files\aitstatic.exe,benign,Benign
AntiDDoS.exe,C:\samples\benign\program_files\AntiDDoS.exe,benign,Benign
antiword.exe,C:\samples\benign\program_files\antiword.exe,benign,Benign
appcert.exe,C:\samples\benign\program_files\appcert.exe,benign,Benign
appcertui.exe,C:\samples\benign\program_files\appcertui.exe,benign,Benign
apphost.exe,C:\samples\benign\program_files\apphost.exe,benign,Benign
appletviewer.exe,C:\samples\benign\program_files\appletviewer.exe,benign,Benign
arch.exe,C:\samples\benign\program_files\arch.exe,benign,Benign
assistant.exe,C:\samples\benign\program_files\assistant.exe,benign,Benign
AutoHotkey.exe,C:\samples\benign\program_files\AutoHotkey.exe,benign,Benign
AutoHotkey32.exe,C:\samples\benign\program_files\AutoHotkey32.exe,benign,Benign
AutoHotkey32_UIA.exe,C:\samples\benign\program_files\AutoHotkey32_UIA.exe,benign,Benign
AutoHotkey64.exe,C:\samples\benign\program_files\AutoHotkey64.exe,benign,Benign
AutoHotkey64_UIA.exe,C:\samples\benign\program_files\AutoHotkey64_UIA.exe,benign,Benign
AutoHotkeyA32.exe,C:\samples\benign\program_files\AutoHotkeyA32.exe,benign,Benign
AutoHotkeyU32.exe,C:\samples\benign\program_files\AutoHotkeyU32.exe,benign,Benign
AutoHotkeyU64.exe,C:\samples\benign\program_files\AutoHotkeyU64.exe,benign,Benign
AutoHotkeyUX.exe,C:\samples\benign\program_files\AutoHotkeyUX.exe,benign,Benign
awk.exe,C:\samples\benign\program_files\awk.exe,benign,Benign
b2sum.exe,C:\samples\benign\program_files\b2sum.exe,benign,Benign
BackgroundDownload.exe,C:\samples\benign\program_files\BackgroundDownload.exe,benign,Benign
base32.exe,C:\samples\benign\program_files\base32.exe,benign,Benign
base64.exe,C:\samples\benign\program_files\base64.exe,benign,Benign
basename.exe,C:\samples\benign\program_files\basename.exe,benign,Benign
basenc.exe,C:\samples\benign\program_files\basenc.exe,benign,Benign
bash.exe,C:\samples\benign\program_files\bash.exe,benign,Benign
bcdboot.exe,C:\samples\benign\program_files\bcdboot.exe,benign,Benign
betest.exe,C:\samples\benign\program_files\betest.exe,benign,Benign
blocked-file-util.exe,C:\samples\benign\program_files\blocked-file-util.exe,benign,Benign
BlockerService.exe,C:\samples\benign\program_files\BlockerService.exe,benign,Benign
bootsect.exe,C:\samples\benign\program_files\bootsect.exe,benign,Benign
BootTrigger.exe,C:\samples\benign\program_files\BootTrigger.exe,benign,Benign
brotli.exe,C:\samples\benign\program_files\brotli.exe,benign,Benign
BrowserCore.exe,C:\samples\benign\program_files\BrowserCore.exe,benign,Benign
bscmake.exe,C:\samples\benign\program_files\bscmake.exe,benign,Benign
BsSndRpt.exe,C:\samples\benign\program_files\BsSndRpt.exe,benign,Benign
BsSndRpt64.exe,C:\samples\benign\program_files\BsSndRpt64.exe,benign,Benign
bulkmetadatapackagingwizard.exe,C:\samples\benign\program_files\bulkmetadatapackagingwizard.exe,benign,Benign
bunzip2.exe,C:\samples\benign\program_files\bunzip2.exe,benign,Benign
bzcat.exe,C:\samples\benign\program_files\bzcat.exe,benign,Benign
bzip2.exe,C:\samples\benign\program_files\bzip2.exe,benign,Benign
bzip2recover.exe,C:\samples\benign\program_files\bzip2recover.exe,benign,Benign
captoinfo.exe,C:\samples\benign\program_files\captoinfo.exe,benign,Benign
cat.exe,C:\samples\benign\program_files\cat.exe,benign,Benign
cert2spc.exe,C:\samples\benign\program_files\cert2spc.exe,benign,Benign
certmgr.exe,C:\samples\benign\program_files\certmgr.exe,benign,Benign
chattr.exe,C:\samples\benign\program_files\chattr.exe,benign,Benign
chcon.exe,C:\samples\benign\program_files\chcon.exe,benign,Benign
CheckHyperVHost.exe,C:\samples\benign\program_files\CheckHyperVHost.exe,benign,Benign
chgrp.exe,C:\samples\benign\program_files\chgrp.exe,benign,Benign
chmod.exe,C:\samples\benign\program_files\chmod.exe,benign,Benign
chown.exe,C:\samples\benign\program_files\chown.exe,benign,Benign
chrmstp.exe,C:\samples\benign\program_files\chrmstp.exe,benign,Benign
chrome.exe,C:\samples\benign\program_files\chrome.exe,benign,Benign
chrome_proxy.exe,C:\samples\benign\program_files\chrome_proxy.exe,benign,Benign
chrome_pwa_launcher.exe,C:\samples\benign\program_files\chrome_pwa_launcher.exe,benign,Benign
chroot.exe,C:\samples\benign\program_files\chroot.exe,benign,Benign
cksum.exe,C:\samples\benign\program_files\cksum.exe,benign,Benign
cl.exe,C:\samples\benign\program_files\cl.exe,benign,Benign
clear.exe,C:\samples\benign\program_files\clear.exe,benign,Benign
cmake.exe,C:\samples\benign\program_files\cmake.exe,benign,Benign
cmcldeps.exe,C:\samples\benign\program_files\cmcldeps.exe,benign,Benign
cmp.exe,C:\samples\benign\program_files\cmp.exe,benign,Benign
column.exe,C:\samples\benign\program_files\column.exe,benign,Benign
comm.exe,C:\samples\benign\program_files\comm.exe,benign,Benign
ComparePackage.exe,C:\samples\benign\program_files\ComparePackage.exe,benign,Benign
compat-bash.exe,C:\samples\benign\program_files\compat-bash.exe,benign,Benign
computerhardwareids.exe,C:\samples\benign\program_files\computerhardwareids.exe,benign,Benign
ConfigSecurityPolicy.exe,C:\samples\benign\program_files\ConfigSecurityPolicy.exe,benign,Benign
connect.exe,C:\samples\benign\program_files\connect.exe,benign,Benign
conversionpixel.exe,C:\samples\benign\program_files\conversionpixel.exe,benign,Benign
convert-moftoprovider.exe,C:\samples\benign\program_files\convert-moftoprovider.exe,benign,Benign
cookie_exporter.exe,C:\samples\benign\program_files\cookie_exporter.exe,benign,Benign
CornerTips.exe,C:\samples\benign\program_files\CornerTips.exe,benign,Benign
cp.exe,C:\samples\benign\program_files\cp.exe,benign,Benign
cpack.exe,C:\samples\benign\program_files\cpack.exe,benign,Benign
cppwinrt.exe,C:\samples\benign\program_files\cppwinrt.exe,benign,Benign
create-shortcut.exe,C:\samples\benign\program_files\create-shortcut.exe,benign,Benign
createdump.exe,C:\samples\benign\program_files\createdump.exe,benign,Benign
csc.exe,C:\samples\benign\program_files\csc.exe,benign,Benign
csi.exe,C:\samples\benign\program_files\csi.exe,benign,Benign
csplit.exe,C:\samples\benign\program_files\csplit.exe,benign,Benign
ctest.exe,C:\samples\benign\program_files\ctest.exe,benign,Benign
ctrpp.exe,C:\samples\benign\program_files\ctrpp.exe,benign,Benign
curl.exe,C:\samples\benign\program_files\curl.exe,benign,Benign
cut.exe,C:\samples\benign\program_files\cut.exe,benign,Benign
cvtres.exe,C:\samples\benign\program_files\cvtres.exe,benign,Benign
cygcheck.exe,C:\samples\benign\program_files\cygcheck.exe,benign,Benign
cygpath.exe,C:\samples\benign\program_files\cygpath.exe,benign,Benign
cygwin-console-helper.exe,C:\samples\benign\program_files\cygwin-console-helper.exe,benign,Benign
d2u.exe,C:\samples\benign\program_files\d2u.exe,benign,Benign
dash.exe,C:\samples\benign\program_files\dash.exe,benign,Benign
datacollector.arm64.exe,C:\samples\benign\program_files\datacollector.arm64.exe,benign,Benign
datacollector.exe,C:\samples\benign\program_files\datacollector.exe,benign,Benign
DataScanService.exe,C:\samples\benign\program_files\DataScanService.exe,benign,Benign
date.exe,C:\samples\benign\program_files\date.exe,benign,Benign
dd.exe,C:\samples\benign\program_files\dd.exe,benign,Benign
DeployUtil.exe,C:\samples\benign\program_files\DeployUtil.exe,benign,Benign
DeviceMetadataWizard.exe,C:\samples\benign\program_files\DeviceMetadataWizard.exe,benign,Benign
DeviceViewerService.exe,C:\samples\benign\program_files\DeviceViewerService.exe,benign,Benign
df.exe,C:\samples\benign\program_files\df.exe,benign,Benign
diff.exe,C:\samples\benign\program_files\diff.exe,benign,Benign
diff3.exe,C:\samples\benign\program_files\diff3.exe,benign,Benign
dir.exe,C:\samples\benign\program_files\dir.exe,benign,Benign
dircolors.exe,C:\samples\benign\program_files\dircolors.exe,benign,Benign
dirmngr-client.exe,C:\samples\benign\program_files\dirmngr-client.exe,benign,Benign
dirmngr.exe,C:\samples\benign\program_files\dirmngr.exe,benign,Benign
dirname.exe,C:\samples\benign\program_files\dirname.exe,benign,Benign
diskspd32.exe,C:\samples\benign\program_files\diskspd32.exe,benign,Benign
diskspd64.exe,C:\samples\benign\program_files\diskspd64.exe,benign,Benign
dism.exe,C:\samples\benign\program_files\dism.exe,benign,Benign
dos2unix.exe,C:\samples\benign\program_files\dos2unix.exe,benign,Benign
dotnet.exe,C:\samples\benign\program_files\dotnet.exe,benign,Benign
DTUDriver.exe,C:\samples\benign\program_files\DTUDriver.exe,benign,Benign
du.exe,C:\samples\benign\program_files\du.exe,benign,Benign
dump64.exe,C:\samples\benign\program_files\dump64.exe,benign,Benign
dump64a.exe,C:\samples\benign\program_files\dump64a.exe,benign,Benign
dumpbin.exe,C:\samples\benign\program_files\dumpbin.exe,benign,Benign
DumpMinitool.arm64.exe,C:\samples\benign\program_files\DumpMinitool.arm64.exe,benign,Benign
DumpMinitool.exe,C:\samples\benign\program_files\DumpMinitool.exe,benign,Benign
DumpMinitool.x86.exe,C:\samples\benign\program_files\DumpMinitool.x86.exe,benign,Benign
dumpsexp.exe,C:\samples\benign\program_files\dumpsexp.exe,benign,Benign
dxc.exe,C:\samples\benign\program_files\dxc.exe,benign,Benign
dxcapsviewer.exe,C:\samples\benign\program_files\dxcapsviewer.exe,benign,Benign
echo.exe,C:\samples\benign\program_files\echo.exe,benign,Benign
edit-git-bash.exe,C:\samples\benign\program_files\edit-git-bash.exe,benign,Benign
editbin.exe,C:\samples\benign\program_files\editbin.exe,benign,Benign
edit_test.exe,C:\samples\benign\program_files\edit_test.exe,benign,Benign
edit_test_dll.exe,C:\samples\benign\program_files\edit_test_dll.exe,benign,Benign
elevated_tracing_service.exe,C:\samples\benign\program_files\elevated_tracing_service.exe,benign,Benign
elevation_service.exe,C:\samples\benign\program_files\elevation_service.exe,benign,Benign
env.exe,C:\samples\benign\program_files\env.exe,benign,Benign
envsubst.exe,C:\samples\benign\program_files\envsubst.exe,benign,Benign
errlook.exe,C:\samples\benign\program_files\errlook.exe,benign,Benign
esd2iso.exe,C:\samples\benign\program_files\esd2iso.exe,benign,Benign
espexe.exe,C:\samples\benign\program_files\espexe.exe,benign,Benign
ex.exe,C:\samples\benign\program_files\ex.exe,benign,Benign
expand.exe,C:\samples\benign\program_files\expand.exe,benign,Benign
expediteupdater.exe,C:\samples\benign\program_files\expediteupdater.exe,benign,Benign
experience.exe,C:\samples\benign\program_files\experience.exe,benign,Benign
experience_01.exe,C:\samples\benign\program_files\experience_01.exe,benign,Benign
expr.exe,C:\samples\benign\program_files\expr.exe,benign,Benign
extcheck.exe,C:\samples\benign\program_files\extcheck.exe,benign,Benign
ExtExport.exe,C:\samples\benign\program_files\ExtExport.exe,benign,Benign
extidgen.exe,C:\samples\benign\program_files\extidgen.exe,benign,Benign
factor.exe,C:\samples\benign\program_files\factor.exe,benign,Benign
false.exe,C:\samples\benign\program_files\false.exe,benign,Benign
feedback.exe,C:\samples\benign\program_files\feedback.exe,benign,Benign
file.exe,C:\samples\benign\program_files\file.exe,benign,Benign
filetypeverifier.exe,C:\samples\benign\program_files\filetypeverifier.exe,benign,Benign
filtdump.exe,C:\samples\benign\program_files\filtdump.exe,benign,Benign
filtreg.exe,C:\samples\benign\program_files\filtreg.exe,benign,Benign
find.exe,C:\samples\benign\program_files\find.exe,benign,Benign
fmt.exe,C:\samples\benign\program_files\fmt.exe,benign,Benign
fold.exe,C:\samples\benign\program_files\fold.exe,benign,Benign
frcode.exe,C:\samples\benign\program_files\frcode.exe,benign,Benign
ftquery.exe,C:\samples\benign\program_files\ftquery.exe,benign,Benign
funzip.exe,C:\samples\benign\program_files\funzip.exe,benign,Benign
fxc.exe,C:\samples\benign\program_files\fxc.exe,benign,Benign
FxCopCmd.exe,C:\samples\benign\program_files\FxCopCmd.exe,benign,Benign
gamesaveutil.exe,C:\samples\benign\program_files\gamesaveutil.exe,benign,Benign
gawk-5.0.0.exe,C:\samples\benign\program_files\gawk-5.0.0.exe,benign,Benign
gawk.exe,C:\samples\benign\program_files\gawk.exe,benign,Benign
gc.exe,C:\samples\benign\program_files\gc.exe,benign,Benign
gencat.exe,C:\samples\benign\program_files\gencat.exe,benign,Benign
genmanifest.exe,C:\samples\benign\program_files\genmanifest.exe,benign,Benign
getconf.exe,C:\samples\benign\program_files\getconf.exe,benign,Benign
getfacl.exe,C:\samples\benign\program_files\getfacl.exe,benign,Benign
getopt.exe,C:\samples\benign\program_files\getopt.exe,benign,Benign
getprocaddr32.exe,C:\samples\benign\program_files\getprocaddr32.exe,benign,Benign
getprocaddr64.exe,C:\samples\benign\program_files\getprocaddr64.exe,benign,Benign
gettext.exe,C:\samples\benign\program_files\gettext.exe,benign,Benign
git-askpass.exe,C:\samples\benign\program_files\git-askpass.exe,benign,Benign
git-askyesno.exe,C:\samples\benign\program_files\git-askyesno.exe,benign,Benign
git-bash.exe,C:\samples\benign\program_files\git-bash.exe,benign,Benign
git-cmd.exe,C:\samples\benign\program_files\git-cmd.exe,benign,Benign
git-credential-helper-selector.exe,C:\samples\benign\program_files\git-credential-helper-selector.exe,benign,Benign
git-credential-manager.exe,C:\samples\benign\program_files\git-credential-manager.exe,benign,Benign
git-credential-wincred.exe,C:\samples\benign\program_files\git-credential-wincred.exe,benign,Benign
git-daemon.exe,C:\samples\benign\program_files\git-daemon.exe,benign,Benign
git-gui.exe,C:\samples\benign\program_files\git-gui.exe,benign,Benign
git-http-backend.exe,C:\samples\benign\program_files\git-http-backend.exe,benign,Benign
git-http-fetch.exe,C:\samples\benign\program_files\git-http-fetch.exe,benign,Benign
git-http-push.exe,C:\samples\benign\program_files\git-http-push.exe,benign,Benign
git-imap-send.exe,C:\samples\benign\program_files\git-imap-send.exe,benign,Benign
git-lfs.exe,C:\samples\benign\program_files\git-lfs.exe,benign,Benign
git-receive-pack.exe,C:\samples\benign\program_files\git-receive-pack.exe,benign,Benign
git-remote-ftp.exe,C:\samples\benign\program_files\git-remote-ftp.exe,benign,Benign
git-remote-ftps.exe,C:\samples\benign\program_files\git-remote-ftps.exe,benign,Benign
git-remote-http.exe,C:\samples\benign\program_files\git-remote-http.exe,benign,Benign
git-remote-https.exe,C:\samples\benign\program_files\git-remote-https.exe,benign,Benign
git-sh-i18n--envsubst.exe,C:\samples\benign\program_files\git-sh-i18n--envsubst.exe,benign,Benign
git-upload-archive.exe,C:\samples\benign\program_files\git-upload-archive.exe,benign,Benign
git-upload-pack.exe,C:\samples\benign\program_files\git-upload-pack.exe,benign,Benign
git-wrapper.exe,C:\samples\benign\program_files\git-wrapper.exe,benign,Benign
git.exe,C:\samples\benign\program_files\git.exe,benign,Benign
gitk.exe,C:\samples\benign\program_files\gitk.exe,benign,Benign
gkill.exe,C:\samples\benign\program_files\gkill.exe,benign,Benign
gmondump.exe,C:\samples\benign\program_files\gmondump.exe,benign,Benign
GoogleUpdate.exe,C:\samples\benign\program_files\GoogleUpdate.exe,benign,Benign
gpg-agent.exe,C:\samples\benign\program_files\gpg-agent.exe,benign,Benign
gpg-auth.exe,C:\samples\benign\program_files\gpg-auth.exe,benign,Benign
gpg-card.exe,C:\samples\benign\program_files\gpg-card.exe,benign,Benign
gpg-check-pattern.exe,C:\samples\benign\program_files\gpg-check-pattern.exe,benign,Benign
gpg-connect-agent.exe,C:\samples\benign\program_files\gpg-connect-agent.exe,benign,Benign
gpg-error.exe,C:\samples\benign\program_files\gpg-error.exe,benign,Benign
gpg-pair-tool.exe,C:\samples\benign\program_files\gpg-pair-tool.exe,benign,Benign
gpg-preset-passphrase.exe,C:\samples\benign\program_files\gpg-preset-passphrase.exe,benign,Benign
gpg-protect-tool.exe,C:\samples\benign\program_files\gpg-protect-tool.exe,benign,Benign
gpg-wks-client.exe,C:\samples\benign\program_files\gpg-wks-client.exe,benign,Benign
gpg-wks-server.exe,C:\samples\benign\program_files\gpg-wks-server.exe,benign,Benign
gpg.exe,C:\samples\benign\program_files\gpg.exe,benign,Benign
gpgconf.exe,C:\samples\benign\program_files\gpgconf.exe,benign,Benign
gpgparsemail.exe,C:\samples\benign\program_files\gpgparsemail.exe,benign,Benign
gpgscm.exe,C:\samples\benign\program_files\gpgscm.exe,benign,Benign
gpgsm.exe,C:\samples\benign\program_files\gpgsm.exe,benign,Benign
gpgsplit.exe,C:\samples\benign\program_files\gpgsplit.exe,benign,Benign
gpgtar.exe,C:\samples\benign\program_files\gpgtar.exe,benign,Benign
gpgv.exe,C:\samples\benign\program_files\gpgv.exe,benign,Benign
graphedt.exe,C:\samples\benign\program_files\graphedt.exe,benign,Benign
grcat.exe,C:\samples\benign\program_files\grcat.exe,benign,Benign
grep.exe,C:\samples\benign\program_files\grep.exe,benign,Benign
groups.exe,C:\samples\benign\program_files\groups.exe,benign,Benign
guidgen.exe,C:\samples\benign\program_files\guidgen.exe,benign,Benign
GUP.exe,C:\samples\benign\program_files\GUP.exe,benign,Benign
gzip.exe,C:\samples\benign\program_files\gzip.exe,benign,Benign
head.exe,C:\samples\benign\program_files\head.exe,benign,Benign
headless-git.exe,C:\samples\benign\program_files\headless-git.exe,benign,Benign
hmac256.exe,C:\samples\benign\program_files\hmac256.exe,benign,Benign
hostid.exe,C:\samples\benign\program_files\hostid.exe,benign,Benign
hostname.exe,C:\samples\benign\program_files\hostname.exe,benign,Benign
HxD.exe,C:\samples\benign\program_files\HxD.exe,benign,Benign
i686-w64-mingw32-agrep.exe,C:\samples\benign\program_files\i686-w64-mingw32-agrep.exe,benign,Benign
iconv.exe,C:\samples\benign\program_files\iconv.exe,benign,Benign
id.exe,C:\samples\benign\program_files\id.exe,benign,Benign
ida64.exe,C:\samples\benign\program_files\ida64.exe,benign,Benign
identity_helper.exe,C:\samples\benign\program_files\identity_helper.exe,benign,Benign
idlj.exe,C:\samples\benign\program_files\idlj.exe,benign,Benign
iediagcmd.exe,C:\samples\benign\program_files\iediagcmd.exe,benign,Benign
ieinstal.exe,C:\samples\benign\program_files\ieinstal.exe,benign,Benign
ielowutil.exe,C:\samples\benign\program_files\ielowutil.exe,benign,Benign
iexplore.exe,C:\samples\benign\program_files\iexplore.exe,benign,Benign
ie_to_edge_stub.exe,C:\samples\benign\program_files\ie_to_edge_stub.exe,benign,Benign
ifc.exe,C:\samples\benign\program_files\ifc.exe,benign,Benign
ifilttst.exe,C:\samples\benign\program_files\ifilttst.exe,benign,Benign
ImagingDevices.exe,C:\samples\benign\program_files\ImagingDevices.exe,benign,Benign
infocmp.exe,C:\samples\benign\program_files\infocmp.exe,benign,Benign
infotocap.exe,C:\samples\benign\program_files\infotocap.exe,benign,Benign
initsrv.exe,C:\samples\benign\program_files\initsrv.exe,benign,Benign
InputPersonalization.exe,C:\samples\benign\program_files\InputPersonalization.exe,benign,Benign
inspect.exe,C:\samples\benign\program_files\inspect.exe,benign,Benign
install.exe,C:\samples\benign\program_files\install.exe,benign,Benign
InstallCleanup.exe,C:\samples\benign\program_files\InstallCleanup.exe,benign,Benign
IPBlockerDemon.exe,C:\samples\benign\program_files\IPBlockerDemon.exe,benign,Benign
isxps.exe,C:\samples\benign\program_files\isxps.exe,benign,Benign
jabswitch.exe,C:\samples\benign\program_files\jabswitch.exe,benign,Benign
jaccessinspector.exe,C:\samples\benign\program_files\jaccessinspector.exe,benign,Benign
jaccesswalker.exe,C:\samples\benign\program_files\jaccesswalker.exe,benign,Benign
jar.exe,C:\samples\benign\program_files\jar.exe,benign,Benign
jarsigner.exe,C:\samples\benign\program_files\jarsigner.exe,benign,Benign
jaureg.exe,C:\samples\benign\program_files\jaureg.exe,benign,Benign
java-rmi.exe,C:\samples\benign\program_files\java-rmi.exe,benign,Benign
java.exe,C:\samples\benign\program_files\java.exe,benign,Benign
javac.exe,C:\samples\benign\program_files\javac.exe,benign,Benign
javacpl.exe,C:\samples\benign\program_files\javacpl.exe,benign,Benign
javadoc.exe,C:\samples\benign\program_files\javadoc.exe,benign,Benign
javafxpackager.exe,C:\samples\benign\program_files\javafxpackager.exe,benign,Benign
javah.exe,C:\samples\benign\program_files\javah.exe,benign,Benign
javap.exe,C:\samples\benign\program_files\javap.exe,benign,Benign
javapackager.exe,C:\samples\benign\program_files\javapackager.exe,benign,Benign
javaw.exe,C:\samples\benign\program_files\javaw.exe,benign,Benign
javaws.exe,C:\samples\benign\program_files\javaws.exe,benign,Benign
jcmd.exe,C:\samples\benign\program_files\jcmd.exe,benign,Benign
jconsole.exe,C:\samples\benign\program_files\jconsole.exe,benign,Benign
jdb.exe,C:\samples\benign\program_files\jdb.exe,benign,Benign
jdeps.exe,C:\samples\benign\program_files\jdeps.exe,benign,Benign
jfr.exe,C:\samples\benign\program_files\jfr.exe,benign,Benign
jhat.exe,C:\samples\benign\program_files\jhat.exe,benign,Benign
jinfo.exe,C:\samples\benign\program_files\jinfo.exe,benign,Benign
jjs.exe,C:\samples\benign\program_files\jjs.exe,benign,Benign
jmap.exe,C:\samples\benign\program_files\jmap.exe,benign,Benign
jmc.exe,C:\samples\benign\program_files\jmc.exe,benign,Benign
join.exe,C:\samples\benign\program_files\join.exe,benign,Benign
jp2launcher.exe,C:\samples\benign\program_files\jp2launcher.exe,benign,Benign
jps.exe,C:\samples\benign\program_files\jps.exe,benign,Benign
jrunscript.exe,C:\samples\benign\program_files\jrunscript.exe,benign,Benign
jsadebugd.exe,C:\samples\benign\program_files\jsadebugd.exe,benign,Benign
jsconstraintdebug.exe,C:\samples\benign\program_files\jsconstraintdebug.exe,benign,Benign
jstack.exe,C:\samples\benign\program_files\jstack.exe,benign,Benign
jstat.exe,C:\samples\benign\program_files\jstat.exe,benign,Benign
jstatd.exe,C:\samples\benign\program_files\jstatd.exe,benign,Benign
jucheck.exe,C:\samples\benign\program_files\jucheck.exe,benign,Benign
jusched.exe,C:\samples\benign\program_files\jusched.exe,benign,Benign
jvisualvm.exe,C:\samples\benign\program_files\jvisualvm.exe,benign,Benign
kbxutil.exe,C:\samples\benign\program_files\kbxutil.exe,benign,Benign
keyboxd.exe,C:\samples\benign\program_files\keyboxd.exe,benign,Benign
keytool.exe,C:\samples\benign\program_files\keytool.exe,benign,Benign
kill.exe,C:\samples\benign\program_files\kill.exe,benign,Benign
kinit.exe,C:\samples\benign\program_files\kinit.exe,benign,Benign
klist.exe,C:\samples\benign\program_files\klist.exe,benign,Benign
ktab.exe,C:\samples\benign\program_files\ktab.exe,benign,Benign
ldd.exe,C:\samples\benign\program_files\ldd.exe,benign,Benign
ldh.exe,C:\samples\benign\program_files\ldh.exe,benign,Benign
less.exe,C:\samples\benign\program_files\less.exe,benign,Benign
lessecho.exe,C:\samples\benign\program_files\lessecho.exe,benign,Benign
lesskey.exe,C:\samples\benign\program_files\lesskey.exe,benign,Benign
lib.exe,C:\samples\benign\program_files\lib.exe,benign,Benign
lib_USBFormatSDK.exe,C:\samples\benign\program_files\lib_USBFormatSDK.exe,benign,Benign
link.exe,C:\samples\benign\program_files\link.exe,benign,Benign
ln.exe,C:\samples\benign\program_files\ln.exe,benign,Benign
locale.exe,C:\samples\benign\program_files\locale.exe,benign,Benign
locate.exe,C:\samples\benign\program_files\locate.exe,benign,Benign
logname.exe,C:\samples\benign\program_files\logname.exe,benign,Benign
ls.exe,C:\samples\benign\program_files\ls.exe,benign,Benign
lsattr.exe,C:\samples\benign\program_files\lsattr.exe,benign,Benign
lzmadec.exe,C:\samples\benign\program_files\lzmadec.exe,benign,Benign
lzmainfo.exe,C:\samples\benign\program_files\lzmainfo.exe,benign,Benign
mac2unix.exe,C:\samples\benign\program_files\mac2unix.exe,benign,Benign
makeappx.exe,C:\samples\benign\program_files\makeappx.exe,benign,Benign
makecat.exe,C:\samples\benign\program_files\makecat.exe,benign,Benign
makecert.exe,C:\samples\benign\program_files\makecert.exe,benign,Benign
makehm.exe,C:\samples\benign\program_files\makehm.exe,benign,Benign
makepri.exe,C:\samples\benign\program_files\makepri.exe,benign,Benign
mbidgenerator.exe,C:\samples\benign\program_files\mbidgenerator.exe,benign,Benign
mc.exe,C:\samples\benign\program_files\mc.exe,benign,Benign
md5sum.exe,C:\samples\benign\program_files\md5sum.exe,benign,Benign
mdmerge.exe,C:\samples\benign\program_files\mdmerge.exe,benign,Benign
mftrace.exe,C:\samples\benign\program_files\mftrace.exe,benign,Benign
Microsoft.VisualStudio.Setup.ToastNotification.exe,C:\samples\benign\program_files\Microsoft.VisualStudio.Setup.ToastNotification.exe,benign,Benign
microsoft.windows.softwarelogo.appxlauncher.exe,C:\samples\benign\program_files\microsoft.windows.softwarelogo.appxlauncher.exe,benign,Benign
microsoft.windows.softwarelogo.taskengine.exe,C:\samples\benign\program_files\microsoft.windows.softwarelogo.taskengine.exe,benign,Benign
MicrosoftEdgeComRegisterShellARM64.exe,C:\samples\benign\program_files\MicrosoftEdgeComRegisterShellARM64.exe,benign,Benign
MicrosoftEdgeUpdate.exe,C:\samples\benign\program_files\MicrosoftEdgeUpdate.exe,benign,Benign
MicrosoftEdgeUpdateBroker.exe,C:\samples\benign\program_files\MicrosoftEdgeUpdateBroker.exe,benign,Benign
MicrosoftEdgeUpdateComRegisterShell64.exe,C:\samples\benign\program_files\MicrosoftEdgeUpdateComRegisterShell64.exe,benign,Benign
MicrosoftEdgeUpdateCore.exe,C:\samples\benign\program_files\MicrosoftEdgeUpdateCore.exe,benign,Benign
MicrosoftEdgeUpdateOnDemand.exe,C:\samples\benign\program_files\MicrosoftEdgeUpdateOnDemand.exe,benign,Benign
MicrosoftEdgeUpdateSetup.exe,C:\samples\benign\program_files\MicrosoftEdgeUpdateSetup.exe,benign,Benign
MicrosoftEdgeUpdateSetup_X86_1.3.195.49.exe,C:\samples\benign\program_files\MicrosoftEdgeUpdateSetup_X86_1.3.195.49.exe,benign,Benign
MicrosoftEdgeWebview2Setup.exe,C:\samples\benign\program_files\MicrosoftEdgeWebview2Setup.exe,benign,Benign
MicrosoftEdge_X86_135.0.3179.85.exe,C:\samples\benign\program_files\MicrosoftEdge_X86_135.0.3179.85.exe,benign,Benign
midl.exe,C:\samples\benign\program_files\midl.exe,benign,Benign
midlc.exe,C:\samples\benign\program_files\midlc.exe,benign,Benign
midlrt.exe,C:\samples\benign\program_files\midlrt.exe,benign,Benign
minidumper.exe,C:\samples\benign\program_files\minidumper.exe,benign,Benign
MiniIPBlocker.exe,C:\samples\benign\program_files\MiniIPBlocker.exe,benign,Benign
mintty.exe,C:\samples\benign\program_files\mintty.exe,benign,Benign
mip.exe,C:\samples\benign\program_files\mip.exe,benign,Benign
mkdir.exe,C:\samples\benign\program_files\mkdir.exe,benign,Benign
mkfifo.exe,C:\samples\benign\program_files\mkfifo.exe,benign,Benign
mkgroup.exe,C:\samples\benign\program_files\mkgroup.exe,benign,Benign
mknod.exe,C:\samples\benign\program_files\mknod.exe,benign,Benign
mkpasswd.exe,C:\samples\benign\program_files\mkpasswd.exe,benign,Benign
mktemp.exe,C:\samples\benign\program_files\mktemp.exe,benign,Benign
ml.exe,C:\samples\benign\program_files\ml.exe,benign,Benign
ml64.exe,C:\samples\benign\program_files\ml64.exe,benign,Benign
mlgen.exe,C:\samples\benign\program_files\mlgen.exe,benign,Benign
Monitor.exe,C:\samples\benign\program_files\Monitor.exe,benign,Benign
mosquitto.exe,C:\samples\benign\program_files\mosquitto.exe,benign,Benign
mosquitto_ctrl.exe,C:\samples\benign\program_files\mosquitto_ctrl.exe,benign,Benign
mosquitto_passwd.exe,C:\samples\benign\program_files\mosquitto_passwd.exe,benign,Benign
mosquitto_pub.exe,C:\samples\benign\program_files\mosquitto_pub.exe,benign,Benign
mosquitto_rr.exe,C:\samples\benign\program_files\mosquitto_rr.exe,benign,Benign
mosquitto_sub.exe,C:\samples\benign\program_files\mosquitto_sub.exe,benign,Benign
mount.exe,C:\samples\benign\program_files\mount.exe,benign,Benign
MountDriveImageService.exe,C:\samples\benign\program_files\MountDriveImageService.exe,benign,Benign
MpCmdRun.exe,C:\samples\benign\program_files\MpCmdRun.exe,benign,Benign
mpicalc.exe,C:\samples\benign\program_files\mpicalc.exe,benign,Benign
MSBuild.exe,C:\samples\benign\program_files\MSBuild.exe,benign,Benign
MSBuildTaskHost.exe,C:\samples\benign\program_files\MSBuildTaskHost.exe,benign,Benign
msedge.exe,C:\samples\benign\program_files\msedge.exe,benign,Benign
msedgewebview2.exe,C:\samples\benign\program_files\msedgewebview2.exe,benign,Benign
msedge_proxy.exe,C:\samples\benign\program_files\msedge_proxy.exe,benign,Benign
msedge_pwa_launcher.exe,C:\samples\benign\program_files\msedge_pwa_launcher.exe,benign,Benign
MsiCert.exe,C:\samples\benign\program_files\MsiCert.exe,benign,Benign
MsiDb.exe,C:\samples\benign\program_files\MsiDb.exe,benign,Benign
MsiFiler.exe,C:\samples\benign\program_files\MsiFiler.exe,benign,Benign
MsiInfo.exe,C:\samples\benign\program_files\MsiInfo.exe,benign,Benign
Msimerg.exe,C:\samples\benign\program_files\Msimerg.exe,benign,Benign
MsiMsp.exe,C:\samples\benign\program_files\MsiMsp.exe,benign,Benign
msinfo32.exe,C:\samples\benign\program_files\msinfo32.exe,benign,Benign
MsiTran.exe,C:\samples\benign\program_files\MsiTran.exe,benign,Benign
MsMpEng.exe,C:\samples\benign\program_files\MsMpEng.exe,benign,Benign
mspdbcmf.exe,C:\samples\benign\program_files\mspdbcmf.exe,benign,Benign
mspdbsrv.exe,C:\samples\benign\program_files\mspdbsrv.exe,benign,Benign
MsSense.exe,C:\samples\benign\program_files\MsSense.exe,benign,Benign
mt.exe,C:\samples\benign\program_files\mt.exe,benign,Benign
MTMediaBuilder.exe,C:\samples\benign\program_files\MTMediaBuilder.exe,benign,Benign
MTPELoader.exe,C:\samples\benign\program_files\MTPELoader.exe,benign,Benign
muirct.exe,C:\samples\benign\program_files\muirct.exe,benign,Benign
mv.exe,C:\samples\benign\program_files\mv.exe,benign,Benign
nano.exe,C:\samples\benign\program_files\nano.exe,benign,Benign
nasm.exe,C:\samples\benign\program_files\nasm.exe,benign,Benign
native2ascii.exe,C:\samples\benign\program_files\native2ascii.exe,benign,Benign
nbexec.exe,C:\samples\benign\program_files\nbexec.exe,benign,Benign
nbexec64.exe,C:\samples\benign\program_files\nbexec64.exe,benign,Benign
ndisasm.exe,C:\samples\benign\program_files\ndisasm.exe,benign,Benign
NetFrameCheck.exe,C:\samples\benign\program_files\NetFrameCheck.exe,benign,Benign
nettle-hash.exe,C:\samples\benign\program_files\nettle-hash.exe,benign,Benign
nettle-lfib-stream.exe,C:\samples\benign\program_files\nettle-lfib-stream.exe,benign,Benign
nettle-pbkdf2.exe,C:\samples\benign\program_files\nettle-pbkdf2.exe,benign,Benign
new_edge_proxy.exe,C:\samples\benign\program_files\new_edge_proxy.exe,benign,Benign
new_msedge.exe,C:\samples\benign\program_files\new_msedge.exe,benign,Benign
new_pwahelper.exe,C:\samples\benign\program_files\new_pwahelper.exe,benign,Benign
nice.exe,C:\samples\benign\program_files\nice.exe,benign,Benign
ninja.exe,C:\samples\benign\program_files\ninja.exe,benign,Benign
NisSrv.exe,C:\samples\benign\program_files\NisSrv.exe,benign,Benign
nl.exe,C:\samples\benign\program_files\nl.exe,benign,Benign
nmake.exe,C:\samples\benign\program_files\nmake.exe,benign,Benign
node.exe,C:\samples\benign\program_files\node.exe,benign,Benign
nohup.exe,C:\samples\benign\program_files\nohup.exe,benign,Benign
notepad++.exe,C:\samples\benign\program_files\notepad++.exe,benign,Benign
notification_click_helper.exe,C:\samples\benign\program_files\notification_click_helper.exe,benign,Benign
notification_helper.exe,C:\samples\benign\program_files\notification_helper.exe,benign,Benign
NPFInstall.exe,C:\samples\benign\program_files\NPFInstall.exe,benign,Benign
nproc.exe,C:\samples\benign\program_files\nproc.exe,benign,Benign
numfmt.exe,C:\samples\benign\program_files\numfmt.exe,benign,Benign
od.exe,C:\samples\benign\program_files\od.exe,benign,Benign
odt2txt.exe,C:\samples\benign\program_files\odt2txt.exe,benign,Benign
OfflineScannerShell.exe,C:\samples\benign\program_files\OfflineScannerShell.exe,benign,Benign
old_syslinux.exe,C:\samples\benign\program_files\old_syslinux.exe,benign,Benign
oleview.exe,C:\samples\benign\program_files\oleview.exe,benign,Benign
openssl.exe,C:\samples\benign\program_files\openssl.exe,benign,Benign
orbd.exe,C:\samples\benign\program_files\orbd.exe,benign,Benign
oscdimg.exe,C:\samples\benign\program_files\oscdimg.exe,benign,Benign
os_update_handler.exe,C:\samples\benign\program_files\os_update_handler.exe,benign,Benign
p11-kit-remote.exe,C:\samples\benign\program_files\p11-kit-remote.exe,benign,Benign
p11-kit-server.exe,C:\samples\benign\program_files\p11-kit-server.exe,benign,Benign
p11-kit.exe,C:\samples\benign\program_files\p11-kit.exe,benign,Benign
pack200.exe,C:\samples\benign\program_files\pack200.exe,benign,Benign
PackageEditor.exe,C:\samples\benign\program_files\PackageEditor.exe,benign,Benign
PartitionAssistantService.exe,C:\samples\benign\program_files\PartitionAssistantService.exe,benign,Benign
PartitionManagerService.exe,C:\samples\benign\program_files\PartitionManagerService.exe,benign,Benign
PartitionScanSevice.exe,C:\samples\benign\program_files\PartitionScanSevice.exe,benign,Benign
partitionwizard.exe,C:\samples\benign\program_files\partitionwizard.exe,benign,Benign
passwd.exe,C:\samples\benign\program_files\passwd.exe,benign,Benign
paste.exe,C:\samples\benign\program_files\paste.exe,benign,Benign
patch.exe,C:\samples\benign\program_files\patch.exe,benign,Benign
pathchk.exe,C:\samples\benign\program_files\pathchk.exe,benign,Benign
pdftotext.exe,C:\samples\benign\program_files\pdftotext.exe,benign,Benign
perl.exe,C:\samples\benign\program_files\perl.exe,benign,Benign
perl5.38.2.exe,C:\samples\benign\program_files\perl5.38.2.exe,benign,Benign
pgocvt.exe,C:\samples\benign\program_files\pgocvt.exe,benign,Benign
pgomgr.exe,C:\samples\benign\program_files\pgomgr.exe,benign,Benign
pgosweep.exe,C:\samples\benign\program_files\pgosweep.exe,benign,Benign
picture_decoder.exe,C:\samples\benign\program_files\picture_decoder.exe,benign,Benign
pinentry-w32.exe,C:\samples\benign\program_files\pinentry-w32.exe,benign,Benign
pinentry.exe,C:\samples\benign\program_files\pinentry.exe,benign,Benign
pinky.exe,C:\samples\benign\program_files\pinky.exe,benign,Benign
pipanel.exe,C:\samples\benign\program_files\pipanel.exe,benign,Benign
pkcs1-conv.exe,C:\samples\benign\program_files\pkcs1-conv.exe,benign,Benign
pktextract.exe,C:\samples\benign\program_files\pktextract.exe,benign,Benign
pldd.exe,C:\samples\benign\program_files\pldd.exe,benign,Benign
pluginviewer.exe,C:\samples\benign\program_files\pluginviewer.exe,benign,Benign
PLUGScheduler.exe,C:\samples\benign\program_files\PLUGScheduler.exe,benign,Benign
pmnative.exe,C:\samples\benign\program_files\pmnative.exe,benign,Benign
PMParseRecord.exe,C:\samples\benign\program_files\PMParseRecord.exe,benign,Benign
PMUpdateService.exe,C:\samples\benign\program_files\PMUpdateService.exe,benign,Benign
policytool.exe,C:\samples\benign\program_files\policytool.exe,benign,Benign
pr.exe,C:\samples\benign\program_files\pr.exe,benign,Benign
printenv.exe,C:\samples\benign\program_files\printenv.exe,benign,Benign
printf.exe,C:\samples\benign\program_files\printf.exe,benign,Benign
profiler.exe,C:\samples\benign\program_files\profiler.exe,benign,Benign
proxy-lookup.exe,C:\samples\benign\program_files\proxy-lookup.exe,benign,Benign
ps.exe,C:\samples\benign\program_files\ps.exe,benign,Benign
psl.exe,C:\samples\benign\program_files\psl.exe,benign,Benign
ptx.exe,C:\samples\benign\program_files\ptx.exe,benign,Benign
pvk2pfx.exe,C:\samples\benign\program_files\pvk2pfx.exe,benign,Benign
pwahelper.exe,C:\samples\benign\program_files\pwahelper.exe,benign,Benign
pwcat.exe,C:\samples\benign\program_files\pwcat.exe,benign,Benign
pwd.exe,C:\samples\benign\program_files\pwd.exe,benign,Benign
pwnative.exe,C:\samples\benign\program_files\pwnative.exe,benign,Benign
pxe_client.exe,C:\samples\benign\program_files\pxe_client.exe,benign,Benign
pxe_service.exe,C:\samples\benign\program_files\pxe_service.exe,benign,Benign
QTAgent.exe,C:\samples\benign\program_files\QTAgent.exe,benign,Benign
QTAgent32.exe,C:\samples\benign\program_files\QTAgent32.exe,benign,Benign
QTAgent32_35.exe,C:\samples\benign\program_files\QTAgent32_35.exe,benign,Benign
QTAgent32_40.exe,C:\samples\benign\program_files\QTAgent32_40.exe,benign,Benign
QTAgent_35.exe,C:\samples\benign\program_files\QTAgent_35.exe,benign,Benign
QTAgent_40.exe,C:\samples\benign\program_files\QTAgent_40.exe,benign,Benign
QTDCAgent.exe,C:\samples\benign\program_files\QTDCAgent.exe,benign,Benign
QTDCAgent32.exe,C:\samples\benign\program_files\QTDCAgent32.exe,benign,Benign
QtWebEngineProcess.exe,C:\samples\benign\program_files\QtWebEngineProcess.exe,benign,Benign
qwingraph.exe,C:\samples\benign\program_files\qwingraph.exe,benign,Benign
rc.exe,C:\samples\benign\program_files\rc.exe,benign,Benign
readlink.exe,C:\samples\benign\program_files\readlink.exe,benign,Benign
realpath.exe,C:\samples\benign\program_files\realpath.exe,benign,Benign
rebase.exe,C:\samples\benign\program_files\rebase.exe,benign,Benign
regtool.exe,C:\samples\benign\program_files\regtool.exe,benign,Benign
regwinmd.exe,C:\samples\benign\program_files\regwinmd.exe,benign,Benign
RemoteLoader.exe,C:\samples\benign\program_files\RemoteLoader.exe,benign,Benign
reset.exe,C:\samples\benign\program_files\reset.exe,benign,Benign
rm.exe,C:\samples\benign\program_files\rm.exe,benign,Benign
rmdir.exe,C:\samples\benign\program_files\rmdir.exe,benign,Benign
rmic.exe,C:\samples\benign\program_files\rmic.exe,benign,Benign
rmid.exe,C:\samples\benign\program_files\rmid.exe,benign,Benign
rmiregistry.exe,C:\samples\benign\program_files\rmiregistry.exe,benign,Benign
rmlogotest.exe,C:\samples\benign\program_files\rmlogotest.exe,benign,Benign
rmt.exe,C:\samples\benign\program_files\rmt.exe,benign,Benign
rnano.exe,C:\samples\benign\program_files\rnano.exe,benign,Benign
runcon.exe,C:\samples\benign\program_files\runcon.exe,benign,Benign
RUXIMICS.exe,C:\samples\benign\program_files\RUXIMICS.exe,benign,Benign
RUXIMIH.exe,C:\samples\benign\program_files\RUXIMIH.exe,benign,Benign
rview.exe,C:\samples\benign\program_files\rview.exe,benign,Benign
rvim.exe,C:\samples\benign\program_files\rvim.exe,benign,Benign
scalar.exe,C:\samples\benign\program_files\scalar.exe,benign,Benign
scdaemon.exe,C:\samples\benign\program_files\scdaemon.exe,benign,Benign
SchedulerService.exe,C:\samples\benign\program_files\SchedulerService.exe,benign,Benign
schemagen.exe,C:\samples\benign\program_files\schemagen.exe,benign,Benign
scp.exe,C:\samples\benign\program_files\scp.exe,benign,Benign
ScreenResolution.exe,C:\samples\benign\program_files\ScreenResolution.exe,benign,Benign
sdiff.exe,C:\samples\benign\program_files\sdiff.exe,benign,Benign
sed.exe,C:\samples\benign\program_files\sed.exe,benign,Benign
SenseGPParser.exe,C:\samples\benign\program_files\SenseGPParser.exe,benign,Benign
SenseImdsCollector.exe,C:\samples\benign\program_files\SenseImdsCollector.exe,benign,Benign
SenseIR.exe,C:\samples\benign\program_files\SenseIR.exe,benign,Benign
SenseSampleUploader.exe,C:\samples\benign\program_files\SenseSampleUploader.exe,benign,Benign
seq.exe,C:\samples\benign\program_files\seq.exe,benign,Benign
serialver.exe,C:\samples\benign\program_files\serialver.exe,benign,Benign
servertool.exe,C:\samples\benign\program_files\servertool.exe,benign,Benign
setfacl.exe,C:\samples\benign\program_files\setfacl.exe,benign,Benign
setmetamode.exe,C:\samples\benign\program_files\setmetamode.exe,benign,Benign
SettingsMigrator.exe,C:\samples\benign\program_files\SettingsMigrator.exe,benign,Benign
setup.exe,C:\samples\benign\program_files\setup.exe,benign,Benign
setup_wm.exe,C:\samples\benign\program_files\setup_wm.exe,benign,Benign
sexp-conv.exe,C:\samples\benign\program_files\sexp-conv.exe,benign,Benign
sftp-server.exe,C:\samples\benign\program_files\sftp-server.exe,benign,Benign
sftp.exe,C:\samples\benign\program_files\sftp.exe,benign,Benign
sh.exe,C:\samples\benign\program_files\sh.exe,benign,Benign
sha1sum.exe,C:\samples\benign\program_files\sha1sum.exe,benign,Benign
sha224sum.exe,C:\samples\benign\program_files\sha224sum.exe,benign,Benign
sha256sum.exe,C:\samples\benign\program_files\sha256sum.exe,benign,Benign
sha384sum.exe,C:\samples\benign\program_files\sha384sum.exe,benign,Benign
sha512sum.exe,C:\samples\benign\program_files\sha512sum.exe,benign,Benign
ShapeCollector.exe,C:\samples\benign\program_files\ShapeCollector.exe,benign,Benign
shred.exe,C:\samples\benign\program_files\shred.exe,benign,Benign
shuf.exe,C:\samples\benign\program_files\shuf.exe,benign,Benign
signtool.exe,C:\samples\benign\program_files\signtool.exe,benign,Benign
singlefilehost.exe,C:\samples\benign\program_files\singlefilehost.exe,benign,Benign
sleep.exe,C:\samples\benign\program_files\sleep.exe,benign,Benign
smartctl.exe,C:\samples\benign\program_files\smartctl.exe,benign,Benign
SmDownloader.exe,C:\samples\benign\program_files\SmDownloader.exe,benign,Benign
SMMonitor.exe,C:\samples\benign\program_files\SMMonitor.exe,benign,Benign
sort.exe,C:\samples\benign\program_files\sort.exe,benign,Benign
split.exe,C:\samples\benign\program_files\split.exe,benign,Benign
ssh-add.exe,C:\samples\benign\program_files\ssh-add.exe,benign,Benign
ssh-agent.exe,C:\samples\benign\program_files\ssh-agent.exe,benign,Benign
ssh-keygen.exe,C:\samples\benign\program_files\ssh-keygen.exe,benign,Benign
ssh-keyscan.exe,C:\samples\benign\program_files\ssh-keyscan.exe,benign,Benign
ssh-keysign.exe,C:\samples\benign\program_files\ssh-keysign.exe,benign,Benign
ssh-pageant.exe,C:\samples\benign\program_files\ssh-pageant.exe,benign,Benign
ssh-pkcs11-helper.exe,C:\samples\benign\program_files\ssh-pkcs11-helper.exe,benign,Benign
ssh-sk-helper.exe,C:\samples\benign\program_files\ssh-sk-helper.exe,benign,Benign
ssh.exe,C:\samples\benign\program_files\ssh.exe,benign,Benign
ssp.exe,C:\samples\benign\program_files\ssp.exe,benign,Benign
ssvagent.exe,C:\samples\benign\program_files\ssvagent.exe,benign,Benign
stat.exe,C:\samples\benign\program_files\stat.exe,benign,Benign
stdbuf.exe,C:\samples\benign\program_files\stdbuf.exe,benign,Benign
StoreUploader.exe,C:\samples\benign\program_files\StoreUploader.exe,benign,Benign
strace.exe,C:\samples\benign\program_files\strace.exe,benign,Benign
stty.exe,C:\samples\benign\program_files\stty.exe,benign,Benign
sum.exe,C:\samples\benign\program_files\sum.exe,benign,Benign
sync.exe,C:\samples\benign\program_files\sync.exe,benign,Benign
syslinux.exe,C:\samples\benign\program_files\syslinux.exe,benign,Benign
system_backup_cmd.exe,C:\samples\benign\program_files\system_backup_cmd.exe,benign,Benign
system_backup_gui.exe,C:\samples\benign\program_files\system_backup_gui.exe,benign,Benign
tabs.exe,C:\samples\benign\program_files\tabs.exe,benign,Benign
TabTip.exe,C:\samples\benign\program_files\TabTip.exe,benign,Benign
tac.exe,C:\samples\benign\program_files\tac.exe,benign,Benign
tail.exe,C:\samples\benign\program_files\tail.exe,benign,Benign
tar.exe,C:\samples\benign\program_files\tar.exe,benign,Benign
TB3x.exe,C:\samples\benign\program_files\TB3x.exe,benign,Benign
tclsh.exe,C:\samples\benign\program_files\tclsh.exe,benign,Benign
tclsh86.exe,C:\samples\benign\program_files\tclsh86.exe,benign,Benign
TE.exe,C:\samples\benign\program_files\TE.exe,benign,Benign
TE.ManagedHost.exe,C:\samples\benign\program_files\TE.ManagedHost.exe,benign,Benign
TE.ProcessHost.exe,C:\samples\benign\program_files\TE.ProcessHost.exe,benign,Benign
TE.ProcessHost.UAP.exe,C:\samples\benign\program_files\TE.ProcessHost.UAP.exe,benign,Benign
tee.exe,C:\samples\benign\program_files\tee.exe,benign,Benign
test.exe,C:\samples\benign\program_files\test.exe,benign,Benign
testhost.arm64.exe,C:\samples\benign\program_files\testhost.arm64.exe,benign,Benign
testhost.exe,C:\samples\benign\program_files\testhost.exe,benign,Benign
testhost.net452.arm64.exe,C:\samples\benign\program_files\testhost.net452.arm64.exe,benign,Benign
testhost.net452.exe,C:\samples\benign\program_files\testhost.net452.exe,benign,Benign
testhost.net452.x86.exe,C:\samples\benign\program_files\testhost.net452.x86.exe,benign,Benign
testhost.net46.arm64.exe,C:\samples\benign\program_files\testhost.net46.arm64.exe,benign,Benign
testhost.net46.exe,C:\samples\benign\program_files\testhost.net46.exe,benign,Benign
testhost.net46.x86.exe,C:\samples\benign\program_files\testhost.net46.x86.exe,benign,Benign
testhost.net461.arm64.exe,C:\samples\benign\program_files\testhost.net461.arm64.exe,benign,Benign
testhost.net461.exe,C:\samples\benign\program_files\testhost.net461.exe,benign,Benign
testhost.net461.x86.exe,C:\samples\benign\program_files\testhost.net461.x86.exe,benign,Benign
testhost.net462.arm64.exe,C:\samples\benign\program_files\testhost.net462.arm64.exe,benign,Benign
testhost.net462.exe,C:\samples\benign\program_files\testhost.net462.exe,benign,Benign
testhost.net462.x86.exe,C:\samples\benign\program_files\testhost.net462.x86.exe,benign,Benign
testhost.net47.arm64.exe,C:\samples\benign\program_files\testhost.net47.arm64.exe,benign,Benign
testhost.net47.exe,C:\samples\benign\program_files\testhost.net47.exe,benign,Benign
testhost.net47.x86.exe,C:\samples\benign\program_files\testhost.net47.x86.exe,benign,Benign
testhost.net471.arm64.exe,C:\samples\benign\program_files\testhost.net471.arm64.exe,benign,Benign
testhost.net471.exe,C:\samples\benign\program_files\testhost.net471.exe,benign,Benign
testhost.net471.x86.exe,C:\samples\benign\program_files\testhost.net471.x86.exe,benign,Benign
testhost.net472.arm64.exe,C:\samples\benign\program_files\testhost.net472.arm64.exe,benign,Benign
testhost.net472.exe,C:\samples\benign\program_files\testhost.net472.exe,benign,Benign
testhost.net472.x86.exe,C:\samples\benign\program_files\testhost.net472.x86.exe,benign,Benign
testhost.net48.arm64.exe,C:\samples\benign\program_files\testhost.net48.arm64.exe,benign,Benign
testhost.net48.exe,C:\samples\benign\program_files\testhost.net48.exe,benign,Benign
testhost.net48.x86.exe,C:\samples\benign\program_files\testhost.net48.x86.exe,benign,Benign
testhost.x86.exe,C:\samples\benign\program_files\testhost.x86.exe,benign,Benign
testOpenGL.exe,C:\samples\benign\program_files\testOpenGL.exe,benign,Benign
tic.exe,C:\samples\benign\program_files\tic.exe,benign,Benign
tig.exe,C:\samples\benign\program_files\tig.exe,benign,Benign
timeout.exe,C:\samples\benign\program_files\timeout.exe,benign,Benign
tnameserv.exe,C:\samples\benign\program_files\tnameserv.exe,benign,Benign
toe.exe,C:\samples\benign\program_files\toe.exe,benign,Benign
topoedit.exe,C:\samples\benign\program_files\topoedit.exe,benign,Benign
touch.exe,C:\samples\benign\program_files\touch.exe,benign,Benign
tput.exe,C:\samples\benign\program_files\tput.exe,benign,Benign
tr.exe,C:\samples\benign\program_files\tr.exe,benign,Benign
tracefmt.exe,C:\samples\benign\program_files\tracefmt.exe,benign,Benign
tracelog.exe,C:\samples\benign\program_files\tracelog.exe,benign,Benign
tracepdb.exe,C:\samples\benign\program_files\tracepdb.exe,benign,Benign
traceview.exe,C:\samples\benign\program_files\traceview.exe,benign,Benign
tracewpp.exe,C:\samples\benign\program_files\tracewpp.exe,benign,Benign
Tracker.exe,C:\samples\benign\program_files\Tracker.exe,benign,Benign
true.exe,C:\samples\benign\program_files\true.exe,benign,Benign
truncate.exe,C:\samples\benign\program_files\truncate.exe,benign,Benign
trust.exe,C:\samples\benign\program_files\trust.exe,benign,Benign
tset.exe,C:\samples\benign\program_files\tset.exe,benign,Benign
tsort.exe,C:\samples\benign\program_files\tsort.exe,benign,Benign
tty.exe,C:\samples\benign\program_files\tty.exe,benign,Benign
tzset.exe,C:\samples\benign\program_files\tzset.exe,benign,Benign
u2d.exe,C:\samples\benign\program_files\u2d.exe,benign,Benign
uhssvc.exe,C:\samples\benign\program_files\uhssvc.exe,benign,Benign
uicc.exe,C:\samples\benign\program_files\uicc.exe,benign,Benign
umount.exe,C:\samples\benign\program_files\umount.exe,benign,Benign
uname.exe,C:\samples\benign\program_files\uname.exe,benign,Benign
undname.exe,C:\samples\benign\program_files\undname.exe,benign,Benign
unexpand.exe,C:\samples\benign\program_files\unexpand.exe,benign,Benign
unins000.exe,C:\samples\benign\program_files\unins000.exe,benign,Benign
unins00a.exe,C:\samples\benign\program_files\unins00a.exe,benign,Benign
Uninstall.exe,C:\samples\benign\program_files\Uninstall.exe,benign,Benign
uniq.exe,C:\samples\benign\program_files\uniq.exe,benign,Benign
unix2dos.exe,C:\samples\benign\program_files\unix2dos.exe,benign,Benign
unix2mac.exe,C:\samples\benign\program_files\unix2mac.exe,benign,Benign
unlink.exe,C:\samples\benign\program_files\unlink.exe,benign,Benign
unpack200.exe,C:\samples\benign\program_files\unpack200.exe,benign,Benign
unxz.exe,C:\samples\benign\program_files\unxz.exe,benign,Benign
unzip.exe,C:\samples\benign\program_files\unzip.exe,benign,Benign
unzipsfx.exe,C:\samples\benign\program_files\unzipsfx.exe,benign,Benign
updatechecker.exe,C:\samples\benign\program_files\updatechecker.exe,benign,Benign
updater.exe,C:\samples\benign\program_files\updater.exe,benign,Benign
ur.exe,C:\samples\benign\program_files\ur.exe,benign,Benign
users.exe,C:\samples\benign\program_files\users.exe,benign,Benign
uuidgen.exe,C:\samples\benign\program_files\uuidgen.exe,benign,Benign
vbc.exe,C:\samples\benign\program_files\vbc.exe,benign,Benign
VBCSCompiler.exe,C:\samples\benign\program_files\VBCSCompiler.exe,benign,Benign
vcredist_x64.exe,C:\samples\benign\program_files\vcredist_x64.exe,benign,Benign
vcredist_x86.exe,C:\samples\benign\program_files\vcredist_x86.exe,benign,Benign
vctip.exe,C:\samples\benign\program_files\vctip.exe,benign,Benign
vc_redist.x64.exe,C:\samples\benign\program_files\vc_redist.x64.exe,benign,Benign
vc_redist.x86.exe,C:\samples\benign\program_files\vc_redist.x86.exe,benign,Benign
vdir.exe,C:\samples\benign\program_files\vdir.exe,benign,Benign
view.exe,C:\samples\benign\program_files\view.exe,benign,Benign
vim.exe,C:\samples\benign\program_files\vim.exe,benign,Benign
vimdiff.exe,C:\samples\benign\program_files\vimdiff.exe,benign,Benign
VisualUIAVerifyNative.exe,C:\samples\benign\program_files\VisualUIAVerifyNative.exe,benign,Benign
vsdiagview.exe,C:\samples\benign\program_files\vsdiagview.exe,benign,Benign
vshadow.exe,C:\samples\benign\program_files\vshadow.exe,benign,Benign
VSHiveStub.exe,C:\samples\benign\program_files\VSHiveStub.exe,benign,Benign
VSInstallerElevationService.exe,C:\samples\benign\program_files\VSInstallerElevationService.exe,benign,Benign
VSIXAutoUpdate.exe,C:\samples\benign\program_files\VSIXAutoUpdate.exe,benign,Benign
VSIXConfigurationUpdater.exe,C:\samples\benign\program_files\VSIXConfigurationUpdater.exe,benign,Benign
VSIXInstaller.exe,C:\samples\benign\program_files\VSIXInstaller.exe,benign,Benign
vsn.exe,C:\samples\benign\program_files\vsn.exe,benign,Benign
vssagent.exe,C:\samples\benign\program_files\vssagent.exe,benign,Benign
vsstrace.exe,C:\samples\benign\program_files\vsstrace.exe,benign,Benign
vstest.console.exe,C:\samples\benign\program_files\vstest.console.exe,benign,Benign
vstest.discoveryengine.exe,C:\samples\benign\program_files\vstest.discoveryengine.exe,benign,Benign
vstest.discoveryengine.x86.exe,C:\samples\benign\program_files\vstest.discoveryengine.x86.exe,benign,Benign
vstest.executionengine.clr20.exe,C:\samples\benign\program_files\vstest.executionengine.clr20.exe,benign,Benign
vstest.executionengine.exe,C:\samples\benign\program_files\vstest.executionengine.exe,benign,Benign
vstest.executionengine.x86.clr20.exe,C:\samples\benign\program_files\vstest.executionengine.x86.clr20.exe,benign,Benign
vstest.executionengine.x86.exe,C:\samples\benign\program_files\vstest.executionengine.x86.exe,benign,Benign
VSTestVideoRecorder.exe,C:\samples\benign\program_files\VSTestVideoRecorder.exe,benign,Benign
vstorcontrol.exe,C:\samples\benign\program_files\vstorcontrol.exe,benign,Benign
vswhere.exe,C:\samples\benign\program_files\vswhere.exe,benign,Benign
vswriter.exe,C:\samples\benign\program_files\vswriter.exe,benign,Benign
vs_installer.exe,C:\samples\benign\program_files\vs_installer.exe,benign,Benign
vs_installer.windows.exe,C:\samples\benign\program_files\vs_installer.windows.exe,benign,Benign
vs_installershell.exe,C:\samples\benign\program_files\vs_installershell.exe,benign,Benign
vs_layout.exe,C:\samples\benign\program_files\vs_layout.exe,benign,Benign
wab.exe,C:\samples\benign\program_files\wab.exe,benign,Benign
wabmig.exe,C:\samples\benign\program_files\wabmig.exe,benign,Benign
watchgnupg.exe,C:\samples\benign\program_files\watchgnupg.exe,benign,Benign
wc.exe,C:\samples\benign\program_files\wc.exe,benign,Benign
Wex.Services.exe,C:\samples\benign\program_files\Wex.Services.exe,benign,Benign
which.exe,C:\samples\benign\program_files\which.exe,benign,Benign
who.exe,C:\samples\benign\program_files\who.exe,benign,Benign
whoami.exe,C:\samples\benign\program_files\whoami.exe,benign,Benign
WhoIs.exe,C:\samples\benign\program_files\WhoIs.exe,benign,Benign
WhoUses.exe,C:\samples\benign\program_files\WhoUses.exe,benign,Benign
WiLogUtl.exe,C:\samples\benign\program_files\WiLogUtl.exe,benign,Benign
wimlib-imagex.exe,C:\samples\benign\program_files\wimlib-imagex.exe,benign,Benign
wimserv.exe,C:\samples\benign\program_files\wimserv.exe,benign,Benign
WinAppDeployCmd.exe,C:\samples\benign\program_files\WinAppDeployCmd.exe,benign,Benign
WindowsPartitionManager.exe,C:\samples\benign\program_files\WindowsPartitionManager.exe,benign,Benign
winmdidl.exe,C:\samples\benign\program_files\winmdidl.exe,benign,Benign
winpty-agent.exe,C:\samples\benign\program_files\winpty-agent.exe,benign,Benign
winpty-debugserver.exe,C:\samples\benign\program_files\winpty-debugserver.exe,benign,Benign
winpty.exe,C:\samples\benign\program_files\winpty.exe,benign,Benign
wintoast.exe,C:\samples\benign\program_files\wintoast.exe,benign,Benign
winuser.exe,C:\samples\benign\program_files\winuser.exe,benign,Benign
wish.exe,C:\samples\benign\program_files\wish.exe,benign,Benign
wish86.exe,C:\samples\benign\program_files\wish86.exe,benign,Benign
wmlaunch.exe,C:\samples\benign\program_files\wmlaunch.exe,benign,Benign
wmpconfig.exe,C:\samples\benign\program_files\wmpconfig.exe,benign,Benign
wmplayer.exe,C:\samples\benign\program_files\wmplayer.exe,benign,Benign
wmpnetwk.exe,C:\samples\benign\program_files\wmpnetwk.exe,benign,Benign
wmpnscfg.exe,C:\samples\benign\program_files\wmpnscfg.exe,benign,Benign
wmprph.exe,C:\samples\benign\program_files\wmprph.exe,benign,Benign
wmpshare.exe,C:\samples\benign\program_files\wmpshare.exe,benign,Benign
wordpad.exe,C:\samples\benign\program_files\wordpad.exe,benign,Benign
wsdcodegen.exe,C:\samples\benign\program_files\wsdcodegen.exe,benign,Benign
wsddebug_client.exe,C:\samples\benign\program_files\wsddebug_client.exe,benign,Benign
wsddebug_host.exe,C:\samples\benign\program_files\wsddebug_host.exe,benign,Benign
wsgen.exe,C:\samples\benign\program_files\wsgen.exe,benign,Benign
wsimport.exe,C:\samples\benign\program_files\wsimport.exe,benign,Benign
wstracedump.exe,C:\samples\benign\program_files\wstracedump.exe,benign,Benign
wstraceutil.exe,C:\samples\benign\program_files\wstraceutil.exe,benign,Benign
wsutil.exe,C:\samples\benign\program_files\wsutil.exe,benign,Benign
xargs.exe,C:\samples\benign\program_files\xargs.exe,benign,Benign
xdcmake.exe,C:\samples\benign\program_files\xdcmake.exe,benign,Benign
xjc.exe,C:\samples\benign\program_files\xjc.exe,benign,Benign
xmlwf.exe,C:\samples\benign\program_files\xmlwf.exe,benign,Benign
xpsanalyzer.exe,C:\samples\benign\program_files\xpsanalyzer.exe,benign,Benign
xpsconverter.exe,C:\samples\benign\program_files\xpsconverter.exe,benign,Benign
xxd.exe,C:\samples\benign\program_files\xxd.exe,benign,Benign
xz.exe,C:\samples\benign\program_files\xz.exe,benign,Benign
xzcat.exe,C:\samples\benign\program_files\xzcat.exe,benign,Benign
xzdec.exe,C:\samples\benign\program_files\xzdec.exe,benign,Benign
yat2m.exe,C:\samples\benign\program_files\yat2m.exe,benign,Benign
yes.exe,C:\samples\benign\program_files\yes.exe,benign,Benign
zipinfo.exe,C:\samples\benign\program_files\zipinfo.exe,benign,Benign
[.exe,C:\samples\benign\program_files\[.exe,benign,Benign
