Sample,FullPath,Label,Malware_Class,MajorLinkerVersion,MinorLinkerVersion,SizeOfCode,SizeOfInitializedData,SizeOfUninitializedData,AddressOfEntryPoint,BaseOfCode,ImageBase,SectionAlignment,SizeOfHeaders,Machine,Magic,Num_Sections,Non_Standard_Sections,Size_Mismatch_Count,Avg_Entropy,Packed,Total_VirtualSize,Total_RawSize,Num_Imported_DLLs,Num_Imported_APIs,has_msvcpl40.dll,has_user32.dll,has_vcruntime140.dll,has_oleaut32.dll,has_kernel.dll,has_mscore.dll,has_advapi.dll,has_WriteFile,has_CreateProcessW,has_CreateDirectory,has_sleep,has_GetProcAddress,has_CreatePopupMenu,has_CloseClipboard,has_LoadLibraryA,has_GetModuleHandleA
0468127a19daf4c7bc41015c5640fe1f,C:\samples\malware\All.ElectroRAT\0468127a19daf4c7bc41015c5640fe1f,malware,All.ElectroRAT,14,25,48128,66560,0,7717,4096,4194304,4096,1024,332,267,5,0,5,4.367,0,116079,114688,2,68,0,1,0,0,0,0,0,1,0,0,0,1,0,0,1,1
2a3b92f6180367306d750e59c9b6446b,C:\samples\malware\All.ElectroRAT\2a3b92f6180367306d750e59c9b6446b,malware,All.ElectroRAT,14,24,136192,50176,0,60058,4096,4194304,4096,1024,332,267,5,0,5,4.911,0,185800,181760,5,118,0,1,0,0,0,0,0,1,0,0,0,1,0,0,0,1
b154ac015c0d1d6250032f63c749f9cf,C:\samples\malware\All.ElectroRAT\b154ac015c0d1d6250032f63c749f9cf,malware,All.ElectroRAT,10,0,21504,445440,0,9444,4096,4194304,4096,1024,332,267,5,0,5,4.697,0,469368,466944,3,77,0,1,0,0,0,0,0,1,0,0,0,1,0,0,1,0
b96bd6bbf0e3f4f98b606a2ab5db4a69,C:\samples\malware\All.ElectroRAT\b96bd6bbf0e3f4f98b606a2ab5db4a69,malware,All.ElectroRAT,14,16,45568,291328,0,7503,4096,4194304,4096,1024,332,267,5,0,5,4.922,0,338579,336896,2,84,0,1,0,0,0,0,0,1,0,0,0,1,0,0,1,1
bb8e52face5b076cc890bbfaaf4bb73e,C:\samples\malware\All.ElectroRAT\bb8e52face5b076cc890bbfaaf4bb73e,malware,All.ElectroRAT,2,25,199168,27136,0,203052,4096,4194304,4096,1024,332,267,7,4,6,3.782,0,227172,226304,6,182,0,1,0,1,0,0,0,1,0,0,0,1,0,0,0,1
ca467e332368cbae652245faa4978aa4,C:\samples\malware\All.ElectroRAT\ca467e332368cbae652245faa4978aa4,malware,All.ElectroRAT,2,25,103936,22528,0,107648,4096,4194304,4096,1024,332,267,7,4,6,3.839,0,127527,126464,6,120,0,1,0,1,0,0,0,1,0,0,0,1,0,0,1,1
e93d6f4ce34d4f594d7aed76cfde0fad,C:\samples\malware\All.ElectroRAT\e93d6f4ce34d4f594d7aed76cfde0fad,malware,All.ElectroRAT,10,0,20480,650752,0,7740,4096,4194304,4096,1024,332,267,5,0,5,4.208,0,674140,671232,2,63,0,1,0,0,0,0,0,1,0,0,0,1,0,0,0,1
fa5390bbcc4ab768dd81f31eac0950f6,C:\samples\malware\All.ElectroRAT\fa5390bbcc4ab768dd81f31eac0950f6,malware,All.ElectroRAT,14,25,48128,563200,0,7717,4096,4194304,4096,1024,332,267,5,0,5,4.33,0,612723,611328,2,68,0,1,0,0,0,0,0,1,0,0,0,1,0,0,1,1
aapt.exe,C:\samples\malware\AndroRat_6Dec2013\AndroRat\androrat\build\aapt.exe,malware,build,2,56,697856,852992,4096,4400,4096,4194304,4096,1024,332,267,5,1,5,3.736,0,856004,852992,2,131,0,0,0,0,0,0,0,0,0,0,0,1,0,0,0,1
AndroRat Binder_Patched.exe,C:\samples\malware\AndroRat_6Dec2013\AndroRat\androrat\build\AndroRat Binder_Patched.exe,malware,build,8,0,354304,220672,0,362286,8192,4194304,8192,512,332,267,3,0,2,4.16,0,574272,574976,1,1,0,0,0,0,0,0,0,0,0,0,0,0,0,0,0,0
InstallBC201401.exe,C:\samples\malware\Artemis\InstallBC201401.exe,malware,Artemis,8,0,7680,13362176,0,5269,4096,4194304,4096,1024,332,267,7,2,6,4.958,1,13369679,13369856,3,41,0,1,0,0,0,0,0,1,0,0,0,1,0,0,0,0
Backdoor.MSIL.Tyupkin.a.ViR,C:\samples\malware\Backdoor.MSIL.Tyupkin\Backdoor.MSIL.Tyupkin.a.ViR,malware,Backdoor.MSIL.Tyupkin,8,0,32768,81920,0,32752,4096,4194304,4096,4096,332,267,5,0,5,3.456,0,109837,114688,10,115,0,1,0,0,0,0,0,0,0,0,0,1,0,0,0,0
Backdoor.MSIL.Tyupkin.c.ViR,C:\samples\malware\Backdoor.MSIL.Tyupkin\Backdoor.MSIL.Tyupkin.c.ViR,malware,Backdoor.MSIL.Tyupkin,8,0,32768,81920,0,33216,4096,4194304,4096,4096,332,267,5,0,5,3.487,0,112183,114688,10,117,0,1,0,0,0,0,0,0,0,0,0,1,0,0,0,0
Backdoor.Win32.Tyupkin.c2.ViR,C:\samples\malware\Backdoor.MSIL.Tyupkin\Backdoor.Win32.Tyupkin.c2.ViR,malware,Backdoor.MSIL.Tyupkin,8,0,32768,86016,0,33456,4096,4194304,4096,4096,332,267,5,0,5,3.471,0,113671,118784,10,121,0,1,0,0,0,0,0,0,0,0,0,1,0,0,0,0
Backdoor.Win32.Tyupkin.d.ViR,C:\samples\malware\Backdoor.MSIL.Tyupkin\Backdoor.Win32.Tyupkin.d.ViR,malware,Backdoor.MSIL.Tyupkin,8,0,143360,40960,0,40203,4096,4194304,4096,4096,332,267,4,0,4,4.425,0,185705,184320,7,131,0,1,0,0,0,0,0,1,0,0,0,1,0,0,1,1
Backdoor.Win32.Tyupkin.h.exe.ViR,C:\samples\malware\Backdoor.MSIL.Tyupkin\Backdoor.Win32.Tyupkin.h.exe.ViR,malware,Backdoor.MSIL.Tyupkin,8,0,32768,86016,0,33648,4096,4194304,4096,4096,332,267,5,0,5,3.469,0,113443,118784,10,118,0,1,0,0,0,0,0,0,0,0,0,1,0,0,0,0
rootkit.ex1,C:\samples\malware\BlackEnergy2.1\rootkit.ex1,malware,BlackEnergy2.1,1,67,0,0,0,0,0,4194304,4096,1024,332,267,4,4,4,5.896,1,74468,75264,3,46,0,1,0,0,0,0,0,0,0,0,0,1,0,0,1,1
19e818d0da361c4feedd456fca63d68d4b024fbbd3d9265f606076c7ee72e8f8.ViR,C:\samples\malware\Careto_Feb2014\19e818d0da361c4feedd456fca63d68d4b024fbbd3d9265f606076c7ee72e8f8.ViR,malware,Careto_Feb2014,8,0,24576,241664,0,12964,4096,4194304,4096,4096,332,267,5,1,5,4.692,1,326008,335872,3,43,0,0,0,0,0,0,0,1,0,0,0,1,0,0,0,1
jpeg1x32.dll_C2BA81C0DE01038A54703DE26B18E9EE,C:\samples\malware\Careto_Feb2014\jpeg1x32.dll_C2BA81C0DE01038A54703DE26B18E9EE,malware,Careto_Feb2014,7,10,27136,8192,0,13327,4096,2030043136,4096,1024,332,267,4,0,4,4.077,0,33973,30720,5,76,0,1,0,0,0,0,0,1,0,0,0,1,0,0,1,0
shmgr.dll_AD6590E0DF575228911852B1E401D46E,C:\samples\malware\Careto_Feb2014\shmgr.dll_AD6590E0DF575228911852B1E401D46E,malware,Careto_Feb2014,8,0,22016,138240,0,9316,4096,6442450944,4096,1024,34404,523,5,0,5,4.325,1,158666,160256,3,70,0,0,0,0,0,0,0,0,0,0,0,1,0,0,1,1
___2A6E.tmp,C:\samples\malware\Careto_Feb2014\___2A6E.tmp,malware,Careto_Feb2014,8,0,5120,2048,0,5647,4096,16777216,4096,1024,332,267,2,0,2,5.792,0,6326,6144,2,36,0,0,0,0,0,0,0,0,0,0,0,1,0,0,1,1
{71257279-042b-371d-a1d3-fbf8d2fadffa}.exe,C:\samples\malware\CryptoLocker_10Sep2013\{71257279-042b-371d-a1d3-fbf8d2fadffa}.exe,malware,CryptoLocker_10Sep2013,11,0,64512,284160,0,7680,4096,4194304,4096,1024,332,267,5,0,5,5.234,1,347728,345088,14,256,0,1,0,0,0,0,0,1,1,0,0,1,1,1,0,0
Vcffipzmnipbxzdl.exe,C:\samples\malware\CryptoLocker_20Nov2013\Vcffipzmnipbxzdl.exe,malware,CryptoLocker_20Nov2013,8,0,313344,858112,0,251782,4096,4194304,4096,1024,332,267,4,0,4,6.637,0,1170799,845824,7,242,0,1,0,1,0,0,0,1,0,0,0,1,1,0,1,1
1002.exe,C:\samples\malware\CryptoLocker_22Jan2014\1002.exe,malware,CryptoLocker_22Jan2014,8,0,253440,3072,0,261598,8192,4194304,8192,512,332,267,3,0,2,3.8,0,255984,256512,1,1,0,0,0,0,0,0,0,0,0,0,0,0,0,0,0,0
1003.exe,C:\samples\malware\CryptoLocker_22Jan2014\1003.exe,malware,CryptoLocker_22Jan2014,8,0,257536,3072,0,265614,8192,4194304,8192,512,332,267,3,0,2,3.848,1,260000,260608,1,1,0,0,0,0,0,0,0,0,0,0,0,0,0,0,0,0
52fe506928b0262f10de31e783af8540b6a0b232b15749d647847488acd0e17a,C:\samples\malware\Duqu2\Cores\52fe506928b0262f10de31e783af8540b6a0b232b15749d647847488acd0e17a,malware,Cores,12,0,184832,90112,0,6889,4096,268435456,4096,1024,332,267,4,0,4,5.706,0,273413,258560,4,58,0,0,0,0,0,0,0,0,0,0,0,1,0,0,1,1
81cdbe905392155a1ba8b687a02e65d611b60aac938e470a76ef518e8cffd74d,C:\samples\malware\Duqu2\Cores\81cdbe905392155a1ba8b687a02e65d611b60aac938e470a76ef518e8cffd74d,malware,Cores,12,0,202240,93696,0,6873,4096,268435456,4096,1024,332,267,4,0,4,5.688,0,294526,279552,4,62,0,0,0,0,0,0,0,0,0,0,0,1,0,0,1,1
bc4ae56434b45818f57724f4cd19354a13e5964fd097d1933a30e2e31c9bdfa5.bin,C:\samples\malware\Duqu2\Driver\bc4ae56434b45818f57724f4cd19354a13e5964fd097d1933a30e2e31c9bdfa5.bin,malware,Driver,9,0,14336,3072,0,29476,4096,65536,4096,1024,34404,523,6,1,6,3.521,0,16364,17408,2,54,0,0,0,0,0,0,0,0,0,0,0,0,0,0,0,0
2796a119171328e91648a73d95eb297edc220e8768f4bbba5fb7237122a988fc,C:\samples\malware\Duqu2\IOC\2796a119171328e91648a73d95eb297edc220e8768f4bbba5fb7237122a988fc,malware,IOC,12,0,8192,4608,0,11897,4096,268435456,4096,1024,332,267,5,0,5,3.713,0,11023,12288,4,5,0,1,0,0,0,0,0,0,0,0,0,0,0,0,0,0
2a9a5afc342cde12c6eb9a91ad29f7afdfd8f0fb17b983dcfddceccfbc17af69,C:\samples\malware\Duqu2\IOC\2a9a5afc342cde12c6eb9a91ad29f7afdfd8f0fb17b983dcfddceccfbc17af69,malware,IOC,12,0,12800,3584,0,4884,4096,6442450944,4096,1024,34404,523,5,0,5,2.607,0,14702,15872,3,13,0,1,0,0,0,0,0,0,0,0,0,0,0,0,0,0
2c9c3ddd4d93e687eb095444cef7668b21636b364bff55de953bdd1df40071da,C:\samples\malware\Duqu2\IOC\2c9c3ddd4d93e687eb095444cef7668b21636b364bff55de953bdd1df40071da,malware,IOC,12,0,10752,6656,0,5979,4096,268435456,4096,1024,332,267,4,0,4,5.349,0,16264,16384,3,17,0,0,0,0,0,0,0,0,0,0,0,1,0,0,1,1
2ecb26021d21fcef3d8bba63de0c888499110a2b78e4caa6fa07a2b27d87f71b,C:\samples\malware\Duqu2\IOC\2ecb26021d21fcef3d8bba63de0c888499110a2b78e4caa6fa07a2b27d87f71b,malware,IOC,12,0,10752,6656,0,5979,4096,268435456,4096,1024,332,267,4,0,4,5.349,0,16264,16384,3,17,0,0,0,0,0,0,0,0,0,0,0,1,0,0,1,1
3536df7379660d931256b3cf49be810c0d931c3957c464d75e4cba78ba3b92e3,C:\samples\malware\Duqu2\IOC\3536df7379660d931256b3cf49be810c0d931c3957c464d75e4cba78ba3b92e3,malware,IOC,12,0,7168,12800,0,10932,4096,268435456,4096,1024,332,267,5,0,5,3.929,0,18492,11264,3,13,0,1,0,0,0,0,0,0,0,0,0,0,0,0,0,0
5559fcc93eef38a1c22db66a3e0f9e9f026c99e741cc8b1a4980d166f2696188,C:\samples\malware\Duqu2\IOC\5559fcc93eef38a1c22db66a3e0f9e9f026c99e741cc8b1a4980d166f2696188,malware,IOC,12,0,12288,5632,0,4824,4096,6442450944,4096,1024,34404,523,5,0,5,2.969,0,15883,17408,4,11,0,1,0,0,0,0,0,0,0,0,0,0,0,0,0,0
5ba187106567e8d036edd5ddb6763f89774c158d2a571e15d76572d8604c22a0,C:\samples\malware\Duqu2\IOC\5ba187106567e8d036edd5ddb6763f89774c158d2a571e15d76572d8604c22a0,malware,IOC,12,0,10752,6656,0,5979,4096,268435456,4096,1024,332,267,4,0,4,5.402,0,16264,16384,3,17,0,0,0,0,0,0,0,0,0,0,0,1,0,0,1,1
6217cebf11a76c888cc6ae94f54597a877462ed70da49a88589a9197173cc072,C:\samples\malware\Duqu2\IOC\6217cebf11a76c888cc6ae94f54597a877462ed70da49a88589a9197173cc072,malware,IOC,12,0,17920,8192,0,5160,4096,6442450944,4096,1024,34404,523,5,0,5,4.027,0,24736,24064,3,17,0,0,0,0,0,0,0,0,0,0,0,1,0,0,1,1
6b146e3a59025d7085127b552494e8aaf76450a19c249bfed0b4c09f328e564f,C:\samples\malware\Duqu2\IOC\6b146e3a59025d7085127b552494e8aaf76450a19c249bfed0b4c09f328e564f,malware,IOC,12,0,8192,5120,0,11987,4096,268435456,4096,1024,332,267,5,0,5,3.455,0,11522,13312,4,11,0,1,0,0,0,0,0,0,0,0,0,0,0,0,0,0
6c803aac51038ce308ee085f2cd82a055aaa9ba24d08a19efb2c0fcfde936c34,C:\samples\malware\Duqu2\IOC\6c803aac51038ce308ee085f2cd82a055aaa9ba24d08a19efb2c0fcfde936c34,malware,IOC,12,0,10240,6656,0,5979,4096,268435456,4096,1024,332,267,4,0,4,5.297,0,16058,15872,3,16,0,0,0,0,0,0,0,0,0,0,0,1,0,0,1,1
6de1bb58ae3c37876c6372208366f5548fcc647ffd19ad1d31cebd9069b8a559,C:\samples\malware\Duqu2\IOC\6de1bb58ae3c37876c6372208366f5548fcc647ffd19ad1d31cebd9069b8a559,malware,IOC,12,0,17920,8192,0,5160,4096,6442450944,4096,1024,34404,523,5,0,5,4.294,0,24736,24064,3,17,0,0,0,0,0,0,0,0,0,0,0,1,0,0,1,1
6e09e1a4f56ea736ff21ad5e188845615b57e1a5168f4bdaebe7ddc634912de9,C:\samples\malware\Duqu2\IOC\6e09e1a4f56ea736ff21ad5e188845615b57e1a5168f4bdaebe7ddc634912de9,malware,IOC,12,0,10752,6656,0,5979,4096,268435456,4096,1024,332,267,4,0,4,5.35,0,16264,16384,3,17,0,0,0,0,0,0,0,0,0,0,0,1,0,0,1,1
8e97c371633d285cd8fc842f4582705052a9409149ee67d97de545030787a192,C:\samples\malware\Duqu2\IOC\8e97c371633d285cd8fc842f4582705052a9409149ee67d97de545030787a192,malware,IOC,12,0,12288,5120,0,5096,4096,6442450944,4096,1024,34404,523,5,0,5,2.949,0,15358,16896,4,5,0,1,0,0,0,0,0,0,0,0,0,0,0,0,0,0
9900c91f6d754f15f73729ce5a4333a718463e24aa7e6192c7527ec5c80dac42,C:\samples\malware\Duqu2\IOC\9900c91f6d754f15f73729ce5a4333a718463e24aa7e6192c7527ec5c80dac42,malware,IOC,12,0,17408,8192,0,5160,4096,6442450944,4096,1024,34404,523,5,0,5,3.98,0,24306,23552,3,16,0,0,0,0,0,0,0,0,0,0,0,1,0,0,1,1
c16410c49dc40a371be22773f420b7dd3cfd4d8205cf39909ad9a6f26f55718e,C:\samples\malware\Duqu2\IOC\c16410c49dc40a371be22773f420b7dd3cfd4d8205cf39909ad9a6f26f55718e,malware,IOC,12,0,10752,6656,0,5979,4096,268435456,4096,1024,332,267,4,0,4,5.349,0,16264,16384,3,17,0,0,0,0,0,0,0,0,0,0,0,1,0,0,1,1
d12cd9490fd75e192ea053a05e869ed2f3f9748bf1563e6e496e7153fb4e6c98,C:\samples\malware\Duqu2\IOC\d12cd9490fd75e192ea053a05e869ed2f3f9748bf1563e6e496e7153fb4e6c98,malware,IOC,12,0,10752,6656,0,5979,4096,268435456,4096,1024,332,267,4,0,4,5.35,0,16264,16384,3,17,0,0,0,0,0,0,0,0,0,0,0,1,0,0,1,1
d5c57788cf12b020c4083eb228911260b744a2a67c88662c9bab8faebca98fa2,C:\samples\malware\Duqu2\IOC\d5c57788cf12b020c4083eb228911260b744a2a67c88662c9bab8faebca98fa2,malware,IOC,12,0,17920,8192,0,5160,4096,6442450944,4096,1024,34404,523,5,0,5,4.027,0,24736,24064,3,17,0,0,0,0,0,0,0,0,0,0,0,1,0,0,1,1
d8a849654ab97debaf28ae5b749c3b1ff1812ea49978713853333db48c3972c3,C:\samples\malware\Duqu2\IOC\d8a849654ab97debaf28ae5b749c3b1ff1812ea49978713853333db48c3972c3,malware,IOC,12,0,10240,12800,0,8312,4096,6442450944,4096,1024,34404,523,5,0,5,2.983,0,21850,13824,3,14,0,1,0,0,0,0,0,0,0,0,0,0,0,0,0,0
e83c6c36dbd143ee0fd36aff30fb43529a34129817dc2530f251121527cbf4b4,C:\samples\malware\Duqu2\IOC\e83c6c36dbd143ee0fd36aff30fb43529a34129817dc2530f251121527cbf4b4,malware,IOC,12,0,17920,8192,0,5160,4096,6442450944,4096,1024,34404,523,5,0,5,4.027,0,24736,24064,3,17,0,0,0,0,0,0,0,0,0,0,0,1,0,0,1,1
dump1.exe,C:\samples\malware\Dyre\Dump\dump1.exe,malware,Dump,10,0,6144,268800,0,9072,4096,4194304,4096,512,332,267,4,0,4,4.324,0,281776,273387,5,49,0,1,0,0,0,0,0,1,1,0,0,1,0,0,0,0
999bc5e16312db6abff5f6c9e54c546f.bin,C:\samples\malware\Dyre\Original\999bc5e16312db6abff5f6c9e54c546f.bin,malware,Original,9,0,369152,220672,0,314268,4096,4194304,4096,1024,332,267,4,0,4,6.07,0,588456,585728,4,67,0,1,0,0,0,0,0,0,0,0,0,1,0,0,0,1
b44634d90a9ff2ed8a9d0304c11bf612.bin,C:\samples\malware\Dyre\Original\b44634d90a9ff2ed8a9d0304c11bf612.bin,malware,Original,6,0,20480,471040,0,5852,4096,4194304,4096,4096,332,267,4,0,4,4.797,1,487637,487424,5,56,0,1,0,0,0,0,0,1,0,0,0,1,0,0,1,1
chqpl.file,C:\samples\malware\Dyre\Original\chqpl.file,malware,Original,7,1,210944,51200,0,212140,4096,4194304,4096,1024,332,267,4,0,4,5.428,0,261210,260096,4,45,0,1,0,0,0,0,0,0,0,0,0,0,0,0,0,1
dd207384b31d118745ebc83203a4b04a.bin,C:\samples\malware\Dyre\Original\dd207384b31d118745ebc83203a4b04a.bin,malware,Original,6,0,289280,261120,0,280047,4096,4194304,4096,1024,332,267,3,0,3,6.358,0,549897,550400,3,59,0,1,0,0,0,0,0,0,0,0,0,1,0,0,1,1
Document-772976_829712.scr,C:\samples\malware\Dyre\Original\Document-772976_829712.scr,malware,Original,7,0,175104,70656,0,4218,4096,4194304,4096,1024,332,267,4,0,4,5.918,0,245064,245760,4,24,0,1,0,0,0,0,0,0,0,0,0,0,0,0,0,1
fax_390392029_072514.exe,C:\samples\malware\Dyre\Original\fax_390392029_072514.exe,malware,Original,6,0,254976,28672,0,257184,4096,4194304,4096,1024,332,267,4,0,4,5.36,0,282371,282112,4,24,0,1,0,0,0,0,0,0,0,0,0,0,0,0,0,1
loader_9b313e9c79921b22b488a11344b280d4cec9dd09c2201f9e5aaf08a115650b25,C:\samples\malware\Dyre\Original\loader_9b313e9c79921b22b488a11344b280d4cec9dd09c2201f9e5aaf08a115650b25,malware,Original,1,71,316928,2560,0,8192,4096,4194304,4096,1024,332,267,6,2,6,2.814,1,318883,319488,3,36,0,1,0,0,0,0,0,0,0,0,0,0,0,0,0,1
payload_f8eccfebda8a1e0caabbe23a8b94d7ced980353a9b3673a4173e24958a3bdbb9,C:\samples\malware\Dyre\Original\payload_f8eccfebda8a1e0caabbe23a8b94d7ced980353a9b3673a4173e24958a3bdbb9,malware,Original,10,0,52736,72704,0,47917,4096,268435456,4096,1024,332,267,5,0,5,5.111,1,134072,125440,10,166,0,1,0,0,0,0,0,1,0,0,0,1,0,0,0,0
Dyre_Unpacked.file,C:\samples\malware\Dyre\Unpacked\Dyre_Unpacked.file,malware,Unpacked,10,0,6144,259584,0,9072,4096,4194304,4096,1024,332,267,5,0,5,4.014,0,264574,265728,5,49,0,1,0,0,0,0,0,1,1,0,0,1,0,0,0,0
01b09cb97a58ea0f9bf2b98b38b83f0cfc9f97f39f7bfd73a990c9b00bcdb66c,C:\samples\malware\EarthKrahang_20240404\Win32.EarthKrahang_20240404\01b09cb97a58ea0f9bf2b98b38b83f0cfc9f97f39f7bfd73a990c9b00bcdb66c,malware,Win32.EarthKrahang_20240404,10,0,289792,129024,0,171812,4096,6442450944,4096,1024,34404,523,8,2,8,5.167,0,428259,418816,6,192,0,1,0,0,0,0,0,1,0,0,0,1,0,1,1,0
05b63707ca3cad54085e521aee84c7472ff7b3fe05e22fd65c8e2ee6f36c6243,C:\samples\malware\EarthKrahang_20240404\Win32.EarthKrahang_20240404\05b63707ca3cad54085e521aee84c7472ff7b3fe05e22fd65c8e2ee6f36c6243,malware,Win32.EarthKrahang_20240404,10,0,294400,130048,0,176100,4096,6442450944,4096,1024,34404,523,8,2,8,5.172,0,433781,424448,6,194,0,1,0,0,0,0,0,1,0,0,0,1,0,1,1,0
0ff80e4db32d1d45a0c2afdfd7a1be961c0fbd9d43613a22a989f9024cc1b1e9,C:\samples\malware\EarthKrahang_20240404\Win32.EarthKrahang_20240404\0ff80e4db32d1d45a0c2afdfd7a1be961c0fbd9d43613a22a989f9024cc1b1e9,malware,Win32.EarthKrahang_20240404,9,0,81920,17408,0,61939,4096,268435456,4096,1024,332,267,5,0,5,4.983,0,101008,99328,1,59,0,0,0,0,0,0,0,1,0,0,0,1,0,0,1,0
10b2a7c9329b232e4eef81bac6ba26323e3683ac1f8a99d3a9f8965da5036b6f,C:\samples\malware\EarthKrahang_20240404\Win32.EarthKrahang_20240404\10b2a7c9329b232e4eef81bac6ba26323e3683ac1f8a99d3a9f8965da5036b6f,malware,Win32.EarthKrahang_20240404,10,0,289280,97280,0,210292,4096,6442450944,4096,1024,34404,523,6,0,6,4.486,0,395216,386560,8,195,0,1,0,0,0,0,0,1,0,0,0,1,0,0,1,1
18f4f14857e9b7e3aa1f6f21f21396abd5f421342b7f4d00402a4aff5a538fa1,C:\samples\malware\EarthKrahang_20240404\Win32.EarthKrahang_20240404\18f4f14857e9b7e3aa1f6f21f21396abd5f421342b7f4d00402a4aff5a538fa1,malware,Win32.EarthKrahang_20240404,10,0,244224,54784,0,153362,4096,4194304,4096,1024,332,267,5,0,5,5.009,0,306258,299008,6,156,0,1,0,0,0,0,0,1,1,0,0,1,0,0,0,0
1d3d460b22f70cc26252673e12dfd85da988f69046d6b94602576270df590b2c,C:\samples\malware\EarthKrahang_20240404\Win32.EarthKrahang_20240404\1d3d460b22f70cc26252673e12dfd85da988f69046d6b94602576270df590b2c,malware,Win32.EarthKrahang_20240404,11,0,17408,2048,0,25310,8192,4194304,8192,512,332,267,3,0,3,3.664,0,18568,19456,1,1,0,0,0,0,0,0,0,0,0,0,0,0,0,0,0,0
1e278cfe8098f3badedd5e497f36753d46d96d81edd1c5bee4fc7bc6380c26b3,C:\samples\malware\EarthKrahang_20240404\Win32.EarthKrahang_20240404\1e278cfe8098f3badedd5e497f36753d46d96d81edd1c5bee4fc7bc6380c26b3,malware,Win32.EarthKrahang_20240404,10,0,299008,99840,0,219508,4096,6442450944,4096,1024,34404,523,6,0,6,4.467,0,407088,398848,8,198,0,1,0,0,0,0,0,1,0,0,0,1,0,0,1,1
241737842eb17676b3603e2f076336b7bc6304accef3057401264affb963bef8,C:\samples\malware\EarthKrahang_20240404\Win32.EarthKrahang_20240404\241737842eb17676b3603e2f076336b7bc6304accef3057401264affb963bef8,malware,Win32.EarthKrahang_20240404,10,0,160768,66560,0,78920,4096,6442450944,4096,1024,34404,523,6,0,6,4.661,0,236650,227328,6,165,0,1,0,0,0,0,0,1,0,0,0,1,0,1,0,0
2e3645c8441f2be4182869db5ae320da00c513e0cb643142c70a833f529f28aa,C:\samples\malware\EarthKrahang_20240404\Win32.EarthKrahang_20240404\2e3645c8441f2be4182869db5ae320da00c513e0cb643142c70a833f529f28aa,malware,Win32.EarthKrahang_20240404,10,0,38400,28160,0,15189,4096,4194304,4096,1024,332,267,5,0,5,4.948,0,73597,66560,2,99,0,0,0,0,0,0,0,1,1,0,0,1,0,0,0,0
2e850cb2a1d06d2665601cefd88802ff99905de8bc4ea348ea051d4886e780ee,C:\samples\malware\EarthKrahang_20240404\Win32.EarthKrahang_20240404\2e850cb2a1d06d2665601cefd88802ff99905de8bc4ea348ea051d4886e780ee,malware,Win32.EarthKrahang_20240404,10,0,75264,37888,0,33188,4096,5368709120,4096,1024,34404,523,6,0,6,4.382,0,125930,113152,3,119,0,1,0,0,0,0,0,1,0,0,0,1,0,0,0,0
35f16e469047cf4ef78f87a616d26ec09e3d6a3d7a51415ea34805549a41dcfa,C:\samples\malware\EarthKrahang_20240404\Win32.EarthKrahang_20240404\35f16e469047cf4ef78f87a616d26ec09e3d6a3d7a51415ea34805549a41dcfa,malware,Win32.EarthKrahang_20240404,10,0,289280,97280,0,210292,4096,6442450944,4096,1024,34404,523,6,0,6,4.486,0,395200,386560,8,195,0,1,0,0,0,0,0,1,0,0,0,1,0,0,1,1
3f0aa01ed70bc2ab29557521a65476ec2ff2c867315067cc8a5937d63bcbe815,C:\samples\malware\EarthKrahang_20240404\Win32.EarthKrahang_20240404\3f0aa01ed70bc2ab29557521a65476ec2ff2c867315067cc8a5937d63bcbe815,malware,Win32.EarthKrahang_20240404,10,0,262656,57856,0,166705,4096,4194304,4096,1024,332,267,5,0,5,5.029,0,328072,320512,6,175,0,1,0,0,0,0,0,1,1,0,0,1,0,1,0,0
4529f3751102e7c0a6ec05c6a987d0cc5edc08f75f287dd6ac189abbd1282014,C:\samples\malware\EarthKrahang_20240404\Win32.EarthKrahang_20240404\4529f3751102e7c0a6ec05c6a987d0cc5edc08f75f287dd6ac189abbd1282014,malware,Win32.EarthKrahang_20240404,9,0,82432,17408,0,61306,4096,268435456,4096,1024,332,267,5,0,5,5.0,0,101260,99840,1,60,0,0,0,0,0,0,0,1,0,0,0,1,0,0,1,1
484578b6e7e427a151c309bdc00c90b1c0faf25a8581cace55e2c25ec34056e0,C:\samples\malware\EarthKrahang_20240404\Win32.EarthKrahang_20240404\484578b6e7e427a151c309bdc00c90b1c0faf25a8581cace55e2c25ec34056e0,malware,Win32.EarthKrahang_20240404,10,0,147968,2248192,0,73971,4096,268435456,4096,1024,332,267,5,0,5,5.472,1,2403559,2396160,1,73,0,0,0,0,0,0,0,1,0,0,0,1,0,0,0,0
4cb020a66fdbc99b0bce2ae24d5684685e2b1e9219fbdfda56b3aace4e8d5f66,C:\samples\malware\EarthKrahang_20240404\Win32.EarthKrahang_20240404\4cb020a66fdbc99b0bce2ae24d5684685e2b1e9219fbdfda56b3aace4e8d5f66,malware,Win32.EarthKrahang_20240404,48,0,9728,167936,0,17910,8192,4194304,8192,512,332,267,3,0,3,2.828,0,177144,177664,1,1,0,0,0,0,0,0,0,0,0,0,0,0,0,0,0,0
50cdd2397836d33a8dc285ed421d9b7cc69e38ba0421638235206fd466299dab,C:\samples\malware\EarthKrahang_20240404\Win32.EarthKrahang_20240404\50cdd2397836d33a8dc285ed421d9b7cc69e38ba0421638235206fd466299dab,malware,Win32.EarthKrahang_20240404,10,0,289280,97280,0,210292,4096,6442450944,4096,1024,34404,523,6,0,6,4.486,0,395200,386560,8,195,0,1,0,0,0,0,0,1,0,0,0,1,0,0,1,1
521b3add2ab6cee5a5cfd53b78e08ef2214946393d2a156c674606528b05763a,C:\samples\malware\EarthKrahang_20240404\Win32.EarthKrahang_20240404\521b3add2ab6cee5a5cfd53b78e08ef2214946393d2a156c674606528b05763a,malware,Win32.EarthKrahang_20240404,10,0,69120,37376,0,27244,4096,5368709120,4096,1024,34404,523,6,0,6,4.391,0,118264,106496,3,120,0,1,0,0,0,0,0,1,0,0,0,1,0,0,0,0
57f64f170dfeaa1150493ed3f63ea6f1df3ca71ad1722e12ac0f77744fb1a829,C:\samples\malware\EarthKrahang_20240404\Win32.EarthKrahang_20240404\57f64f170dfeaa1150493ed3f63ea6f1df3ca71ad1722e12ac0f77744fb1a829,malware,Win32.EarthKrahang_20240404,10,0,303104,97792,0,210764,4096,6442450944,4096,1024,34404,523,6,0,6,4.625,0,409608,400896,7,189,0,1,0,0,0,0,0,1,0,0,0,1,0,0,1,1
5a32bf21904387d469d4f8cdaff46048e99666fc9b4d74872af9379df7979bfe,C:\samples\malware\EarthKrahang_20240404\Win32.EarthKrahang_20240404\5a32bf21904387d469d4f8cdaff46048e99666fc9b4d74872af9379df7979bfe,malware,Win32.EarthKrahang_20240404,10,0,299008,99840,0,219508,4096,6442450944,4096,1024,34404,523,6,0,6,4.467,0,407088,398848,8,198,0,1,0,0,0,0,0,1,0,0,0,1,0,0,1,1
5a6a0e01949799dc72c030b4ad8149446624dcd9645ba3eefda981c3fda26472,C:\samples\malware\EarthKrahang_20240404\Win32.EarthKrahang_20240404\5a6a0e01949799dc72c030b4ad8149446624dcd9645ba3eefda981c3fda26472,malware,Win32.EarthKrahang_20240404,10,0,172544,68608,0,77384,4096,6442450944,4096,1024,34404,523,6,0,6,4.758,0,249372,241152,6,164,0,1,0,0,0,0,0,1,0,0,0,1,0,1,0,0
5b17bc2a89727700f94570b0dddc12b315db34dbbd79186177167abbb173cee5,C:\samples\malware\EarthKrahang_20240404\Win32.EarthKrahang_20240404\5b17bc2a89727700f94570b0dddc12b315db34dbbd79186177167abbb173cee5,malware,Win32.EarthKrahang_20240404,14,28,260096,54272,0,8956,4096,268435456,4096,1024,332,267,5,0,5,5.081,0,312836,309760,2,92,0,1,0,0,0,0,0,1,0,0,0,1,0,0,1,1
5e1839fed3562d559166f7f9d3e388cdd21da83b67ccb70fa4121825b91469d6,C:\samples\malware\EarthKrahang_20240404\Win32.EarthKrahang_20240404\5e1839fed3562d559166f7f9d3e388cdd21da83b67ccb70fa4121825b91469d6,malware,Win32.EarthKrahang_20240404,14,28,320000,107520,0,9788,4096,6442450944,4096,1024,34404,523,7,1,7,4.328,0,425548,420864,2,94,0,1,0,0,0,0,0,1,0,0,0,1,0,0,1,1
67ad30c3359b377d1964a5add97d2dc96b855940685131b302d5ba2c907ef355,C:\samples\malware\EarthKrahang_20240404\Win32.EarthKrahang_20240404\67ad30c3359b377d1964a5add97d2dc96b855940685131b302d5ba2c907ef355,malware,Win32.EarthKrahang_20240404,48,0,9216,167936,0,17122,8192,4194304,8192,512,332,267,3,0,3,2.781,0,176356,177152,1,1,0,0,0,0,0,0,0,0,0,0,0,0,0,0,0,0
6a4e32229e5ca41e8eca99cefe5beef3e3621c2199f8844b4d218c14b5481534,C:\samples\malware\EarthKrahang_20240404\Win32.EarthKrahang_20240404\6a4e32229e5ca41e8eca99cefe5beef3e3621c2199f8844b4d218c14b5481534,malware,Win32.EarthKrahang_20240404,14,29,262656,56320,0,8885,4096,268435456,4096,1024,332,267,5,0,5,5.046,0,317426,314368,2,92,0,1,0,0,0,0,0,1,0,0,0,1,0,0,1,1
6c006620062b40b22d00e7e73a93e6a7fa66ce720093b44b4a0f3ef809fa2716,C:\samples\malware\EarthKrahang_20240404\Win32.EarthKrahang_20240404\6c006620062b40b22d00e7e73a93e6a7fa66ce720093b44b4a0f3ef809fa2716,malware,Win32.EarthKrahang_20240404,48,0,9728,167936,0,17598,8192,4194304,8192,512,332,267,3,0,3,2.785,0,176832,177664,1,1,0,0,0,0,0,0,0,0,0,0,0,0,0,0,0,0
6fd7697efc137faf2d3ad5d63ffe4743db70f905a71dbed76207beeeb04732f2,C:\samples\malware\EarthKrahang_20240404\Win32.EarthKrahang_20240404\6fd7697efc137faf2d3ad5d63ffe4743db70f905a71dbed76207beeeb04732f2,malware,Win32.EarthKrahang_20240404,10,0,244224,220672,0,153362,4096,4194304,4096,1024,332,267,5,0,5,4.57,0,472234,464896,6,156,0,1,0,0,0,0,0,1,1,0,0,1,0,0,0,0
7102d6b76a4170203daa939072bba548960db436f85113cd1fca0bb554d95b3c,C:\samples\malware\EarthKrahang_20240404\Win32.EarthKrahang_20240404\7102d6b76a4170203daa939072bba548960db436f85113cd1fca0bb554d95b3c,malware,Win32.EarthKrahang_20240404,14,28,260096,54272,0,8956,4096,268435456,4096,1024,332,267,5,0,5,5.081,0,312836,309760,2,92,0,1,0,0,0,0,0,1,0,0,0,1,0,0,1,1
7af402f4bd2b1a2d2d8b74fb7599860f3a90b7b6f66a519f2b4d31aeea2500aa,C:\samples\malware\EarthKrahang_20240404\Win32.EarthKrahang_20240404\7af402f4bd2b1a2d2d8b74fb7599860f3a90b7b6f66a519f2b4d31aeea2500aa,malware,Win32.EarthKrahang_20240404,48,0,389632,2048,0,393842,8192,4194304,8192,512,332,267,3,0,3,3.379,0,391076,391680,1,1,0,0,0,0,0,0,0,0,0,0,0,0,0,0,0,0
7e5b05d29c3aa2aa178c3cc0338ba52b39dc89dafadeec7301f187db0b060372,C:\samples\malware\EarthKrahang_20240404\Win32.EarthKrahang_20240404\7e5b05d29c3aa2aa178c3cc0338ba52b39dc89dafadeec7301f187db0b060372,malware,Win32.EarthKrahang_20240404,14,28,260096,54272,0,9031,4096,268435456,4096,1024,332,267,5,0,5,5.086,0,313096,309760,2,92,0,1,0,0,0,0,0,1,0,0,0,1,0,0,1,1
804387e43fdd1bd45b35e65d52d86882d64956b0a286e8721da402062f95a9e3,C:\samples\malware\EarthKrahang_20240404\Win32.EarthKrahang_20240404\804387e43fdd1bd45b35e65d52d86882d64956b0a286e8721da402062f95a9e3,malware,Win32.EarthKrahang_20240404,11,0,35328,167936,0,43134,8192,4194304,8192,512,332,267,3,0,3,3.554,1,202368,203264,1,1,0,0,0,0,0,0,0,0,0,0,0,0,0,0,0,0
8218c23361e9f1b25ee1a93796ef471ca8ca5ac672b7db69ad05f42eb90b0b8d,C:\samples\malware\EarthKrahang_20240404\Win32.EarthKrahang_20240404\8218c23361e9f1b25ee1a93796ef471ca8ca5ac672b7db69ad05f42eb90b0b8d,malware,Win32.EarthKrahang_20240404,10,0,38400,28160,0,15189,4096,4194304,4096,1024,332,267,5,0,5,4.947,0,73597,66560,2,99,0,0,0,0,0,0,0,1,1,0,0,1,0,0,0,0
82f7bcda95fcc0e690159a2fbd7b3e38ef3ff9105496498f86d1fa9ff4312846,C:\samples\malware\EarthKrahang_20240404\Win32.EarthKrahang_20240404\82f7bcda95fcc0e690159a2fbd7b3e38ef3ff9105496498f86d1fa9ff4312846,malware,Win32.EarthKrahang_20240404,48,0,9216,2048,0,17170,8192,4194304,8192,512,332,267,3,0,3,3.14,0,10432,11264,1,1,0,0,0,0,0,0,0,0,0,0,0,0,0,0,0,0
898a7527c065454ba9fad0e36469e12b214f5a3bd40a5ec7fcaf9b75afc34dce,C:\samples\malware\EarthKrahang_20240404\Win32.EarthKrahang_20240404\898a7527c065454ba9fad0e36469e12b214f5a3bd40a5ec7fcaf9b75afc34dce,malware,Win32.EarthKrahang_20240404,10,0,289280,97280,0,210292,4096,6442450944,4096,1024,34404,523,6,0,6,4.483,0,395200,386560,8,195,0,1,0,0,0,0,0,1,0,0,0,1,0,0,1,1
9ada058a558b7cadb238fc2c259f204369cd604e927f9712fd51262ca6987cb1,C:\samples\malware\EarthKrahang_20240404\Win32.EarthKrahang_20240404\9ada058a558b7cadb238fc2c259f204369cd604e927f9712fd51262ca6987cb1,malware,Win32.EarthKrahang_20240404,10,0,75776,37888,0,33404,4096,5368709120,4096,1024,34404,523,6,0,6,4.427,0,126506,113664,3,120,0,1,0,0,0,0,0,1,0,0,0,1,0,0,0,0
9d4e18ae979bdf6b57e685896b350b23c428d911eee14af133c3ee7d208f8a82,C:\samples\malware\EarthKrahang_20240404\Win32.EarthKrahang_20240404\9d4e18ae979bdf6b57e685896b350b23c428d911eee14af133c3ee7d208f8a82,malware,Win32.EarthKrahang_20240404,10,0,75776,37888,0,33404,4096,5368709120,4096,1024,34404,523,6,0,6,4.427,0,126506,113664,3,120,0,1,0,0,0,0,0,1,0,0,0,1,0,0,0,0
a4f59d4d42e42b882068cacf8b70f314add963e2cbbf7a52e70df130bfe23dff,C:\samples\malware\EarthKrahang_20240404\Win32.EarthKrahang_20240404\a4f59d4d42e42b882068cacf8b70f314add963e2cbbf7a52e70df130bfe23dff,malware,Win32.EarthKrahang_20240404,3,0,2849792,3360256,0,420352,4096,4194304,4096,1536,34404,523,7,1,7,4.165,0,6590313,6210560,1,40,0,0,0,0,0,0,0,1,0,0,0,1,0,0,1,0
b1102ed4bca6dae6f2f498ade2f73f76af527fa803f0e0b46e100d4cf5150682,C:\samples\malware\EarthKrahang_20240404\Win32.EarthKrahang_20240404\b1102ed4bca6dae6f2f498ade2f73f76af527fa803f0e0b46e100d4cf5150682,malware,Win32.EarthKrahang_20240404,5,0,880640,446464,0,4684,4096,4194304,4096,1536,332,267,8,2,7,3.56,0,1454080,1392640,8,147,0,1,0,1,0,0,0,1,0,0,0,1,0,0,1,1
b4c470be7e434dac0b61919a6b0c5b10cf7a01a22c5403c4540afdb5f2c79fab,C:\samples\malware\EarthKrahang_20240404\Win32.EarthKrahang_20240404\b4c470be7e434dac0b61919a6b0c5b10cf7a01a22c5403c4540afdb5f2c79fab,malware,Win32.EarthKrahang_20240404,10,0,294400,130048,0,176100,4096,6442450944,4096,1024,34404,523,8,2,8,5.172,0,433781,424448,6,194,0,1,0,0,0,0,0,1,0,0,0,1,0,1,1,0
b8f2da1eefa09077d86a443ad688080b98672f171918c06e2b3652df783be03a,C:\samples\malware\EarthKrahang_20240404\Win32.EarthKrahang_20240404\b8f2da1eefa09077d86a443ad688080b98672f171918c06e2b3652df783be03a,malware,Win32.EarthKrahang_20240404,11,0,60416,167936,0,68190,8192,4194304,8192,512,332,267,3,0,3,3.628,1,227424,228352,1,1,0,0,0,0,0,0,0,0,0,0,0,0,0,0,0,0
bb4e7b0c969895fc9836640b80e2bdc6572d214ba2ee55b77588f8a4eedea5a4,C:\samples\malware\EarthKrahang_20240404\Win32.EarthKrahang_20240404\bb4e7b0c969895fc9836640b80e2bdc6572d214ba2ee55b77588f8a4eedea5a4,malware,Win32.EarthKrahang_20240404,10,0,75264,37888,0,33188,4096,5368709120,4096,1024,34404,523,6,0,6,4.384,0,125930,113152,3,119,0,1,0,0,0,0,0,1,0,0,0,1,0,0,0,0
bc422a4e1b6a351ac6fe73d496015cfa6a9dbd5e38566c6f44a59faff83ee95a,C:\samples\malware\EarthKrahang_20240404\Win32.EarthKrahang_20240404\bc422a4e1b6a351ac6fe73d496015cfa6a9dbd5e38566c6f44a59faff83ee95a,malware,Win32.EarthKrahang_20240404,3,0,5529600,4096,16465920,21998704,16470016,4194304,4096,4096,332,267,3,3,2,3.186,1,21999616,5530112,1,4,0,0,0,0,0,0,0,0,0,0,0,1,0,0,1,0
c14f6ac5bcd8645eb80a612a6bf6d58c31b0e28e50be871f278c341ed1fa8c7c,C:\samples\malware\EarthKrahang_20240404\Win32.EarthKrahang_20240404\c14f6ac5bcd8645eb80a612a6bf6d58c31b0e28e50be871f278c341ed1fa8c7c,malware,Win32.EarthKrahang_20240404,10,0,246272,58880,0,165111,4096,4194304,4096,1024,332,267,5,0,5,5.047,0,311880,305152,10,217,0,1,0,0,0,0,0,1,0,0,0,1,0,0,1,1
c377b79732e93f981998817e6f0e8664578b474445ba11b402c70b4b0357caab,C:\samples\malware\EarthKrahang_20240404\Win32.EarthKrahang_20240404\c377b79732e93f981998817e6f0e8664578b474445ba11b402c70b4b0357caab,malware,Win32.EarthKrahang_20240404,10,0,171008,68096,0,76104,4096,6442450944,4096,1024,34404,523,6,0,6,4.756,0,247726,239104,6,164,0,1,0,0,0,0,0,1,0,0,0,1,0,1,0,0
c9d5dc956841e000bfd8762e2f0b48b66c79b79500e894b4efa7fb9ba17e4e9e,C:\samples\malware\EarthKrahang_20240404\Win32.EarthKrahang_20240404\c9d5dc956841e000bfd8762e2f0b48b66c79b79500e894b4efa7fb9ba17e4e9e,malware,Win32.EarthKrahang_20240404,6,0,20480,12288,0,21170,4096,4194304,4096,4096,332,267,3,0,3,3.287,0,24698,32768,3,64,0,0,0,0,0,0,0,0,0,0,0,0,0,0,0,0
ccd4a648cc2c4a5bbcd148f9c182f4c9595440a41dd3ea289a11609063c86a6d,C:\samples\malware\EarthKrahang_20240404\Win32.EarthKrahang_20240404\ccd4a648cc2c4a5bbcd148f9c182f4c9595440a41dd3ea289a11609063c86a6d,malware,Win32.EarthKrahang_20240404,9,0,165376,44032,0,119835,4096,4194304,4096,1024,332,267,4,0,4,5.055,0,340458,209408,10,207,0,1,0,1,0,0,0,1,0,0,0,1,0,0,1,1
d096c3a67634599bc47151f0e01a7423a3eb873377371b2b928c0d4f57635a1f,C:\samples\malware\EarthKrahang_20240404\Win32.EarthKrahang_20240404\d096c3a67634599bc47151f0e01a7423a3eb873377371b2b928c0d4f57635a1f,malware,Win32.EarthKrahang_20240404,14,0,51712,58368,0,7128,4096,5368709120,4096,1024,34404,523,8,3,8,3.558,0,107553,105472,7,105,0,1,0,1,0,0,0,1,1,0,0,1,0,0,1,0
d176951b9ff3239b659ad57b729edb0845785e418852ecfeef1669f4c6fed61b,C:\samples\malware\EarthKrahang_20240404\Win32.EarthKrahang_20240404\d176951b9ff3239b659ad57b729edb0845785e418852ecfeef1669f4c6fed61b,malware,Win32.EarthKrahang_20240404,10,0,75264,37888,0,33188,4096,5368709120,4096,1024,34404,523,6,0,6,4.382,0,125930,113152,3,119,0,1,0,0,0,0,0,1,0,0,0,1,0,0,0,0
d17fe5bc3042baf219e81cbbf991749dfcd8b6d73cf6506a8228e19910da3578,C:\samples\malware\EarthKrahang_20240404\Win32.EarthKrahang_20240404\d17fe5bc3042baf219e81cbbf991749dfcd8b6d73cf6506a8228e19910da3578,malware,Win32.EarthKrahang_20240404,10,0,244224,220672,0,153362,4096,4194304,4096,1024,332,267,5,0,5,4.571,0,472234,464896,6,156,0,1,0,0,0,0,0,1,1,0,0,1,0,0,0,0
d2cc1135c314f526f88fbe19f25d94899d52de7e3422f334437f32388d040d71,C:\samples\malware\EarthKrahang_20240404\Win32.EarthKrahang_20240404\d2cc1135c314f526f88fbe19f25d94899d52de7e3422f334437f32388d040d71,malware,Win32.EarthKrahang_20240404,11,0,2383360,34304,0,2391246,8192,4194304,8192,512,332,267,3,0,3,3.054,0,2416680,2417664,1,1,0,0,0,0,0,0,0,0,0,0,0,0,0,0,0,0
d31d135bc450eafa698e6b7fb5d11b4926948163af09122ca1c568284d8b33b3,C:\samples\malware\EarthKrahang_20240404\Win32.EarthKrahang_20240404\d31d135bc450eafa698e6b7fb5d11b4926948163af09122ca1c568284d8b33b3,malware,Win32.EarthKrahang_20240404,10,0,299008,99328,0,219364,4096,6442450944,4096,1024,34404,523,6,0,6,4.471,0,406856,398336,8,198,0,1,0,0,0,0,0,1,0,0,0,1,0,0,1,1
dd469fbf68f6bf71e495b3e497e31d17aa1d0af918a943f8637dd3304f840740,C:\samples\malware\EarthKrahang_20240404\Win32.EarthKrahang_20240404\dd469fbf68f6bf71e495b3e497e31d17aa1d0af918a943f8637dd3304f840740,malware,Win32.EarthKrahang_20240404,2,36,169984,569344,4608,5312,4096,5368709120,4096,1024,34404,523,11,4,10,3.842,1,570752,568968,2,125,0,0,0,0,0,0,0,0,0,0,0,1,0,0,0,1
e0f109836a025d4531ea895cebecc9bdefb84a0cc747861986c4bc231e1d4213,C:\samples\malware\EarthKrahang_20240404\Win32.EarthKrahang_20240404\e0f109836a025d4531ea895cebecc9bdefb84a0cc747861986c4bc231e1d4213,malware,Win32.EarthKrahang_20240404,10,0,244224,54784,0,153362,4096,4194304,4096,1024,332,267,5,0,5,5.009,0,306258,299008,6,156,0,1,0,0,0,0,0,1,1,0,0,1,0,0,0,0
ee41eb21f439b1168ae815ca067ee91d84d6947397d71e214edc6868dbf4f272,C:\samples\malware\EarthKrahang_20240404\Win32.EarthKrahang_20240404\ee41eb21f439b1168ae815ca067ee91d84d6947397d71e214edc6868dbf4f272,malware,Win32.EarthKrahang_20240404,10,0,292352,97280,0,212084,4096,6442450944,4096,1024,34404,523,6,0,6,4.481,0,398008,389632,7,192,0,1,0,0,0,0,0,1,0,0,0,1,0,0,1,1
ef4a2cfe4d9d3495d4957a65299f608f7b823fab0699fded728fd3900c0b2bb4,C:\samples\malware\EarthKrahang_20240404\Win32.EarthKrahang_20240404\ef4a2cfe4d9d3495d4957a65299f608f7b823fab0699fded728fd3900c0b2bb4,malware,Win32.EarthKrahang_20240404,2,36,200192,883200,4096,5312,4096,5368709120,4096,1024,34404,523,11,4,10,3.505,1,884420,883048,4,137,0,1,0,0,0,0,0,0,0,0,0,1,0,0,0,0
f4ea99dc41cb7922d01955eef9303ec3a24b88c3318138855346de1e830ed09e,C:\samples\malware\EarthKrahang_20240404\Win32.EarthKrahang_20240404\f4ea99dc41cb7922d01955eef9303ec3a24b88c3318138855346de1e830ed09e,malware,Win32.EarthKrahang_20240404,3,0,6283264,4096,18640896,24927504,18644992,4194304,4096,4096,34404,523,3,3,2,3.126,1,24928256,6283776,1,4,0,0,0,0,0,0,0,0,0,0,0,1,0,0,1,0
f5b6c0d73c513c3c8efbcc967d7f6865559e90d59fb78b2b15394f22fd7315cb,C:\samples\malware\EarthKrahang_20240404\Win32.EarthKrahang_20240404\f5b6c0d73c513c3c8efbcc967d7f6865559e90d59fb78b2b15394f22fd7315cb,malware,Win32.EarthKrahang_20240404,11,0,34304,167936,0,42062,8192,4194304,8192,512,332,267,3,0,3,3.548,1,201296,202240,1,1,0,0,0,0,0,0,0,0,0,0,0,0,0,0,0,0
f66a6b49a23cf3cc842a84d955c0292e7d1c0718ec4e78d4513e18b6c53a94ac,C:\samples\malware\EarthKrahang_20240404\Win32.EarthKrahang_20240404\f66a6b49a23cf3cc842a84d955c0292e7d1c0718ec4e78d4513e18b6c53a94ac,malware,Win32.EarthKrahang_20240404,10,0,289792,129024,0,171812,4096,6442450944,4096,1024,34404,523,8,2,8,5.169,0,428275,418816,6,192,0,1,0,0,0,0,0,1,0,0,0,1,0,1,1,0
fe4fad660bb44e108ab07d812f8b1bbf16852c1b881a5e721a9f811cae317f39,C:\samples\malware\EarthKrahang_20240404\Win32.EarthKrahang_20240404\fe4fad660bb44e108ab07d812f8b1bbf16852c1b881a5e721a9f811cae317f39,malware,Win32.EarthKrahang_20240404,10,0,75776,37888,0,33404,4096,5368709120,4096,1024,34404,523,6,0,6,4.425,0,126514,113664,3,120,0,1,0,0,0,0,0,1,0,0,0,1,0,0,0,0
EquationLaser_32C53DF631217D0B5F9F46D3A9246715,C:\samples\malware\EquationGroup\Equation_KasperskyReport_and_Additionalsamples\AdditionalSamples\EquationLaser\EquationLaser_32C53DF631217D0B5F9F46D3A9246715,malware,EquationLaser,7,10,109056,327680,0,112641,4096,268435456,4096,1024,332,267,6,1,6,4.64,1,434765,131584,6,217,0,1,0,0,0,0,0,1,1,0,0,1,0,0,1,1
EquationLaser_45DF8669908A259A22C44278C2289721,C:\samples\malware\EquationGroup\Equation_KasperskyReport_and_Additionalsamples\AdditionalSamples\EquationLaser\EquationLaser_45DF8669908A259A22C44278C2289721,malware,EquationLaser,7,10,109056,327680,0,112641,4096,268435456,4096,1024,332,267,6,1,6,4.64,1,434765,131584,6,217,0,1,0,0,0,0,0,1,1,0,0,1,0,0,1,1
EquationLaser_6480843080ADD60B825EFE0532DC727B,C:\samples\malware\EquationGroup\Equation_KasperskyReport_and_Additionalsamples\AdditionalSamples\EquationLaser\EquationLaser_6480843080ADD60B825EFE0532DC727B,malware,EquationLaser,7,10,109056,327680,0,112641,4096,268435456,4096,1024,332,267,6,1,6,4.64,1,434765,131584,6,217,0,1,0,0,0,0,0,1,1,0,0,1,0,0,1,1
EquationLaser_8E2C06B52F530C9F9B5C2C743A5BB28A,C:\samples\malware\EquationGroup\Equation_KasperskyReport_and_Additionalsamples\AdditionalSamples\EquationLaser\EquationLaser_8E2C06B52F530C9F9B5C2C743A5BB28A,malware,EquationLaser,7,10,109056,327680,0,112641,4096,268435456,4096,1024,332,267,6,1,6,4.64,1,434765,131584,6,217,0,1,0,0,0,0,0,1,1,0,0,1,0,0,1,1
EquationLaser_C96284363374597A3AC4B07C77E8325B,C:\samples\malware\EquationGroup\Equation_KasperskyReport_and_Additionalsamples\AdditionalSamples\EquationLaser\EquationLaser_C96284363374597A3AC4B07C77E8325B,malware,EquationLaser,7,10,109056,327680,0,112641,4096,268435456,4096,1024,332,267,6,1,6,4.64,1,434765,131584,6,217,0,1,0,0,0,0,0,1,1,0,0,1,0,0,1,1
EquationLaser_DE356F2A55B25E04742423B5EC56DE93,C:\samples\malware\EquationGroup\Equation_KasperskyReport_and_Additionalsamples\AdditionalSamples\EquationLaser\EquationLaser_DE356F2A55B25E04742423B5EC56DE93,malware,EquationLaser,7,10,109056,327680,0,112641,4096,268435456,4096,1024,332,267,6,1,6,4.64,1,434765,131584,6,217,0,1,0,0,0,0,0,1,1,0,0,1,0,0,1,1
FannyWorm_002F5E401F705FE91F44263E49D6C216,C:\samples\malware\EquationGroup\Equation_KasperskyReport_and_Additionalsamples\AdditionalSamples\FannyWorm\FannyWorm_002F5E401F705FE91F44263E49D6C216,malware,FannyWorm,6,0,53248,126976,0,54299,4096,268435456,4096,4096,332,267,5,0,5,5.124,0,171723,180224,5,131,0,1,0,0,0,0,0,1,0,0,0,1,0,0,1,1
FannyWorm_0047C4A00161A8478DF31DBDEA44A19E,C:\samples\malware\EquationGroup\Equation_KasperskyReport_and_Additionalsamples\AdditionalSamples\FannyWorm\FannyWorm_0047C4A00161A8478DF31DBDEA44A19E,malware,FannyWorm,6,0,53248,126976,0,54299,4096,268435456,4096,4096,332,267,5,0,5,5.112,0,171723,180224,5,131,0,1,0,0,0,0,0,1,0,0,0,1,0,0,1,1
FannyWorm_00535DCA6D6DB97128F6E12451C1E04E,C:\samples\malware\EquationGroup\Equation_KasperskyReport_and_Additionalsamples\AdditionalSamples\FannyWorm\FannyWorm_00535DCA6D6DB97128F6E12451C1E04E,malware,FannyWorm,6,0,53248,126976,0,54299,4096,268435456,4096,4096,332,267,5,0,5,5.124,0,171723,180224,5,131,0,1,0,0,0,0,0,1,0,0,0,1,0,0,1,1
FannyWorm_0063BF5852FFB5BAABCDC34AD4F8F0BF,C:\samples\malware\EquationGroup\Equation_KasperskyReport_and_Additionalsamples\AdditionalSamples\FannyWorm\FannyWorm_0063BF5852FFB5BAABCDC34AD4F8F0BF,malware,FannyWorm,6,0,53248,126976,0,54299,4096,268435456,4096,4096,332,267,5,0,5,5.124,0,171723,180224,5,131,0,1,0,0,0,0,0,1,0,0,0,1,0,0,1,1
FannyWorm_00F5F27098D25A1961DF56A1C58398E2,C:\samples\malware\EquationGroup\Equation_KasperskyReport_and_Additionalsamples\AdditionalSamples\FannyWorm\FannyWorm_00F5F27098D25A1961DF56A1C58398E2,malware,FannyWorm,6,0,53248,126976,0,54299,4096,268435456,4096,4096,332,267,5,0,5,5.124,0,171723,180224,5,131,0,1,0,0,0,0,0,1,0,0,0,1,0,0,1,1
FannyWorm_00FAE15224F3A3C46D20F2667FB1ED89,C:\samples\malware\EquationGroup\Equation_KasperskyReport_and_Additionalsamples\AdditionalSamples\FannyWorm\FannyWorm_00FAE15224F3A3C46D20F2667FB1ED89,malware,FannyWorm,6,0,53248,126976,0,54299,4096,268435456,4096,4096,332,267,5,0,5,5.124,0,171723,180224,5,131,0,1,0,0,0,0,0,1,0,0,0,1,0,0,1,1
FannyWorm_02D5EB43F5FC03F7ABC89C57B82C75F8,C:\samples\malware\EquationGroup\Equation_KasperskyReport_and_Additionalsamples\AdditionalSamples\FannyWorm\FannyWorm_02D5EB43F5FC03F7ABC89C57B82C75F8,malware,FannyWorm,6,0,53248,126976,0,54299,4096,268435456,4096,4096,332,267,5,0,5,5.124,0,171723,180224,5,131,0,1,0,0,0,0,0,1,0,0,0,1,0,0,1,1
FannyWorm_0333F6533573D7A08B4DE47BD186EC65,C:\samples\malware\EquationGroup\Equation_KasperskyReport_and_Additionalsamples\AdditionalSamples\FannyWorm\FannyWorm_0333F6533573D7A08B4DE47BD186EC65,malware,FannyWorm,6,0,53248,126976,0,54299,4096,268435456,4096,4096,332,267,5,0,5,5.321,0,171723,180224,5,131,0,1,0,0,0,0,0,1,0,0,0,1,0,0,1,1
FannyWorm_038E4FFBDF9334DD0B96F92104C4A5C0,C:\samples\malware\EquationGroup\Equation_KasperskyReport_and_Additionalsamples\AdditionalSamples\FannyWorm\FannyWorm_038E4FFBDF9334DD0B96F92104C4A5C0,malware,FannyWorm,6,0,53248,126976,0,54299,4096,268435456,4096,4096,332,267,5,0,5,5.124,0,171723,180224,5,131,0,1,0,0,0,0,0,1,0,0,0,1,0,0,1,1
FannyWorm_03A5AE64C62EB66DD7303801785D3F7B,C:\samples\malware\EquationGroup\Equation_KasperskyReport_and_Additionalsamples\AdditionalSamples\FannyWorm\FannyWorm_03A5AE64C62EB66DD7303801785D3F7B,malware,FannyWorm,6,0,53248,126976,0,54299,4096,268435456,4096,4096,332,267,5,0,5,5.124,0,171723,180224,5,131,0,1,0,0,0,0,0,1,0,0,0,1,0,0,1,1
FannyWorm_03A64049747B2544A5EE08A2520495D8,C:\samples\malware\EquationGroup\Equation_KasperskyReport_and_Additionalsamples\AdditionalSamples\FannyWorm\FannyWorm_03A64049747B2544A5EE08A2520495D8,malware,FannyWorm,6,0,53248,126976,0,54299,4096,268435456,4096,4096,332,267,5,0,5,5.124,0,171723,180224,5,131,0,1,0,0,0,0,0,1,0,0,0,1,0,0,1,1
FannyWorm_04DDB75038698F66B9C43304A2C92240,C:\samples\malware\EquationGroup\Equation_KasperskyReport_and_Additionalsamples\AdditionalSamples\FannyWorm\FannyWorm_04DDB75038698F66B9C43304A2C92240,malware,FannyWorm,6,0,53248,126976,0,54299,4096,268435456,4096,4096,332,267,5,0,5,5.126,0,171723,180224,5,131,0,1,0,0,0,0,0,1,0,0,0,1,0,0,1,1
FannyWorm_05187AA4D312FF06187C93D12DD5F1D0,C:\samples\malware\EquationGroup\Equation_KasperskyReport_and_Additionalsamples\AdditionalSamples\FannyWorm\FannyWorm_05187AA4D312FF06187C93D12DD5F1D0,malware,FannyWorm,6,0,53248,126976,0,54299,4096,268435456,4096,4096,332,267,5,0,5,5.21,0,171723,180224,5,131,0,1,0,0,0,0,0,1,0,0,0,1,0,0,1,1
FannyWorm_053895AE9A145A74738BA85667AE2CD1,C:\samples\malware\EquationGroup\Equation_KasperskyReport_and_Additionalsamples\AdditionalSamples\FannyWorm\FannyWorm_053895AE9A145A74738BA85667AE2CD1,malware,FannyWorm,6,0,53248,126976,0,54299,4096,268435456,4096,4096,332,267,5,0,5,5.124,0,171723,180224,5,131,0,1,0,0,0,0,0,1,0,0,0,1,0,0,1,1
FannyWorm_05A0274DDEA1D4E2D938EE0804DA41DB,C:\samples\malware\EquationGroup\Equation_KasperskyReport_and_Additionalsamples\AdditionalSamples\FannyWorm\FannyWorm_05A0274DDEA1D4E2D938EE0804DA41DB,malware,FannyWorm,6,0,53248,126976,0,54299,4096,268435456,4096,4096,332,267,5,0,5,5.124,0,171723,180224,5,131,0,1,0,0,0,0,0,1,0,0,0,1,0,0,1,1
FannyWorm_05E58526F763F069B4C86D209416F50A,C:\samples\malware\EquationGroup\Equation_KasperskyReport_and_Additionalsamples\AdditionalSamples\FannyWorm\FannyWorm_05E58526F763F069B4C86D209416F50A,malware,FannyWorm,6,0,53248,126976,0,54299,4096,268435456,4096,4096,332,267,5,0,5,5.197,0,171723,180224,5,131,0,1,0,0,0,0,0,1,0,0,0,1,0,0,1,1
FannyWorm_063AD1284A8DFB82965B539EFD965547,C:\samples\malware\EquationGroup\Equation_KasperskyReport_and_Additionalsamples\AdditionalSamples\FannyWorm\FannyWorm_063AD1284A8DFB82965B539EFD965547,malware,FannyWorm,6,0,53248,126976,0,54299,4096,268435456,4096,4096,332,267,5,0,5,5.118,0,171723,180224,5,131,0,1,0,0,0,0,0,1,0,0,0,1,0,0,1,1
FannyWorm_06A1824482848997877DA3F5CB83F196,C:\samples\malware\EquationGroup\Equation_KasperskyReport_and_Additionalsamples\AdditionalSamples\FannyWorm\FannyWorm_06A1824482848997877DA3F5CB83F196,malware,FannyWorm,6,0,53248,126976,0,54299,4096,268435456,4096,4096,332,267,5,0,5,5.124,0,171723,180224,5,131,0,1,0,0,0,0,0,1,0,0,0,1,0,0,1,1
FannyWorm_07988B3B1AF58A47F7EE884E734D9A45,C:\samples\malware\EquationGroup\Equation_KasperskyReport_and_Additionalsamples\AdditionalSamples\FannyWorm\FannyWorm_07988B3B1AF58A47F7EE884E734D9A45,malware,FannyWorm,6,0,53248,126976,0,54299,4096,268435456,4096,4096,332,267,5,0,5,5.124,0,171723,180224,5,131,0,1,0,0,0,0,0,1,0,0,0,1,0,0,1,1
FannyWorm_0915237A0B1F095AACE0A50B82356571,C:\samples\malware\EquationGroup\Equation_KasperskyReport_and_Additionalsamples\AdditionalSamples\FannyWorm\FannyWorm_0915237A0B1F095AACE0A50B82356571,malware,FannyWorm,6,0,53248,126976,0,54299,4096,268435456,4096,4096,332,267,5,0,5,5.124,0,171723,180224,5,131,0,1,0,0,0,0,0,1,0,0,0,1,0,0,1,1
FannyWorm_09344144F44E598E516793B36DE7822A,C:\samples\malware\EquationGroup\Equation_KasperskyReport_and_Additionalsamples\AdditionalSamples\FannyWorm\FannyWorm_09344144F44E598E516793B36DE7822A,malware,FannyWorm,6,0,53248,126976,0,54299,4096,268435456,4096,4096,332,267,5,0,5,5.092,0,171723,180224,5,131,0,1,0,0,0,0,0,1,0,0,0,1,0,0,1,1
FannyWorm_0A704348BD37EA5CCD2E0A540EB010C2,C:\samples\malware\EquationGroup\Equation_KasperskyReport_and_Additionalsamples\AdditionalSamples\FannyWorm\FannyWorm_0A704348BD37EA5CCD2E0A540EB010C2,malware,FannyWorm,6,0,53248,126976,0,54299,4096,268435456,4096,4096,332,267,5,0,5,5.124,0,171723,180224,5,131,0,1,0,0,0,0,0,1,0,0,0,1,0,0,1,1
FannyWorm_0A78F4F0C5FC09C08DC1B54D7412BC58,C:\samples\malware\EquationGroup\Equation_KasperskyReport_and_Additionalsamples\AdditionalSamples\FannyWorm\FannyWorm_0A78F4F0C5FC09C08DC1B54D7412BC58,malware,FannyWorm,6,0,53248,126976,0,54299,4096,268435456,4096,4096,332,267,5,0,5,5.124,0,171723,180224,5,131,0,1,0,0,0,0,0,1,0,0,0,1,0,0,1,1
FannyWorm_0ACBDD008B62CD40BB1434ACA7500D5B,C:\samples\malware\EquationGroup\Equation_KasperskyReport_and_Additionalsamples\AdditionalSamples\FannyWorm\FannyWorm_0ACBDD008B62CD40BB1434ACA7500D5B,malware,FannyWorm,6,0,53248,126976,0,54299,4096,268435456,4096,4096,332,267,5,0,5,5.131,0,171723,180224,5,131,0,1,0,0,0,0,0,1,0,0,0,1,0,0,1,1
FannyWorm_0B5F75E67B78D34DC4206BF49C7F09E9,C:\samples\malware\EquationGroup\Equation_KasperskyReport_and_Additionalsamples\AdditionalSamples\FannyWorm\FannyWorm_0B5F75E67B78D34DC4206BF49C7F09E9,malware,FannyWorm,6,0,53248,126976,0,54299,4096,268435456,4096,4096,332,267,5,0,5,5.125,0,171723,180224,5,131,0,1,0,0,0,0,0,1,0,0,0,1,0,0,1,1
FannyWorm_0C4BD72BD7119C562F81588978AC9DEF,C:\samples\malware\EquationGroup\Equation_KasperskyReport_and_Additionalsamples\AdditionalSamples\FannyWorm\FannyWorm_0C4BD72BD7119C562F81588978AC9DEF,malware,FannyWorm,6,0,53248,126976,0,54299,4096,268435456,4096,4096,332,267,5,0,5,5.124,0,171723,180224,5,131,0,1,0,0,0,0,0,1,0,0,0,1,0,0,1,1
FannyWorm_0D1248BD21BA2487C08691EE60B8D80E,C:\samples\malware\EquationGroup\Equation_KasperskyReport_and_Additionalsamples\AdditionalSamples\FannyWorm\FannyWorm_0D1248BD21BA2487C08691EE60B8D80E,malware,FannyWorm,6,0,53248,126976,0,54299,4096,268435456,4096,4096,332,267,5,0,5,5.124,0,171723,180224,5,131,0,1,0,0,0,0,0,1,0,0,0,1,0,0,1,1
FannyWorm_0E2313835CA0FA52D95500F83FE9F5D2,C:\samples\malware\EquationGroup\Equation_KasperskyReport_and_Additionalsamples\AdditionalSamples\FannyWorm\FannyWorm_0E2313835CA0FA52D95500F83FE9F5D2,malware,FannyWorm,6,0,53248,126976,0,54299,4096,268435456,4096,4096,332,267,5,0,5,5.092,0,171723,180224,5,131,0,1,0,0,0,0,0,1,0,0,0,1,0,0,1,1
FannyWorm_0F256B5884F46A15B80B60BBA8876966,C:\samples\malware\EquationGroup\Equation_KasperskyReport_and_Additionalsamples\AdditionalSamples\FannyWorm\FannyWorm_0F256B5884F46A15B80B60BBA8876966,malware,FannyWorm,6,0,53248,126976,0,54299,4096,268435456,4096,4096,332,267,5,0,5,5.124,0,171723,180224,5,131,0,1,0,0,0,0,0,1,0,0,0,1,0,0,1,1
FannyWorm_0FD329C0ECC34C45A87414E3DAAD5819,C:\samples\malware\EquationGroup\Equation_KasperskyReport_and_Additionalsamples\AdditionalSamples\FannyWorm\FannyWorm_0FD329C0ECC34C45A87414E3DAAD5819,malware,FannyWorm,6,0,53248,126976,0,54299,4096,268435456,4096,4096,332,267,5,0,5,5.124,0,171723,180224,5,131,0,1,0,0,0,0,0,1,0,0,0,1,0,0,1,1
FannyWorm_101BC932D760F12A308E450EB97EFFA5,C:\samples\malware\EquationGroup\Equation_KasperskyReport_and_Additionalsamples\AdditionalSamples\FannyWorm\FannyWorm_101BC932D760F12A308E450EB97EFFA5,malware,FannyWorm,6,0,53248,126976,0,54299,4096,268435456,4096,4096,332,267,5,0,5,5.124,0,171723,180224,5,131,0,1,0,0,0,0,0,1,0,0,0,1,0,0,1,1
FannyWorm_102A411051EF606241FBDC4361E55301,C:\samples\malware\EquationGroup\Equation_KasperskyReport_and_Additionalsamples\AdditionalSamples\FannyWorm\FannyWorm_102A411051EF606241FBDC4361E55301,malware,FannyWorm,6,0,53248,126976,0,54299,4096,268435456,4096,4096,332,267,5,0,5,5.131,0,171723,180224,5,131,0,1,0,0,0,0,0,1,0,0,0,1,0,0,1,1
FannyWorm_10A9CAA724AE8EDC30C09F8372241C32,C:\samples\malware\EquationGroup\Equation_KasperskyReport_and_Additionalsamples\AdditionalSamples\FannyWorm\FannyWorm_10A9CAA724AE8EDC30C09F8372241C32,malware,FannyWorm,6,0,53248,126976,0,54299,4096,268435456,4096,4096,332,267,5,0,5,5.124,0,171723,180224,5,131,0,1,0,0,0,0,0,1,0,0,0,1,0,0,1,1
FannyWorm_1163AD598B617EF336DD75D119182AD4,C:\samples\malware\EquationGroup\Equation_KasperskyReport_and_Additionalsamples\AdditionalSamples\FannyWorm\FannyWorm_1163AD598B617EF336DD75D119182AD4,malware,FannyWorm,6,0,53248,126976,0,54299,4096,268435456,4096,4096,332,267,5,0,5,5.124,0,171723,180224,5,131,0,1,0,0,0,0,0,1,0,0,0,1,0,0,1,1
FannyWorm_1173639E045C327554962500B6240EEB,C:\samples\malware\EquationGroup\Equation_KasperskyReport_and_Additionalsamples\AdditionalSamples\FannyWorm\FannyWorm_1173639E045C327554962500B6240EEB,malware,FannyWorm,6,0,53248,126976,0,54299,4096,268435456,4096,4096,332,267,5,0,5,5.124,0,171723,180224,5,131,0,1,0,0,0,0,0,1,0,0,0,1,0,0,1,1
FannyWorm_12298EF995A76C71FA54CBF279455A14,C:\samples\malware\EquationGroup\Equation_KasperskyReport_and_Additionalsamples\AdditionalSamples\FannyWorm\FannyWorm_12298EF995A76C71FA54CBF279455A14,malware,FannyWorm,6,0,53248,126976,0,54299,4096,268435456,4096,4096,332,267,5,0,5,5.124,0,171723,180224,5,131,0,1,0,0,0,0,0,1,0,0,0,1,0,0,1,1
FannyWorm_13429F4899618F3529669A8CE850B512,C:\samples\malware\EquationGroup\Equation_KasperskyReport_and_Additionalsamples\AdditionalSamples\FannyWorm\FannyWorm_13429F4899618F3529669A8CE850B512,malware,FannyWorm,6,0,53248,126976,0,54299,4096,268435456,4096,4096,332,267,5,0,5,5.24,0,171723,180224,5,131,0,1,0,0,0,0,0,1,0,0,0,1,0,0,1,1
FannyWorm_1355C1F173E78D3C1317EE2FB5CD95F1,C:\samples\malware\EquationGroup\Equation_KasperskyReport_and_Additionalsamples\AdditionalSamples\FannyWorm\FannyWorm_1355C1F173E78D3C1317EE2FB5CD95F1,malware,FannyWorm,6,0,53248,126976,0,54299,4096,268435456,4096,4096,332,267,5,0,5,5.125,0,171723,180224,5,131,0,1,0,0,0,0,0,1,0,0,0,1,0,0,1,1
FannyWorm_13B67C888EFEAF60A9A4FB1E4E182F2D,C:\samples\malware\EquationGroup\Equation_KasperskyReport_and_Additionalsamples\AdditionalSamples\FannyWorm\FannyWorm_13B67C888EFEAF60A9A4FB1E4E182F2D,malware,FannyWorm,6,0,53248,126976,0,54299,4096,268435456,4096,4096,332,267,5,0,5,5.118,0,171723,180224,5,131,0,1,0,0,0,0,0,1,0,0,0,1,0,0,1,1
FannyWorm_149B980E2495DF13EDCEFED78716BA8D,C:\samples\malware\EquationGroup\Equation_KasperskyReport_and_Additionalsamples\AdditionalSamples\FannyWorm\FannyWorm_149B980E2495DF13EDCEFED78716BA8D,malware,FannyWorm,6,0,53248,126976,0,54299,4096,268435456,4096,4096,332,267,5,0,5,5.129,0,171723,180224,5,131,0,1,0,0,0,0,0,1,0,0,0,1,0,0,1,1
FannyWorm_151C7DA8C611BF9795D813A5806D6364,C:\samples\malware\EquationGroup\Equation_KasperskyReport_and_Additionalsamples\AdditionalSamples\FannyWorm\FannyWorm_151C7DA8C611BF9795D813A5806D6364,malware,FannyWorm,6,0,53248,126976,0,54299,4096,268435456,4096,4096,332,267,5,0,5,5.124,0,171723,180224,5,131,0,1,0,0,0,0,0,1,0,0,0,1,0,0,1,1
FannyWorm_152AD931B42A8DA9149DD73A8BFCFF69,C:\samples\malware\EquationGroup\Equation_KasperskyReport_and_Additionalsamples\AdditionalSamples\FannyWorm\FannyWorm_152AD931B42A8DA9149DD73A8BFCFF69,malware,FannyWorm,6,0,53248,126976,0,54299,4096,268435456,4096,4096,332,267,5,0,5,5.125,0,171723,180224,5,131,0,1,0,0,0,0,0,1,0,0,0,1,0,0,1,1
FannyWorm_1643B9B5861CA495F83ED2DA14480728,C:\samples\malware\EquationGroup\Equation_KasperskyReport_and_Additionalsamples\AdditionalSamples\FannyWorm\FannyWorm_1643B9B5861CA495F83ED2DA14480728,malware,FannyWorm,6,0,53248,126976,0,54299,4096,268435456,4096,4096,332,267,5,0,5,5.125,0,171723,180224,5,131,0,1,0,0,0,0,0,1,0,0,0,1,0,0,1,1
FannyWorm_168AF91D1BA92A41679D5B5890DC71E7,C:\samples\malware\EquationGroup\Equation_KasperskyReport_and_Additionalsamples\AdditionalSamples\FannyWorm\FannyWorm_168AF91D1BA92A41679D5B5890DC71E7,malware,FannyWorm,6,0,53248,126976,0,54299,4096,268435456,4096,4096,332,267,5,0,5,5.091,0,171723,180224,5,131,0,1,0,0,0,0,0,1,0,0,0,1,0,0,1,1
FannyWorm_17D287E868AB1DBAFCA87EB48B0F848F,C:\samples\malware\EquationGroup\Equation_KasperskyReport_and_Additionalsamples\AdditionalSamples\FannyWorm\FannyWorm_17D287E868AB1DBAFCA87EB48B0F848F,malware,FannyWorm,6,0,53248,126976,0,54299,4096,268435456,4096,4096,332,267,5,0,5,5.124,0,171723,180224,5,131,0,1,0,0,0,0,0,1,0,0,0,1,0,0,1,1
FannyWorm_18CB3574825FA409D5CBC0F67E8CC162,C:\samples\malware\EquationGroup\Equation_KasperskyReport_and_Additionalsamples\AdditionalSamples\FannyWorm\FannyWorm_18CB3574825FA409D5CBC0F67E8CC162,malware,FannyWorm,6,0,53248,126976,0,54299,4096,268435456,4096,4096,332,267,5,0,5,5.124,0,171723,180224,5,131,0,1,0,0,0,0,0,1,0,0,0,1,0,0,1,1
FannyWorm_1925B30A657EA0B5BFC62D3914F7855F,C:\samples\malware\EquationGroup\Equation_KasperskyReport_and_Additionalsamples\AdditionalSamples\FannyWorm\FannyWorm_1925B30A657EA0B5BFC62D3914F7855F,malware,FannyWorm,6,0,53248,126976,0,54299,4096,268435456,4096,4096,332,267,5,0,5,5.124,0,171723,180224,5,131,0,1,0,0,0,0,0,1,0,0,0,1,0,0,1,1
FannyWorm_194686907B35B69C508AE1A82D105ACD,C:\samples\malware\EquationGroup\Equation_KasperskyReport_and_Additionalsamples\AdditionalSamples\FannyWorm\FannyWorm_194686907B35B69C508AE1A82D105ACD,malware,FannyWorm,6,0,53248,126976,0,54299,4096,268435456,4096,4096,332,267,5,0,5,5.118,0,171723,180224,5,131,0,1,0,0,0,0,0,1,0,0,0,1,0,0,1,1
FannyWorm_19507F6ADFAD9E754C3D26695DD61993,C:\samples\malware\EquationGroup\Equation_KasperskyReport_and_Additionalsamples\AdditionalSamples\FannyWorm\FannyWorm_19507F6ADFAD9E754C3D26695DD61993,malware,FannyWorm,6,0,53248,126976,0,54299,4096,268435456,4096,4096,332,267,5,0,5,5.124,0,171723,180224,5,131,0,1,0,0,0,0,0,1,0,0,0,1,0,0,1,1
FannyWorm_199E39BDA0AF0A062CCC734FACCF9213,C:\samples\malware\EquationGroup\Equation_KasperskyReport_and_Additionalsamples\AdditionalSamples\FannyWorm\FannyWorm_199E39BDA0AF0A062CCC734FACCF9213,malware,FannyWorm,6,0,53248,126976,0,54299,4096,268435456,4096,4096,332,267,5,0,5,5.125,0,171723,180224,5,131,0,1,0,0,0,0,0,1,0,0,0,1,0,0,1,1
FannyWorm_19EB57E93ED64F2BB9AAB0307ECE4291,C:\samples\malware\EquationGroup\Equation_KasperskyReport_and_Additionalsamples\AdditionalSamples\FannyWorm\FannyWorm_19EB57E93ED64F2BB9AAB0307ECE4291,malware,FannyWorm,6,0,53248,126976,0,54299,4096,268435456,4096,4096,332,267,5,0,5,5.124,0,171723,180224,5,131,0,1,0,0,0,0,0,1,0,0,0,1,0,0,1,1
FannyWorm_1B27AC722847F5A3304E3896F0528FA4,C:\samples\malware\EquationGroup\Equation_KasperskyReport_and_Additionalsamples\AdditionalSamples\FannyWorm\FannyWorm_1B27AC722847F5A3304E3896F0528FA4,malware,FannyWorm,6,0,53248,126976,0,54299,4096,268435456,4096,4096,332,267,5,0,5,5.143,0,171723,180224,5,131,0,1,0,0,0,0,0,1,0,0,0,1,0,0,1,1
FannyWorm_1B9901D0F5F28C9275A697134D6E487A,C:\samples\malware\EquationGroup\Equation_KasperskyReport_and_Additionalsamples\AdditionalSamples\FannyWorm\FannyWorm_1B9901D0F5F28C9275A697134D6E487A,malware,FannyWorm,6,0,53248,126976,0,54299,4096,268435456,4096,4096,332,267,5,0,5,5.118,0,171723,180224,5,131,0,1,0,0,0,0,0,1,0,0,0,1,0,0,1,1
FannyWorm_1CB7AE1BC76E139C89684F7797F520A1,C:\samples\malware\EquationGroup\Equation_KasperskyReport_and_Additionalsamples\AdditionalSamples\FannyWorm\FannyWorm_1CB7AE1BC76E139C89684F7797F520A1,malware,FannyWorm,6,0,53248,126976,0,54299,4096,268435456,4096,4096,332,267,5,0,5,5.116,0,171723,180224,5,131,0,1,0,0,0,0,0,1,0,0,0,1,0,0,1,1
FannyWorm_1D6C98E55203F0C51C0821FE52218DD8,C:\samples\malware\EquationGroup\Equation_KasperskyReport_and_Additionalsamples\AdditionalSamples\FannyWorm\FannyWorm_1D6C98E55203F0C51C0821FE52218DD8,malware,FannyWorm,6,0,53248,126976,0,54299,4096,268435456,4096,4096,332,267,5,0,5,5.124,0,171723,180224,5,131,0,1,0,0,0,0,0,1,0,0,0,1,0,0,1,1
FannyWorm_1DD86B28A2BC986B069C75BF5C6787B9,C:\samples\malware\EquationGroup\Equation_KasperskyReport_and_Additionalsamples\AdditionalSamples\FannyWorm\FannyWorm_1DD86B28A2BC986B069C75BF5C6787B9,malware,FannyWorm,6,0,53248,126976,0,54299,4096,268435456,4096,4096,332,267,5,0,5,5.125,0,171723,180224,5,131,0,1,0,0,0,0,0,1,0,0,0,1,0,0,1,1
FannyWorm_1EF39EB63DDFF30A3E37FEEFFB8FC712,C:\samples\malware\EquationGroup\Equation_KasperskyReport_and_Additionalsamples\AdditionalSamples\FannyWorm\FannyWorm_1EF39EB63DDFF30A3E37FEEFFB8FC712,malware,FannyWorm,6,0,53248,126976,0,54299,4096,268435456,4096,4096,332,267,5,0,5,5.124,0,171723,180224,5,131,0,1,0,0,0,0,0,1,0,0,0,1,0,0,1,1
FannyWorm_1F1DC3CF1D769D464DB9752C8CECC872,C:\samples\malware\EquationGroup\Equation_KasperskyReport_and_Additionalsamples\AdditionalSamples\FannyWorm\FannyWorm_1F1DC3CF1D769D464DB9752C8CECC872,malware,FannyWorm,6,0,53248,126976,0,54299,4096,268435456,4096,4096,332,267,5,0,5,5.091,0,171723,180224,5,131,0,1,0,0,0,0,0,1,0,0,0,1,0,0,1,1
FannyWorm_1F69160F1D91BF9A0EDA93829B75C583,C:\samples\malware\EquationGroup\Equation_KasperskyReport_and_Additionalsamples\AdditionalSamples\FannyWorm\FannyWorm_1F69160F1D91BF9A0EDA93829B75C583,malware,FannyWorm,6,0,53248,126976,0,54299,4096,268435456,4096,4096,332,267,5,0,5,5.125,0,171723,180224,5,131,0,1,0,0,0,0,0,1,0,0,0,1,0,0,1,1
FannyWorm_1FD210BA936FD11B46781E04BBC0F8B5,C:\samples\malware\EquationGroup\Equation_KasperskyReport_and_Additionalsamples\AdditionalSamples\FannyWorm\FannyWorm_1FD210BA936FD11B46781E04BBC0F8B5,malware,FannyWorm,6,0,53248,126976,0,54299,4096,268435456,4096,4096,332,267,5,0,5,5.124,0,171723,180224,5,131,0,1,0,0,0,0,0,1,0,0,0,1,0,0,1,1
FannyWorm_205FB6034381DFD9D19D076141397CF6,C:\samples\malware\EquationGroup\Equation_KasperskyReport_and_Additionalsamples\AdditionalSamples\FannyWorm\FannyWorm_205FB6034381DFD9D19D076141397CF6,malware,FannyWorm,6,0,53248,126976,0,54299,4096,268435456,4096,4096,332,267,5,0,5,5.124,0,171723,180224,5,131,0,1,0,0,0,0,0,1,0,0,0,1,0,0,1,1
FannyWorm_2062D7B0D9145ADBE0131CF1FB1FC35A,C:\samples\malware\EquationGroup\Equation_KasperskyReport_and_Additionalsamples\AdditionalSamples\FannyWorm\FannyWorm_2062D7B0D9145ADBE0131CF1FB1FC35A,malware,FannyWorm,6,0,53248,126976,0,54299,4096,268435456,4096,4096,332,267,5,0,5,5.124,0,171723,180224,5,131,0,1,0,0,0,0,0,1,0,0,0,1,0,0,1,1
FannyWorm_21A6959A33909E3CDF27A455064D4D4D,C:\samples\malware\EquationGroup\Equation_KasperskyReport_and_Additionalsamples\AdditionalSamples\FannyWorm\FannyWorm_21A6959A33909E3CDF27A455064D4D4D,malware,FannyWorm,6,0,53248,126976,0,54299,4096,268435456,4096,4096,332,267,5,0,5,5.124,0,171723,180224,5,131,0,1,0,0,0,0,0,1,0,0,0,1,0,0,1,1
FannyWorm_21A9C4073DBB1CB6127FDB932C95372C,C:\samples\malware\EquationGroup\Equation_KasperskyReport_and_Additionalsamples\AdditionalSamples\FannyWorm\FannyWorm_21A9C4073DBB1CB6127FDB932C95372C,malware,FannyWorm,6,0,53248,126976,0,54299,4096,268435456,4096,4096,332,267,5,0,5,5.197,0,171723,180224,5,131,0,1,0,0,0,0,0,1,0,0,0,1,0,0,1,1
FannyWorm_2249D5577D2C84BA1043376B77E6C24D,C:\samples\malware\EquationGroup\Equation_KasperskyReport_and_Additionalsamples\AdditionalSamples\FannyWorm\FannyWorm_2249D5577D2C84BA1043376B77E6C24D,malware,FannyWorm,6,0,53248,126976,0,54299,4096,268435456,4096,4096,332,267,5,0,5,5.124,0,171723,180224,5,131,0,1,0,0,0,0,0,1,0,0,0,1,0,0,1,1
FannyWorm_22DB66045FA1E39B5BF16FC63A850098,C:\samples\malware\EquationGroup\Equation_KasperskyReport_and_Additionalsamples\AdditionalSamples\FannyWorm\FannyWorm_22DB66045FA1E39B5BF16FC63A850098,malware,FannyWorm,6,0,53248,126976,0,54299,4096,268435456,4096,4096,332,267,5,0,5,5.124,0,171723,180224,5,131,0,1,0,0,0,0,0,1,0,0,0,1,0,0,1,1
FannyWorm_24132E1E00071F33221C405399271B74,C:\samples\malware\EquationGroup\Equation_KasperskyReport_and_Additionalsamples\AdditionalSamples\FannyWorm\FannyWorm_24132E1E00071F33221C405399271B74,malware,FannyWorm,6,0,53248,126976,0,54299,4096,268435456,4096,4096,332,267,5,0,5,5.124,0,171723,180224,5,131,0,1,0,0,0,0,0,1,0,0,0,1,0,0,1,1
FannyWorm_242A7137788B0F0AEFCEA5C233C951B7,C:\samples\malware\EquationGroup\Equation_KasperskyReport_and_Additionalsamples\AdditionalSamples\FannyWorm\FannyWorm_242A7137788B0F0AEFCEA5C233C951B7,malware,FannyWorm,6,0,53248,126976,0,54299,4096,268435456,4096,4096,332,267,5,0,5,5.124,0,171723,180224,5,131,0,1,0,0,0,0,0,1,0,0,0,1,0,0,1,1
FannyWorm_246272DD6E9193E31745AD54138F875D,C:\samples\malware\EquationGroup\Equation_KasperskyReport_and_Additionalsamples\AdditionalSamples\FannyWorm\FannyWorm_246272DD6E9193E31745AD54138F875D,malware,FannyWorm,6,0,53248,126976,0,54299,4096,268435456,4096,4096,332,267,5,0,5,5.125,0,171723,180224,5,131,0,1,0,0,0,0,0,1,0,0,0,1,0,0,1,1
FannyWorm_263B761FCEA771137F2EA9918E381B47,C:\samples\malware\EquationGroup\Equation_KasperskyReport_and_Additionalsamples\AdditionalSamples\FannyWorm\FannyWorm_263B761FCEA771137F2EA9918E381B47,malware,FannyWorm,6,0,53248,126976,0,54299,4096,268435456,4096,4096,332,267,5,0,5,5.124,0,171723,180224,5,131,0,1,0,0,0,0,0,1,0,0,0,1,0,0,1,1
FannyWorm_26C46A09CF1BDFF5AF503A406575809D,C:\samples\malware\EquationGroup\Equation_KasperskyReport_and_Additionalsamples\AdditionalSamples\FannyWorm\FannyWorm_26C46A09CF1BDFF5AF503A406575809D,malware,FannyWorm,6,0,53248,126976,0,54299,4096,268435456,4096,4096,332,267,5,0,5,5.124,0,171723,180224,5,131,0,1,0,0,0,0,0,1,0,0,0,1,0,0,1,1
FannyWorm_27C5D028EE23A515DF4203EA6026E23E,C:\samples\malware\EquationGroup\Equation_KasperskyReport_and_Additionalsamples\AdditionalSamples\FannyWorm\FannyWorm_27C5D028EE23A515DF4203EA6026E23E,malware,FannyWorm,6,0,53248,126976,0,54299,4096,268435456,4096,4096,332,267,5,0,5,5.124,0,171723,180224,5,131,0,1,0,0,0,0,0,1,0,0,0,1,0,0,1,1
FannyWorm_2822D46611AD7FD71DFE5A1F4C79AB4B,C:\samples\malware\EquationGroup\Equation_KasperskyReport_and_Additionalsamples\AdditionalSamples\FannyWorm\FannyWorm_2822D46611AD7FD71DFE5A1F4C79AB4B,malware,FannyWorm,6,0,53248,126976,0,54299,4096,268435456,4096,4096,332,267,5,0,5,5.124,0,171723,180224,5,131,0,1,0,0,0,0,0,1,0,0,0,1,0,0,1,1
FannyWorm_29F2AB09FDFFC4006A4407C05BA11B65,C:\samples\malware\EquationGroup\Equation_KasperskyReport_and_Additionalsamples\AdditionalSamples\FannyWorm\FannyWorm_29F2AB09FDFFC4006A4407C05BA11B65,malware,FannyWorm,6,0,53248,126976,0,54299,4096,268435456,4096,4096,332,267,5,0,5,5.124,0,171723,180224,5,131,0,1,0,0,0,0,0,1,0,0,0,1,0,0,1,1
FannyWorm_29FDEC2FD992C2AB38E1DD41500190B9,C:\samples\malware\EquationGroup\Equation_KasperskyReport_and_Additionalsamples\AdditionalSamples\FannyWorm\FannyWorm_29FDEC2FD992C2AB38E1DD41500190B9,malware,FannyWorm,6,0,53248,126976,0,54299,4096,268435456,4096,4096,332,267,5,0,5,5.124,0,171723,180224,5,131,0,1,0,0,0,0,0,1,0,0,0,1,0,0,1,1
FannyWorm_2BB52B4C1BC0788BF701E6F5EE761A9B,C:\samples\malware\EquationGroup\Equation_KasperskyReport_and_Additionalsamples\AdditionalSamples\FannyWorm\FannyWorm_2BB52B4C1BC0788BF701E6F5EE761A9B,malware,FannyWorm,6,0,53248,126976,0,54299,4096,268435456,4096,4096,332,267,5,0,5,5.124,0,171723,180224,5,131,0,1,0,0,0,0,0,1,0,0,0,1,0,0,1,1
FannyWorm_2C029BE8E3B0C9448ED5E88B52852ADE,C:\samples\malware\EquationGroup\Equation_KasperskyReport_and_Additionalsamples\AdditionalSamples\FannyWorm\FannyWorm_2C029BE8E3B0C9448ED5E88B52852ADE,malware,FannyWorm,6,0,53248,126976,0,54299,4096,268435456,4096,4096,332,267,5,0,5,5.125,0,171723,180224,5,131,0,1,0,0,0,0,0,1,0,0,0,1,0,0,1,1
FannyWorm_2C35ED272225B4E134333BEA2B657A3F,C:\samples\malware\EquationGroup\Equation_KasperskyReport_and_Additionalsamples\AdditionalSamples\FannyWorm\FannyWorm_2C35ED272225B4E134333BEA2B657A3F,malware,FannyWorm,6,0,53248,126976,0,54299,4096,268435456,4096,4096,332,267,5,0,5,5.109,0,171723,180224,5,131,0,1,0,0,0,0,0,1,0,0,0,1,0,0,1,1
FannyWorm_2C6595834DD5528235E8A9815276563E,C:\samples\malware\EquationGroup\Equation_KasperskyReport_and_Additionalsamples\AdditionalSamples\FannyWorm\FannyWorm_2C6595834DD5528235E8A9815276563E,malware,FannyWorm,6,0,53248,126976,0,54299,4096,268435456,4096,4096,332,267,5,0,5,5.124,0,171723,180224,5,131,0,1,0,0,0,0,0,1,0,0,0,1,0,0,1,1
FannyWorm_2C87A3442C60C72F639CA7EB6754746A,C:\samples\malware\EquationGroup\Equation_KasperskyReport_and_Additionalsamples\AdditionalSamples\FannyWorm\FannyWorm_2C87A3442C60C72F639CA7EB6754746A,malware,FannyWorm,6,0,53248,126976,0,54299,4096,268435456,4096,4096,332,267,5,0,5,5.124,0,171723,180224,5,131,0,1,0,0,0,0,0,1,0,0,0,1,0,0,1,1
FannyWorm_2D088E08FD1B90342CAE128770063DBE,C:\samples\malware\EquationGroup\Equation_KasperskyReport_and_Additionalsamples\AdditionalSamples\FannyWorm\FannyWorm_2D088E08FD1B90342CAE128770063DBE,malware,FannyWorm,6,0,53248,126976,0,54299,4096,268435456,4096,4096,332,267,5,0,5,5.118,0,171723,180224,5,131,0,1,0,0,0,0,0,1,0,0,0,1,0,0,1,1
FannyWorm_2DA059A8BF3BC00BB809B28770044FF6,C:\samples\malware\EquationGroup\Equation_KasperskyReport_and_Additionalsamples\AdditionalSamples\FannyWorm\FannyWorm_2DA059A8BF3BC00BB809B28770044FF6,malware,FannyWorm,6,0,53248,126976,0,54299,4096,268435456,4096,4096,332,267,5,0,5,5.131,0,171723,180224,5,131,0,1,0,0,0,0,0,1,0,0,0,1,0,0,1,1
FannyWorm_2E0E43F2B0499D631EDF1DD92F09BD2C,C:\samples\malware\EquationGroup\Equation_KasperskyReport_and_Additionalsamples\AdditionalSamples\FannyWorm\FannyWorm_2E0E43F2B0499D631EDF1DD92F09BD2C,malware,FannyWorm,6,0,53248,126976,0,54299,4096,268435456,4096,4096,332,267,5,0,5,5.363,0,171723,180224,5,131,0,1,0,0,0,0,0,1,0,0,0,1,0,0,1,1
FannyWorm_2E208B3D5953BD92C84031D3A7B8A231,C:\samples\malware\EquationGroup\Equation_KasperskyReport_and_Additionalsamples\AdditionalSamples\FannyWorm\FannyWorm_2E208B3D5953BD92C84031D3A7B8A231,malware,FannyWorm,6,0,53248,126976,0,54299,4096,268435456,4096,4096,332,267,5,0,5,5.124,0,171723,180224,5,131,0,1,0,0,0,0,0,1,0,0,0,1,0,0,1,1
FannyWorm_2EBD5BD711CEB8D6B4F6EBA38D087BC9,C:\samples\malware\EquationGroup\Equation_KasperskyReport_and_Additionalsamples\AdditionalSamples\FannyWorm\FannyWorm_2EBD5BD711CEB8D6B4F6EBA38D087BC9,malware,FannyWorm,6,0,53248,126976,0,54299,4096,268435456,4096,4096,332,267,5,0,5,5.124,0,171723,180224,5,131,0,1,0,0,0,0,0,1,0,0,0,1,0,0,1,1
FannyWorm_2F2A8DECA2539923B489D51DE9A278F4,C:\samples\malware\EquationGroup\Equation_KasperskyReport_and_Additionalsamples\AdditionalSamples\FannyWorm\FannyWorm_2F2A8DECA2539923B489D51DE9A278F4,malware,FannyWorm,6,0,53248,126976,0,54299,4096,268435456,4096,4096,332,267,5,0,5,5.124,0,171723,180224,5,131,0,1,0,0,0,0,0,1,0,0,0,1,0,0,1,1
FannyWorm_303B7527DB5B417719DAF9B0AE5B89AA,C:\samples\malware\EquationGroup\Equation_KasperskyReport_and_Additionalsamples\AdditionalSamples\FannyWorm\FannyWorm_303B7527DB5B417719DAF9B0AE5B89AA,malware,FannyWorm,6,0,53248,126976,0,54299,4096,268435456,4096,4096,332,267,5,0,5,5.181,0,171723,180224,5,131,0,1,0,0,0,0,0,1,0,0,0,1,0,0,1,1
FannyWorm_31457CB30CCAD20CDBC77B8C4B6F9B3F,C:\samples\malware\EquationGroup\Equation_KasperskyReport_and_Additionalsamples\AdditionalSamples\FannyWorm\FannyWorm_31457CB30CCAD20CDBC77B8C4B6F9B3F,malware,FannyWorm,6,0,53248,126976,0,54299,4096,268435456,4096,4096,332,267,5,0,5,5.125,0,171723,180224,5,131,0,1,0,0,0,0,0,1,0,0,0,1,0,0,1,1
FannyWorm_318D5E8B3DA6C6F5E5041250CEB5D836,C:\samples\malware\EquationGroup\Equation_KasperskyReport_and_Additionalsamples\AdditionalSamples\FannyWorm\FannyWorm_318D5E8B3DA6C6F5E5041250CEB5D836,malware,FannyWorm,6,0,53248,126976,0,54299,4096,268435456,4096,4096,332,267,5,0,5,5.124,0,171723,180224,5,131,0,1,0,0,0,0,0,1,0,0,0,1,0,0,1,1
FannyWorm_38430B3311314A4DC01C2CDCD29A0D10,C:\samples\malware\EquationGroup\Equation_KasperskyReport_and_Additionalsamples\AdditionalSamples\FannyWorm\FannyWorm_38430B3311314A4DC01C2CDCD29A0D10,malware,FannyWorm,6,0,53248,126976,0,54299,4096,268435456,4096,4096,332,267,5,0,5,5.124,0,171723,180224,5,131,0,1,0,0,0,0,0,1,0,0,0,1,0,0,1,1
FannyWorm_3A3FEE2E8E1ABDD99A020EEB8EE2D271,C:\samples\malware\EquationGroup\Equation_KasperskyReport_and_Additionalsamples\AdditionalSamples\FannyWorm\FannyWorm_3A3FEE2E8E1ABDD99A020EEB8EE2D271,malware,FannyWorm,6,0,53248,126976,0,54299,4096,268435456,4096,4096,332,267,5,0,5,5.203,0,171723,180224,5,131,0,1,0,0,0,0,0,1,0,0,0,1,0,0,1,1
FannyWorm_3A431D965B9537721BE721A48CCCDF0A,C:\samples\malware\EquationGroup\Equation_KasperskyReport_and_Additionalsamples\AdditionalSamples\FannyWorm\FannyWorm_3A431D965B9537721BE721A48CCCDF0A,malware,FannyWorm,6,0,53248,126976,0,54299,4096,268435456,4096,4096,332,267,5,0,5,5.124,0,171723,180224,5,131,0,1,0,0,0,0,0,1,0,0,0,1,0,0,1,1
FannyWorm_3A57ADB8740DA3EBEC1673D21F20D0FE,C:\samples\malware\EquationGroup\Equation_KasperskyReport_and_Additionalsamples\AdditionalSamples\FannyWorm\FannyWorm_3A57ADB8740DA3EBEC1673D21F20D0FE,malware,FannyWorm,6,0,53248,126976,0,54299,4096,268435456,4096,4096,332,267,5,0,5,5.124,0,171723,180224,5,131,0,1,0,0,0,0,0,1,0,0,0,1,0,0,1,1
FannyWorm_3A71446564B4C060D99A8CCD2EB5D161,C:\samples\malware\EquationGroup\Equation_KasperskyReport_and_Additionalsamples\AdditionalSamples\FannyWorm\FannyWorm_3A71446564B4C060D99A8CCD2EB5D161,malware,FannyWorm,6,0,53248,126976,0,54299,4096,268435456,4096,4096,332,267,5,0,5,5.116,0,171723,180224,5,131,0,1,0,0,0,0,0,1,0,0,0,1,0,0,1,1
FannyWorm_3AC8BC5E416D59666905489AEA3BE51E,C:\samples\malware\EquationGroup\Equation_KasperskyReport_and_Additionalsamples\AdditionalSamples\FannyWorm\FannyWorm_3AC8BC5E416D59666905489AEA3BE51E,malware,FannyWorm,6,0,53248,126976,0,54299,4096,268435456,4096,4096,332,267,5,0,5,5.124,0,171723,180224,5,131,0,1,0,0,0,0,0,1,0,0,0,1,0,0,1,1
FannyWorm_3B496B8CD19789FABF00584475B607C7,C:\samples\malware\EquationGroup\Equation_KasperskyReport_and_Additionalsamples\AdditionalSamples\FannyWorm\FannyWorm_3B496B8CD19789FABF00584475B607C7,malware,FannyWorm,6,0,53248,126976,0,54299,4096,268435456,4096,4096,332,267,5,0,5,5.124,0,171723,180224,5,131,0,1,0,0,0,0,0,1,0,0,0,1,0,0,1,1
FannyWorm_3DE3419F6441A7F4D664077A43FB404B,C:\samples\malware\EquationGroup\Equation_KasperskyReport_and_Additionalsamples\AdditionalSamples\FannyWorm\FannyWorm_3DE3419F6441A7F4D664077A43FB404B,malware,FannyWorm,6,0,53248,126976,0,54299,4096,268435456,4096,4096,332,267,5,0,5,5.093,0,171723,180224,5,131,0,1,0,0,0,0,0,1,0,0,0,1,0,0,1,1
FannyWorm_3FBD798BCD7214FCBF5FAB05FAF9FD71,C:\samples\malware\EquationGroup\Equation_KasperskyReport_and_Additionalsamples\AdditionalSamples\FannyWorm\FannyWorm_3FBD798BCD7214FCBF5FAB05FAF9FD71,malware,FannyWorm,6,0,53248,126976,0,54299,4096,268435456,4096,4096,332,267,5,0,5,5.124,0,171723,180224,5,131,0,1,0,0,0,0,0,1,0,0,0,1,0,0,1,1
FannyWorm_40000B4F52DCDEDB1E1D3BFD5C185CEC,C:\samples\malware\EquationGroup\Equation_KasperskyReport_and_Additionalsamples\AdditionalSamples\FannyWorm\FannyWorm_40000B4F52DCDEDB1E1D3BFD5C185CEC,malware,FannyWorm,6,0,53248,126976,0,54299,4096,268435456,4096,4096,332,267,5,0,5,5.125,0,171723,180224,5,131,0,1,0,0,0,0,0,1,0,0,0,1,0,0,1,1
FannyWorm_40FEE20FE98995ACBDA82DBCDE0B674B,C:\samples\malware\EquationGroup\Equation_KasperskyReport_and_Additionalsamples\AdditionalSamples\FannyWorm\FannyWorm_40FEE20FE98995ACBDA82DBCDE0B674B,malware,FannyWorm,6,0,53248,126976,0,54299,4096,268435456,4096,4096,332,267,5,0,5,5.118,0,171723,180224,5,131,0,1,0,0,0,0,0,1,0,0,0,1,0,0,1,1
FannyWorm_41D1E22FABD1CE4D21F5F7BE352B3A07,C:\samples\malware\EquationGroup\Equation_KasperskyReport_and_Additionalsamples\AdditionalSamples\FannyWorm\FannyWorm_41D1E22FABD1CE4D21F5F7BE352B3A07,malware,FannyWorm,6,0,53248,126976,0,54299,4096,268435456,4096,4096,332,267,5,0,5,5.153,0,171723,180224,5,131,0,1,0,0,0,0,0,1,0,0,0,1,0,0,1,1
FannyWorm_44BD4CF5E28D78CC66B828A57C99CA74,C:\samples\malware\EquationGroup\Equation_KasperskyReport_and_Additionalsamples\AdditionalSamples\FannyWorm\FannyWorm_44BD4CF5E28D78CC66B828A57C99CA74,malware,FannyWorm,6,0,53248,126976,0,54299,4096,268435456,4096,4096,332,267,5,0,5,5.124,0,171723,180224,5,131,0,1,0,0,0,0,0,1,0,0,0,1,0,0,1,1
FannyWorm_4509385E247EF538CFB8CD42944EE480,C:\samples\malware\EquationGroup\Equation_KasperskyReport_and_Additionalsamples\AdditionalSamples\FannyWorm\FannyWorm_4509385E247EF538CFB8CD42944EE480,malware,FannyWorm,6,0,53248,126976,0,54299,4096,268435456,4096,4096,332,267,5,0,5,5.118,0,171723,180224,5,131,0,1,0,0,0,0,0,1,0,0,0,1,0,0,1,1
FannyWorm_450A3EDECE8808F483203FE8988C4437,C:\samples\malware\EquationGroup\Equation_KasperskyReport_and_Additionalsamples\AdditionalSamples\FannyWorm\FannyWorm_450A3EDECE8808F483203FE8988C4437,malware,FannyWorm,6,0,53248,126976,0,54299,4096,268435456,4096,4096,332,267,5,0,5,5.125,0,171723,180224,5,131,0,1,0,0,0,0,0,1,0,0,0,1,0,0,1,1
FannyWorm_4605A7396D892BBA0646BC73A02B28E9,C:\samples\malware\EquationGroup\Equation_KasperskyReport_and_Additionalsamples\AdditionalSamples\FannyWorm\FannyWorm_4605A7396D892BBA0646BC73A02B28E9,malware,FannyWorm,6,0,53248,126976,0,54299,4096,268435456,4096,4096,332,267,5,0,5,5.128,0,171723,180224,5,131,0,1,0,0,0,0,0,1,0,0,0,1,0,0,1,1
FannyWorm_4810559ED364A18843178F1C4FCA49FC,C:\samples\malware\EquationGroup\Equation_KasperskyReport_and_Additionalsamples\AdditionalSamples\FannyWorm\FannyWorm_4810559ED364A18843178F1C4FCA49FC,malware,FannyWorm,6,0,53248,126976,0,54299,4096,268435456,4096,4096,332,267,5,0,5,5.125,0,171723,180224,5,131,0,1,0,0,0,0,0,1,0,0,0,1,0,0,1,1
FannyWorm_487E79347D92F44507200792A7795C7B,C:\samples\malware\EquationGroup\Equation_KasperskyReport_and_Additionalsamples\AdditionalSamples\FannyWorm\FannyWorm_487E79347D92F44507200792A7795C7B,malware,FannyWorm,6,0,53248,126976,0,54299,4096,268435456,4096,4096,332,267,5,0,5,5.111,0,171723,180224,5,131,0,1,0,0,0,0,0,1,0,0,0,1,0,0,1,1
FannyWorm_48BC620F4C5B14E30F173B0D02887840,C:\samples\malware\EquationGroup\Equation_KasperskyReport_and_Additionalsamples\AdditionalSamples\FannyWorm\FannyWorm_48BC620F4C5B14E30F173B0D02887840,malware,FannyWorm,6,0,53248,126976,0,54299,4096,268435456,4096,4096,332,267,5,0,5,5.124,0,171723,180224,5,131,0,1,0,0,0,0,0,1,0,0,0,1,0,0,1,1
FannyWorm_48E958E3785BE0D5E074AD2CFCF2FEE4,C:\samples\malware\EquationGroup\Equation_KasperskyReport_and_Additionalsamples\AdditionalSamples\FannyWorm\FannyWorm_48E958E3785BE0D5E074AD2CFCF2FEE4,malware,FannyWorm,6,0,53248,126976,0,54299,4096,268435456,4096,4096,332,267,5,0,5,5.118,0,171723,180224,5,131,0,1,0,0,0,0,0,1,0,0,0,1,0,0,1,1
FannyWorm_4902CD32C4AE98008BA24C0F40189E51,C:\samples\malware\EquationGroup\Equation_KasperskyReport_and_Additionalsamples\AdditionalSamples\FannyWorm\FannyWorm_4902CD32C4AE98008BA24C0F40189E51,malware,FannyWorm,6,0,53248,126976,0,54299,4096,268435456,4096,4096,332,267,5,0,5,5.124,0,171723,180224,5,131,0,1,0,0,0,0,0,1,0,0,0,1,0,0,1,1
FannyWorm_49622DDF195628F7A3400B7A9F98E60A,C:\samples\malware\EquationGroup\Equation_KasperskyReport_and_Additionalsamples\AdditionalSamples\FannyWorm\FannyWorm_49622DDF195628F7A3400B7A9F98E60A,malware,FannyWorm,6,0,53248,126976,0,54299,4096,268435456,4096,4096,332,267,5,0,5,5.124,0,171723,180224,5,131,0,1,0,0,0,0,0,1,0,0,0,1,0,0,1,1
FannyWorm_4984608139E2C5430A87028F84A2BBB7,C:\samples\malware\EquationGroup\Equation_KasperskyReport_and_Additionalsamples\AdditionalSamples\FannyWorm\FannyWorm_4984608139E2C5430A87028F84A2BBB7,malware,FannyWorm,6,0,53248,126976,0,54299,4096,268435456,4096,4096,332,267,5,0,5,5.127,0,171723,180224,5,131,0,1,0,0,0,0,0,1,0,0,0,1,0,0,1,1
FannyWorm_49CB69039308B2613664515C5FA323E1,C:\samples\malware\EquationGroup\Equation_KasperskyReport_and_Additionalsamples\AdditionalSamples\FannyWorm\FannyWorm_49CB69039308B2613664515C5FA323E1,malware,FannyWorm,6,0,53248,126976,0,54299,4096,268435456,4096,4096,332,267,5,0,5,5.158,0,171723,180224,5,131,0,1,0,0,0,0,0,1,0,0,0,1,0,0,1,1
FannyWorm_4A3B537879F3F29CD8D446C53E6B06C3,C:\samples\malware\EquationGroup\Equation_KasperskyReport_and_Additionalsamples\AdditionalSamples\FannyWorm\FannyWorm_4A3B537879F3F29CD8D446C53E6B06C3,malware,FannyWorm,6,0,53248,126976,0,54299,4096,268435456,4096,4096,332,267,5,0,5,5.124,0,171723,180224,5,131,0,1,0,0,0,0,0,1,0,0,0,1,0,0,1,1
FannyWorm_4AD2F62CE2EB72EFF45C61699BDCB1E3,C:\samples\malware\EquationGroup\Equation_KasperskyReport_and_Additionalsamples\AdditionalSamples\FannyWorm\FannyWorm_4AD2F62CE2EB72EFF45C61699BDCB1E3,malware,FannyWorm,6,0,53248,126976,0,54299,4096,268435456,4096,4096,332,267,5,0,5,5.124,0,171723,180224,5,131,0,1,0,0,0,0,0,1,0,0,0,1,0,0,1,1
FannyWorm_4C31FE56FF4A46FBCD87B28651235177,C:\samples\malware\EquationGroup\Equation_KasperskyReport_and_Additionalsamples\AdditionalSamples\FannyWorm\FannyWorm_4C31FE56FF4A46FBCD87B28651235177,malware,FannyWorm,6,0,53248,126976,0,54299,4096,268435456,4096,4096,332,267,5,0,5,5.124,0,171723,180224,5,131,0,1,0,0,0,0,0,1,0,0,0,1,0,0,1,1
FannyWorm_4E58BD45A388E458C9F8FF09EB905CC0,C:\samples\malware\EquationGroup\Equation_KasperskyReport_and_Additionalsamples\AdditionalSamples\FannyWorm\FannyWorm_4E58BD45A388E458C9F8FF09EB905CC0,malware,FannyWorm,6,0,53248,126976,0,54299,4096,268435456,4096,4096,332,267,5,0,5,5.124,0,171723,180224,5,131,0,1,0,0,0,0,0,1,0,0,0,1,0,0,1,1
FannyWorm_4EA931A432BB9555483B41B3BC8E78E4,C:\samples\malware\EquationGroup\Equation_KasperskyReport_and_Additionalsamples\AdditionalSamples\FannyWorm\FannyWorm_4EA931A432BB9555483B41B3BC8E78E4,malware,FannyWorm,6,0,53248,126976,0,54299,4096,268435456,4096,4096,332,267,5,0,5,5.108,0,171723,180224,5,131,0,1,0,0,0,0,0,1,0,0,0,1,0,0,1,1
FannyWorm_4F79981D1F7091BE6AADCC4595EF5F76,C:\samples\malware\EquationGroup\Equation_KasperskyReport_and_Additionalsamples\AdditionalSamples\FannyWorm\FannyWorm_4F79981D1F7091BE6AADCC4595EF5F76,malware,FannyWorm,6,0,53248,126976,0,54299,4096,268435456,4096,4096,332,267,5,0,5,5.124,0,171723,180224,5,131,0,1,0,0,0,0,0,1,0,0,0,1,0,0,1,1
FannyWorm_4FD969CEFB161CBBFE26897F097EDA71,C:\samples\malware\EquationGroup\Equation_KasperskyReport_and_Additionalsamples\AdditionalSamples\FannyWorm\FannyWorm_4FD969CEFB161CBBFE26897F097EDA71,malware,FannyWorm,6,0,53248,126976,0,54299,4096,268435456,4096,4096,332,267,5,0,5,5.124,0,171723,180224,5,131,0,1,0,0,0,0,0,1,0,0,0,1,0,0,1,1
FannyWorm_5118F69983A1544CAF4E3D244E195304,C:\samples\malware\EquationGroup\Equation_KasperskyReport_and_Additionalsamples\AdditionalSamples\FannyWorm\FannyWorm_5118F69983A1544CAF4E3D244E195304,malware,FannyWorm,6,0,53248,126976,0,54299,4096,268435456,4096,4096,332,267,5,0,5,5.124,0,171723,180224,5,131,0,1,0,0,0,0,0,1,0,0,0,1,0,0,1,1
FannyWorm_5328361825D0B1CCB0B157CEFF4E883E,C:\samples\malware\EquationGroup\Equation_KasperskyReport_and_Additionalsamples\AdditionalSamples\FannyWorm\FannyWorm_5328361825D0B1CCB0B157CEFF4E883E,malware,FannyWorm,6,0,53248,126976,0,54299,4096,268435456,4096,4096,332,267,5,0,5,5.124,0,171723,180224,5,131,0,1,0,0,0,0,0,1,0,0,0,1,0,0,1,1
FannyWorm_545BEE90A5F356B114CA3A4823F14990,C:\samples\malware\EquationGroup\Equation_KasperskyReport_and_Additionalsamples\AdditionalSamples\FannyWorm\FannyWorm_545BEE90A5F356B114CA3A4823F14990,malware,FannyWorm,6,0,53248,126976,0,54299,4096,268435456,4096,4096,332,267,5,0,5,5.124,0,171723,180224,5,131,0,1,0,0,0,0,0,1,0,0,0,1,0,0,1,1
FannyWorm_54C7657B4D19C6AFAAF003A332704907,C:\samples\malware\EquationGroup\Equation_KasperskyReport_and_Additionalsamples\AdditionalSamples\FannyWorm\FannyWorm_54C7657B4D19C6AFAAF003A332704907,malware,FannyWorm,6,0,53248,126976,0,54299,4096,268435456,4096,4096,332,267,5,0,5,5.124,0,171723,180224,5,131,0,1,0,0,0,0,0,1,0,0,0,1,0,0,1,1
FannyWorm_54D7826F13C1116B0BE9077334713F1A,C:\samples\malware\EquationGroup\Equation_KasperskyReport_and_Additionalsamples\AdditionalSamples\FannyWorm\FannyWorm_54D7826F13C1116B0BE9077334713F1A,malware,FannyWorm,6,0,53248,126976,0,54299,4096,268435456,4096,4096,332,267,5,0,5,5.118,0,171723,180224,5,131,0,1,0,0,0,0,0,1,0,0,0,1,0,0,1,1
FannyWorm_564950A5F4B3CA0E6ADE94C5CA5D8DE1,C:\samples\malware\EquationGroup\Equation_KasperskyReport_and_Additionalsamples\AdditionalSamples\FannyWorm\FannyWorm_564950A5F4B3CA0E6ADE94C5CA5D8DE1,malware,FannyWorm,6,0,53248,126976,0,54299,4096,268435456,4096,4096,332,267,5,0,5,5.125,0,171723,180224,5,131,0,1,0,0,0,0,0,1,0,0,0,1,0,0,1,1
FannyWorm_5686E5CDB415F7FB65A4A3D971F24E1C,C:\samples\malware\EquationGroup\Equation_KasperskyReport_and_Additionalsamples\AdditionalSamples\FannyWorm\FannyWorm_5686E5CDB415F7FB65A4A3D971F24E1C,malware,FannyWorm,6,0,53248,126976,0,54299,4096,268435456,4096,4096,332,267,5,0,5,5.124,0,171723,180224,5,131,0,1,0,0,0,0,0,1,0,0,0,1,0,0,1,1
FannyWorm_56897704C43DBFB60847A6DCA00DE2B0,C:\samples\malware\EquationGroup\Equation_KasperskyReport_and_Additionalsamples\AdditionalSamples\FannyWorm\FannyWorm_56897704C43DBFB60847A6DCA00DE2B0,malware,FannyWorm,6,0,53248,126976,0,54299,4096,268435456,4096,4096,332,267,5,0,5,5.124,0,171723,180224,5,131,0,1,0,0,0,0,0,1,0,0,0,1,0,0,1,1
FannyWorm_56D85656C527242B493D9B19CB95370E,C:\samples\malware\EquationGroup\Equation_KasperskyReport_and_Additionalsamples\AdditionalSamples\FannyWorm\FannyWorm_56D85656C527242B493D9B19CB95370E,malware,FannyWorm,6,0,53248,126976,0,54299,4096,268435456,4096,4096,332,267,5,0,5,5.125,0,171723,180224,5,131,0,1,0,0,0,0,0,1,0,0,0,1,0,0,1,1
FannyWorm_56FF71E1F28E1F149E0E4CF8CE9811D1,C:\samples\malware\EquationGroup\Equation_KasperskyReport_and_Additionalsamples\AdditionalSamples\FannyWorm\FannyWorm_56FF71E1F28E1F149E0E4CF8CE9811D1,malware,FannyWorm,6,0,53248,126976,0,54299,4096,268435456,4096,4096,332,267,5,0,5,5.124,0,171723,180224,5,131,0,1,0,0,0,0,0,1,0,0,0,1,0,0,1,1
FannyWorm_57B64A212B4B3982793916A18FA4F489,C:\samples\malware\EquationGroup\Equation_KasperskyReport_and_Additionalsamples\AdditionalSamples\FannyWorm\FannyWorm_57B64A212B4B3982793916A18FA4F489,malware,FannyWorm,6,0,53248,126976,0,54299,4096,268435456,4096,4096,332,267,5,0,5,5.124,0,171723,180224,5,131,0,1,0,0,0,0,0,1,0,0,0,1,0,0,1,1
FannyWorm_5821380182C7BFAA6646DB4313449917,C:\samples\malware\EquationGroup\Equation_KasperskyReport_and_Additionalsamples\AdditionalSamples\FannyWorm\FannyWorm_5821380182C7BFAA6646DB4313449917,malware,FannyWorm,6,0,53248,126976,0,54299,4096,268435456,4096,4096,332,267,5,0,5,5.124,0,171723,180224,5,131,0,1,0,0,0,0,0,1,0,0,0,1,0,0,1,1
FannyWorm_58786E35FA1D61D1BCD671987D103957,C:\samples\malware\EquationGroup\Equation_KasperskyReport_and_Additionalsamples\AdditionalSamples\FannyWorm\FannyWorm_58786E35FA1D61D1BCD671987D103957,malware,FannyWorm,6,0,53248,126976,0,54299,4096,268435456,4096,4096,332,267,5,0,5,5.124,0,171723,180224,5,131,0,1,0,0,0,0,0,1,0,0,0,1,0,0,1,1
FannyWorm_58EF8790939FCA73A20C6A04717A2659,C:\samples\malware\EquationGroup\Equation_KasperskyReport_and_Additionalsamples\AdditionalSamples\FannyWorm\FannyWorm_58EF8790939FCA73A20C6A04717A2659,malware,FannyWorm,6,0,53248,126976,0,54299,4096,268435456,4096,4096,332,267,5,0,5,5.116,0,171723,180224,5,131,0,1,0,0,0,0,0,1,0,0,0,1,0,0,1,1
FannyWorm_595B08353458A0749D292E0E81C0FC01,C:\samples\malware\EquationGroup\Equation_KasperskyReport_and_Additionalsamples\AdditionalSamples\FannyWorm\FannyWorm_595B08353458A0749D292E0E81C0FC01,malware,FannyWorm,6,0,53248,126976,0,54299,4096,268435456,4096,4096,332,267,5,0,5,5.124,0,171723,180224,5,131,0,1,0,0,0,0,0,1,0,0,0,1,0,0,1,1
FannyWorm_5A5BED7FAE336B93C44B370A955182DA,C:\samples\malware\EquationGroup\Equation_KasperskyReport_and_Additionalsamples\AdditionalSamples\FannyWorm\FannyWorm_5A5BED7FAE336B93C44B370A955182DA,malware,FannyWorm,6,0,53248,126976,0,54299,4096,268435456,4096,4096,332,267,5,0,5,5.124,0,171723,180224,5,131,0,1,0,0,0,0,0,1,0,0,0,1,0,0,1,1
FannyWorm_5A723D3EF02DB234061C2F61A6E3B6A4,C:\samples\malware\EquationGroup\Equation_KasperskyReport_and_Additionalsamples\AdditionalSamples\FannyWorm\FannyWorm_5A723D3EF02DB234061C2F61A6E3B6A4,malware,FannyWorm,6,0,53248,126976,0,54299,4096,268435456,4096,4096,332,267,5,0,5,5.124,0,171723,180224,5,131,0,1,0,0,0,0,0,1,0,0,0,1,0,0,1,1
FannyWorm_5A7DACC0C0F34005AB9710E666128500,C:\samples\malware\EquationGroup\Equation_KasperskyReport_and_Additionalsamples\AdditionalSamples\FannyWorm\FannyWorm_5A7DACC0C0F34005AB9710E666128500,malware,FannyWorm,6,0,53248,126976,0,54299,4096,268435456,4096,4096,332,267,5,0,5,5.124,0,171723,180224,5,131,0,1,0,0,0,0,0,1,0,0,0,1,0,0,1,1
FannyWorm_5B0F5F62EF3AE981FE48B6C29D7BEAB2,C:\samples\malware\EquationGroup\Equation_KasperskyReport_and_Additionalsamples\AdditionalSamples\FannyWorm\FannyWorm_5B0F5F62EF3AE981FE48B6C29D7BEAB2,malware,FannyWorm,6,0,53248,126976,0,54299,4096,268435456,4096,4096,332,267,5,0,5,5.124,0,171723,180224,5,131,0,1,0,0,0,0,0,1,0,0,0,1,0,0,1,1
FannyWorm_5BEC4783C551C46B15F7C5B20F94F4B9,C:\samples\malware\EquationGroup\Equation_KasperskyReport_and_Additionalsamples\AdditionalSamples\FannyWorm\FannyWorm_5BEC4783C551C46B15F7C5B20F94F4B9,malware,FannyWorm,6,0,53248,126976,0,54299,4096,268435456,4096,4096,332,267,5,0,5,5.125,0,171723,180224,5,131,0,1,0,0,0,0,0,1,0,0,0,1,0,0,1,1
FannyWorm_5DC172E2C96B79EA7D855339F1B2403C,C:\samples\malware\EquationGroup\Equation_KasperskyReport_and_Additionalsamples\AdditionalSamples\FannyWorm\FannyWorm_5DC172E2C96B79EA7D855339F1B2403C,malware,FannyWorm,6,0,53248,126976,0,54299,4096,268435456,4096,4096,332,267,5,0,5,5.124,0,171723,180224,5,131,0,1,0,0,0,0,0,1,0,0,0,1,0,0,1,1
FannyWorm_5E171B3A31279F9FCF21888AC0034B06,C:\samples\malware\EquationGroup\Equation_KasperskyReport_and_Additionalsamples\AdditionalSamples\FannyWorm\FannyWorm_5E171B3A31279F9FCF21888AC0034B06,malware,FannyWorm,6,0,53248,126976,0,54299,4096,268435456,4096,4096,332,267,5,0,5,5.111,0,171723,180224,5,131,0,1,0,0,0,0,0,1,0,0,0,1,0,0,1,1
FannyWorm_5F5ABBE2E637D4F0B8AFE7F2342C2942,C:\samples\malware\EquationGroup\Equation_KasperskyReport_and_Additionalsamples\AdditionalSamples\FannyWorm\FannyWorm_5F5ABBE2E637D4F0B8AFE7F2342C2942,malware,FannyWorm,6,0,53248,126976,0,54299,4096,268435456,4096,4096,332,267,5,0,5,5.124,0,171723,180224,5,131,0,1,0,0,0,0,0,1,0,0,0,1,0,0,1,1
FannyWorm_5FF0E69BF258375E7EEFCC5AC3BDCF24,C:\samples\malware\EquationGroup\Equation_KasperskyReport_and_Additionalsamples\AdditionalSamples\FannyWorm\FannyWorm_5FF0E69BF258375E7EEFCC5AC3BDCF24,malware,FannyWorm,6,0,53248,126976,0,54299,4096,268435456,4096,4096,332,267,5,0,5,5.086,0,171723,180224,5,131,0,1,0,0,0,0,0,1,0,0,0,1,0,0,1,1
FannyWorm_600984D541D399B1894745B917E5380B,C:\samples\malware\EquationGroup\Equation_KasperskyReport_and_Additionalsamples\AdditionalSamples\FannyWorm\FannyWorm_600984D541D399B1894745B917E5380B,malware,FannyWorm,6,0,53248,126976,0,54299,4096,268435456,4096,4096,332,267,5,0,5,5.124,0,171723,180224,5,131,0,1,0,0,0,0,0,1,0,0,0,1,0,0,1,1
FannyWorm_60D21EE6548DE4673CBDDEF2D779ED24,C:\samples\malware\EquationGroup\Equation_KasperskyReport_and_Additionalsamples\AdditionalSamples\FannyWorm\FannyWorm_60D21EE6548DE4673CBDDEF2D779ED24,malware,FannyWorm,6,0,53248,126976,0,54299,4096,268435456,4096,4096,332,267,5,0,5,5.124,0,171723,180224,5,131,0,1,0,0,0,0,0,1,0,0,0,1,0,0,1,1
FannyWorm_63B2F98548174142F92FDFD995A2C70A,C:\samples\malware\EquationGroup\Equation_KasperskyReport_and_Additionalsamples\AdditionalSamples\FannyWorm\FannyWorm_63B2F98548174142F92FDFD995A2C70A,malware,FannyWorm,6,0,53248,126976,0,54299,4096,268435456,4096,4096,332,267,5,0,5,5.124,0,171723,180224,5,131,0,1,0,0,0,0,0,1,0,0,0,1,0,0,1,1
FannyWorm_63ECB7FE79A5B541C35765CAF424A021,C:\samples\malware\EquationGroup\Equation_KasperskyReport_and_Additionalsamples\AdditionalSamples\FannyWorm\FannyWorm_63ECB7FE79A5B541C35765CAF424A021,malware,FannyWorm,6,0,53248,126976,0,54299,4096,268435456,4096,4096,332,267,5,0,5,5.124,0,171723,180224,5,131,0,1,0,0,0,0,0,1,0,0,0,1,0,0,1,1
FannyWorm_6436A4FB7A8F37AC934C275D325208E6,C:\samples\malware\EquationGroup\Equation_KasperskyReport_and_Additionalsamples\AdditionalSamples\FannyWorm\FannyWorm_6436A4FB7A8F37AC934C275D325208E6,malware,FannyWorm,6,0,53248,126976,0,54299,4096,268435456,4096,4096,332,267,5,0,5,5.125,0,171723,180224,5,131,0,1,0,0,0,0,0,1,0,0,0,1,0,0,1,1
FannyWorm_64A58CF7E810A77A5105D56B81AE8200,C:\samples\malware\EquationGroup\Equation_KasperskyReport_and_Additionalsamples\AdditionalSamples\FannyWorm\FannyWorm_64A58CF7E810A77A5105D56B81AE8200,malware,FannyWorm,6,0,53248,126976,0,54299,4096,268435456,4096,4096,332,267,5,0,5,5.124,0,171723,180224,5,131,0,1,0,0,0,0,0,1,0,0,0,1,0,0,1,1
FannyWorm_66A2A7AC521BE856DEED54FD8072D0E8,C:\samples\malware\EquationGroup\Equation_KasperskyReport_and_Additionalsamples\AdditionalSamples\FannyWorm\FannyWorm_66A2A7AC521BE856DEED54FD8072D0E8,malware,FannyWorm,6,0,53248,126976,0,54299,4096,268435456,4096,4096,332,267,5,0,5,5.126,0,171723,180224,5,131,0,1,0,0,0,0,0,1,0,0,0,1,0,0,1,1
FannyWorm_6814B21455DEB552DF3B452EF0551EC1,C:\samples\malware\EquationGroup\Equation_KasperskyReport_and_Additionalsamples\AdditionalSamples\FannyWorm\FannyWorm_6814B21455DEB552DF3B452EF0551EC1,malware,FannyWorm,6,0,53248,126976,0,54299,4096,268435456,4096,4096,332,267,5,0,5,5.125,0,171723,180224,5,131,0,1,0,0,0,0,0,1,0,0,0,1,0,0,1,1
FannyWorm_682C987506651FCAE56C32FFA1F70170,C:\samples\malware\EquationGroup\Equation_KasperskyReport_and_Additionalsamples\AdditionalSamples\FannyWorm\FannyWorm_682C987506651FCAE56C32FFA1F70170,malware,FannyWorm,6,0,53248,126976,0,54299,4096,268435456,4096,4096,332,267,5,0,5,5.124,0,171723,180224,5,131,0,1,0,0,0,0,0,1,0,0,0,1,0,0,1,1
FannyWorm_687F8BEC9484257500976C336E103A08,C:\samples\malware\EquationGroup\Equation_KasperskyReport_and_Additionalsamples\AdditionalSamples\FannyWorm\FannyWorm_687F8BEC9484257500976C336E103A08,malware,FannyWorm,6,0,53248,126976,0,54299,4096,268435456,4096,4096,332,267,5,0,5,5.118,0,171723,180224,5,131,0,1,0,0,0,0,0,1,0,0,0,1,0,0,1,1
FannyWorm_688526EDBEA2D61664EC629F6558365C,C:\samples\malware\EquationGroup\Equation_KasperskyReport_and_Additionalsamples\AdditionalSamples\FannyWorm\FannyWorm_688526EDBEA2D61664EC629F6558365C,malware,FannyWorm,6,0,53248,126976,0,54299,4096,268435456,4096,4096,332,267,5,0,5,5.124,0,171723,180224,5,131,0,1,0,0,0,0,0,1,0,0,0,1,0,0,1,1
FannyWorm_68892E329FA28FE751B9EB16928EA98D,C:\samples\malware\EquationGroup\Equation_KasperskyReport_and_Additionalsamples\AdditionalSamples\FannyWorm\FannyWorm_68892E329FA28FE751B9EB16928EA98D,malware,FannyWorm,6,0,53248,126976,0,54299,4096,268435456,4096,4096,332,267,5,0,5,5.124,0,171723,180224,5,131,0,1,0,0,0,0,0,1,0,0,0,1,0,0,1,1
FannyWorm_68E6EE88BA44ED0B9DE93D6812B5255E,C:\samples\malware\EquationGroup\Equation_KasperskyReport_and_Additionalsamples\AdditionalSamples\FannyWorm\FannyWorm_68E6EE88BA44ED0B9DE93D6812B5255E,malware,FannyWorm,6,0,53248,126976,0,54299,4096,268435456,4096,4096,332,267,5,0,5,5.124,0,171723,180224,5,131,0,1,0,0,0,0,0,1,0,0,0,1,0,0,1,1
FannyWorm_6DA22F42139A4A2365E7A9068D7B908A,C:\samples\malware\EquationGroup\Equation_KasperskyReport_and_Additionalsamples\AdditionalSamples\FannyWorm\FannyWorm_6DA22F42139A4A2365E7A9068D7B908A,malware,FannyWorm,6,0,53248,126976,0,54299,4096,268435456,4096,4096,332,267,5,0,5,5.124,0,171723,180224,5,131,0,1,0,0,0,0,0,1,0,0,0,1,0,0,1,1
FannyWorm_6DE614AD2B4D03F9DFCDF0251737D33D,C:\samples\malware\EquationGroup\Equation_KasperskyReport_and_Additionalsamples\AdditionalSamples\FannyWorm\FannyWorm_6DE614AD2B4D03F9DFCDF0251737D33D,malware,FannyWorm,6,0,53248,126976,0,54299,4096,268435456,4096,4096,332,267,5,0,5,5.124,0,171723,180224,5,131,0,1,0,0,0,0,0,1,0,0,0,1,0,0,1,1
FannyWorm_6E4F77DCDBB034CB4073D8C46BF23AE3,C:\samples\malware\EquationGroup\Equation_KasperskyReport_and_Additionalsamples\AdditionalSamples\FannyWorm\FannyWorm_6E4F77DCDBB034CB4073D8C46BF23AE3,malware,FannyWorm,6,0,53248,126976,0,54299,4096,268435456,4096,4096,332,267,5,0,5,5.124,0,171723,180224,5,131,0,1,0,0,0,0,0,1,0,0,0,1,0,0,1,1
FannyWorm_6F073003704CC5B5265A0A9F8EE851D1,C:\samples\malware\EquationGroup\Equation_KasperskyReport_and_Additionalsamples\AdditionalSamples\FannyWorm\FannyWorm_6F073003704CC5B5265A0A9F8EE851D1,malware,FannyWorm,6,0,53248,126976,0,54299,4096,268435456,4096,4096,332,267,5,0,5,5.124,0,171723,180224,5,131,0,1,0,0,0,0,0,1,0,0,0,1,0,0,1,1
FannyWorm_70B0214530810773E46AFA469A723CE3,C:\samples\malware\EquationGroup\Equation_KasperskyReport_and_Additionalsamples\AdditionalSamples\FannyWorm\FannyWorm_70B0214530810773E46AFA469A723CE3,malware,FannyWorm,6,0,53248,126976,0,54299,4096,268435456,4096,4096,332,267,5,0,5,5.118,0,171723,180224,5,131,0,1,0,0,0,0,0,1,0,0,0,1,0,0,1,1
FannyWorm_72312F1E2AE6900F169A2B7A88E14D93,C:\samples\malware\EquationGroup\Equation_KasperskyReport_and_Additionalsamples\AdditionalSamples\FannyWorm\FannyWorm_72312F1E2AE6900F169A2B7A88E14D93,malware,FannyWorm,6,0,53248,126976,0,54299,4096,268435456,4096,4096,332,267,5,0,5,5.124,0,171723,180224,5,131,0,1,0,0,0,0,0,1,0,0,0,1,0,0,1,1
FannyWorm_72B16929F43533AC4BF953D90A52EB37,C:\samples\malware\EquationGroup\Equation_KasperskyReport_and_Additionalsamples\AdditionalSamples\FannyWorm\FannyWorm_72B16929F43533AC4BF953D90A52EB37,malware,FannyWorm,6,0,53248,126976,0,54299,4096,268435456,4096,4096,332,267,5,0,5,5.124,0,171723,180224,5,131,0,1,0,0,0,0,0,1,0,0,0,1,0,0,1,1
FannyWorm_72F244452DF28865B37317369C33927D,C:\samples\malware\EquationGroup\Equation_KasperskyReport_and_Additionalsamples\AdditionalSamples\FannyWorm\FannyWorm_72F244452DF28865B37317369C33927D,malware,FannyWorm,6,0,53248,126976,0,54299,4096,268435456,4096,4096,332,267,5,0,5,5.124,0,171723,180224,5,131,0,1,0,0,0,0,0,1,0,0,0,1,0,0,1,1
FannyWorm_74621A05BAFB868BDA8AEB6562DD36DF,C:\samples\malware\EquationGroup\Equation_KasperskyReport_and_Additionalsamples\AdditionalSamples\FannyWorm\FannyWorm_74621A05BAFB868BDA8AEB6562DD36DF,malware,FannyWorm,6,0,53248,126976,0,54299,4096,268435456,4096,4096,332,267,5,0,5,5.124,0,171723,180224,5,131,0,1,0,0,0,0,0,1,0,0,0,1,0,0,1,1
FannyWorm_74AD35F0F4342F45038860CA0564AB8B,C:\samples\malware\EquationGroup\Equation_KasperskyReport_and_Additionalsamples\AdditionalSamples\FannyWorm\FannyWorm_74AD35F0F4342F45038860CA0564AB8B,malware,FannyWorm,6,0,53248,126976,0,54299,4096,268435456,4096,4096,332,267,5,0,5,5.118,0,171723,180224,5,131,0,1,0,0,0,0,0,1,0,0,0,1,0,0,1,1
FannyWorm_75AC44F173AF6ACE7CC06E8406B03D33,C:\samples\malware\EquationGroup\Equation_KasperskyReport_and_Additionalsamples\AdditionalSamples\FannyWorm\FannyWorm_75AC44F173AF6ACE7CC06E8406B03D33,malware,FannyWorm,6,0,53248,126976,0,54299,4096,268435456,4096,4096,332,267,5,0,5,5.124,0,171723,180224,5,131,0,1,0,0,0,0,0,1,0,0,0,1,0,0,1,1
FannyWorm_769C62FDD6E1D2C5D51094E2882886B0,C:\samples\malware\EquationGroup\Equation_KasperskyReport_and_Additionalsamples\AdditionalSamples\FannyWorm\FannyWorm_769C62FDD6E1D2C5D51094E2882886B0,malware,FannyWorm,6,0,53248,126976,0,54299,4096,268435456,4096,4096,332,267,5,0,5,5.126,0,171723,180224,5,131,0,1,0,0,0,0,0,1,0,0,0,1,0,0,1,1
FannyWorm_7808586DEC24D04567582F9CBD26EAD8,C:\samples\malware\EquationGroup\Equation_KasperskyReport_and_Additionalsamples\AdditionalSamples\FannyWorm\FannyWorm_7808586DEC24D04567582F9CBD26EAD8,malware,FannyWorm,6,0,53248,126976,0,54299,4096,268435456,4096,4096,332,267,5,0,5,5.118,0,171723,180224,5,131,0,1,0,0,0,0,0,1,0,0,0,1,0,0,1,1
FannyWorm_782E5C2D319063405414D4E55D3DCFB3,C:\samples\malware\EquationGroup\Equation_KasperskyReport_and_Additionalsamples\AdditionalSamples\FannyWorm\FannyWorm_782E5C2D319063405414D4E55D3DCFB3,malware,FannyWorm,6,0,53248,126976,0,54299,4096,268435456,4096,4096,332,267,5,0,5,5.118,0,171723,180224,5,131,0,1,0,0,0,0,0,1,0,0,0,1,0,0,1,1
FannyWorm_78B1FF3B04FAC35C890462225C5FBC49,C:\samples\malware\EquationGroup\Equation_KasperskyReport_and_Additionalsamples\AdditionalSamples\FannyWorm\FannyWorm_78B1FF3B04FAC35C890462225C5FBC49,malware,FannyWorm,6,0,53248,126976,0,54299,4096,268435456,4096,4096,332,267,5,0,5,5.118,0,171723,180224,5,131,0,1,0,0,0,0,0,1,0,0,0,1,0,0,1,1
FannyWorm_7CCCAF9B08301D2C2ACB647EA04CA8E1,C:\samples\malware\EquationGroup\Equation_KasperskyReport_and_Additionalsamples\AdditionalSamples\FannyWorm\FannyWorm_7CCCAF9B08301D2C2ACB647EA04CA8E1,malware,FannyWorm,6,0,53248,126976,0,54299,4096,268435456,4096,4096,332,267,5,0,5,5.125,0,171723,180224,5,131,0,1,0,0,0,0,0,1,0,0,0,1,0,0,1,1
FannyWorm_7E6348F56508E43C900265EE5297B577,C:\samples\malware\EquationGroup\Equation_KasperskyReport_and_Additionalsamples\AdditionalSamples\FannyWorm\FannyWorm_7E6348F56508E43C900265EE5297B577,malware,FannyWorm,6,0,53248,126976,0,54299,4096,268435456,4096,4096,332,267,5,0,5,5.124,0,171723,180224,5,131,0,1,0,0,0,0,0,1,0,0,0,1,0,0,1,1
FannyWorm_7FAABCE7D2564176480769A9D7B34A2C,C:\samples\malware\EquationGroup\Equation_KasperskyReport_and_Additionalsamples\AdditionalSamples\FannyWorm\FannyWorm_7FAABCE7D2564176480769A9D7B34A2C,malware,FannyWorm,6,0,53248,126976,0,54299,4096,268435456,4096,4096,332,267,5,0,5,5.118,0,171723,180224,5,131,0,1,0,0,0,0,0,1,0,0,0,1,0,0,1,1
FannyWorm_8010AF50404647200A7BB51DE08AB960,C:\samples\malware\EquationGroup\Equation_KasperskyReport_and_Additionalsamples\AdditionalSamples\FannyWorm\FannyWorm_8010AF50404647200A7BB51DE08AB960,malware,FannyWorm,6,0,53248,126976,0,54299,4096,268435456,4096,4096,332,267,5,0,5,5.124,0,171723,180224,5,131,0,1,0,0,0,0,0,1,0,0,0,1,0,0,1,1
FannyWorm_8051E04BAB3A6DB6226CC4D08890E934,C:\samples\malware\EquationGroup\Equation_KasperskyReport_and_Additionalsamples\AdditionalSamples\FannyWorm\FannyWorm_8051E04BAB3A6DB6226CC4D08890E934,malware,FannyWorm,6,0,53248,126976,0,54299,4096,268435456,4096,4096,332,267,5,0,5,5.16,0,171723,180224,5,131,0,1,0,0,0,0,0,1,0,0,0,1,0,0,1,1
FannyWorm_8568A1CFA314525F49C98FAFBF85D14B,C:\samples\malware\EquationGroup\Equation_KasperskyReport_and_Additionalsamples\AdditionalSamples\FannyWorm\FannyWorm_8568A1CFA314525F49C98FAFBF85D14B,malware,FannyWorm,6,0,53248,126976,0,54299,4096,268435456,4096,4096,332,267,5,0,5,5.124,0,171723,180224,5,131,0,1,0,0,0,0,0,1,0,0,0,1,0,0,1,1
FannyWorm_85CEE5AAA59CACAD80BF9792869845BA,C:\samples\malware\EquationGroup\Equation_KasperskyReport_and_Additionalsamples\AdditionalSamples\FannyWorm\FannyWorm_85CEE5AAA59CACAD80BF9792869845BA,malware,FannyWorm,6,0,53248,126976,0,54299,4096,268435456,4096,4096,332,267,5,0,5,5.124,0,171723,180224,5,131,0,1,0,0,0,0,0,1,0,0,0,1,0,0,1,1
FannyWorm_86D89BAC8A165FCE91426BF84EB7B7FC,C:\samples\malware\EquationGroup\Equation_KasperskyReport_and_Additionalsamples\AdditionalSamples\FannyWorm\FannyWorm_86D89BAC8A165FCE91426BF84EB7B7FC,malware,FannyWorm,6,0,53248,126976,0,54299,4096,268435456,4096,4096,332,267,5,0,5,5.091,0,171723,180224,5,131,0,1,0,0,0,0,0,1,0,0,0,1,0,0,1,1
FannyWorm_872E8E7C381FB805B87B88F31F77A772,C:\samples\malware\EquationGroup\Equation_KasperskyReport_and_Additionalsamples\AdditionalSamples\FannyWorm\FannyWorm_872E8E7C381FB805B87B88F31F77A772,malware,FannyWorm,6,0,53248,126976,0,54299,4096,268435456,4096,4096,332,267,5,0,5,5.092,0,171723,180224,5,131,0,1,0,0,0,0,0,1,0,0,0,1,0,0,1,1
FannyWorm_8738E487218905E86BF6AD7988929ECB,C:\samples\malware\EquationGroup\Equation_KasperskyReport_and_Additionalsamples\AdditionalSamples\FannyWorm\FannyWorm_8738E487218905E86BF6AD7988929ECB,malware,FannyWorm,6,0,53248,126976,0,54299,4096,268435456,4096,4096,332,267,5,0,5,5.127,0,171723,180224,5,131,0,1,0,0,0,0,0,1,0,0,0,1,0,0,1,1
FannyWorm_878A3D4B91875E10F032B58D5DA3DDF1,C:\samples\malware\EquationGroup\Equation_KasperskyReport_and_Additionalsamples\AdditionalSamples\FannyWorm\FannyWorm_878A3D4B91875E10F032B58D5DA3DDF1,malware,FannyWorm,6,0,53248,126976,0,54299,4096,268435456,4096,4096,332,267,5,0,5,5.125,0,171723,180224,5,131,0,1,0,0,0,0,0,1,0,0,0,1,0,0,1,1
FannyWorm_88E4147EFABA886FF16D6F058E8A25A6,C:\samples\malware\EquationGroup\Equation_KasperskyReport_and_Additionalsamples\AdditionalSamples\FannyWorm\FannyWorm_88E4147EFABA886FF16D6F058E8A25A6,malware,FannyWorm,6,0,53248,126976,0,54299,4096,268435456,4096,4096,332,267,5,0,5,5.124,0,171723,180224,5,131,0,1,0,0,0,0,0,1,0,0,0,1,0,0,1,1
FannyWorm_89C216DF6B2B1A335738847A1F1A6CBC,C:\samples\malware\EquationGroup\Equation_KasperskyReport_and_Additionalsamples\AdditionalSamples\FannyWorm\FannyWorm_89C216DF6B2B1A335738847A1F1A6CBC,malware,FannyWorm,6,0,53248,126976,0,54299,4096,268435456,4096,4096,332,267,5,0,5,5.124,0,171723,180224,5,131,0,1,0,0,0,0,0,1,0,0,0,1,0,0,1,1
FannyWorm_8A41A5AD3AE353F16FF2FD92E8046AC3,C:\samples\malware\EquationGroup\Equation_KasperskyReport_and_Additionalsamples\AdditionalSamples\FannyWorm\FannyWorm_8A41A5AD3AE353F16FF2FD92E8046AC3,malware,FannyWorm,6,0,53248,126976,0,54299,4096,268435456,4096,4096,332,267,5,0,5,5.119,0,171723,180224,5,131,0,1,0,0,0,0,0,1,0,0,0,1,0,0,1,1
FannyWorm_8AD46BB2D0BEF97548EBBED2F6EEA2E1,C:\samples\malware\EquationGroup\Equation_KasperskyReport_and_Additionalsamples\AdditionalSamples\FannyWorm\FannyWorm_8AD46BB2D0BEF97548EBBED2F6EEA2E1,malware,FannyWorm,6,0,53248,126976,0,54299,4096,268435456,4096,4096,332,267,5,0,5,5.124,0,171723,180224,5,131,0,1,0,0,0,0,0,1,0,0,0,1,0,0,1,1
FannyWorm_8B1FE26A399F54CEE44493859C6E82AC,C:\samples\malware\EquationGroup\Equation_KasperskyReport_and_Additionalsamples\AdditionalSamples\FannyWorm\FannyWorm_8B1FE26A399F54CEE44493859C6E82AC,malware,FannyWorm,6,0,53248,126976,0,54299,4096,268435456,4096,4096,332,267,5,0,5,5.118,0,171723,180224,5,131,0,1,0,0,0,0,0,1,0,0,0,1,0,0,1,1
FannyWorm_8BAADB392A85A187360FCA5A4E56E6CF,C:\samples\malware\EquationGroup\Equation_KasperskyReport_and_Additionalsamples\AdditionalSamples\FannyWorm\FannyWorm_8BAADB392A85A187360FCA5A4E56E6CF,malware,FannyWorm,6,0,53248,126976,0,54299,4096,268435456,4096,4096,332,267,5,0,5,5.118,0,171723,180224,5,131,0,1,0,0,0,0,0,1,0,0,0,1,0,0,1,1
FannyWorm_8BB0C5181D8AB57B879DEA3F987FBEDF,C:\samples\malware\EquationGroup\Equation_KasperskyReport_and_Additionalsamples\AdditionalSamples\FannyWorm\FannyWorm_8BB0C5181D8AB57B879DEA3F987FBEDF,malware,FannyWorm,6,0,53248,126976,0,54299,4096,268435456,4096,4096,332,267,5,0,5,5.109,0,171723,180224,5,131,0,1,0,0,0,0,0,1,0,0,0,1,0,0,1,1
FannyWorm_8C7EF91A96E75C3D05EA5E54A0E9356C,C:\samples\malware\EquationGroup\Equation_KasperskyReport_and_Additionalsamples\AdditionalSamples\FannyWorm\FannyWorm_8C7EF91A96E75C3D05EA5E54A0E9356C,malware,FannyWorm,6,0,53248,126976,0,54299,4096,268435456,4096,4096,332,267,5,0,5,5.124,0,171723,180224,5,131,0,1,0,0,0,0,0,1,0,0,0,1,0,0,1,1
FannyWorm_8E555220BD7F8C183ABF58071851E2B4,C:\samples\malware\EquationGroup\Equation_KasperskyReport_and_Additionalsamples\AdditionalSamples\FannyWorm\FannyWorm_8E555220BD7F8C183ABF58071851E2B4,malware,FannyWorm,6,0,53248,126976,0,54299,4096,268435456,4096,4096,332,267,5,0,5,5.124,0,171723,180224,5,131,0,1,0,0,0,0,0,1,0,0,0,1,0,0,1,1
FannyWorm_8FE19689CC16FEA06BDFC9C39C515FA3,C:\samples\malware\EquationGroup\Equation_KasperskyReport_and_Additionalsamples\AdditionalSamples\FannyWorm\FannyWorm_8FE19689CC16FEA06BDFC9C39C515FA3,malware,FannyWorm,6,0,53248,126976,0,54299,4096,268435456,4096,4096,332,267,5,0,5,5.124,0,171723,180224,5,131,0,1,0,0,0,0,0,1,0,0,0,1,0,0,1,1
FannyWorm_90C8A317CBA47D7E3525B69862DDEF58,C:\samples\malware\EquationGroup\Equation_KasperskyReport_and_Additionalsamples\AdditionalSamples\FannyWorm\FannyWorm_90C8A317CBA47D7E3525B69862DDEF58,malware,FannyWorm,6,0,53248,126976,0,54299,4096,268435456,4096,4096,332,267,5,0,5,5.124,0,171723,180224,5,131,0,1,0,0,0,0,0,1,0,0,0,1,0,0,1,1
FannyWorm_9120C2A26E1F4DC362CA338B8E014B20,C:\samples\malware\EquationGroup\Equation_KasperskyReport_and_Additionalsamples\AdditionalSamples\FannyWorm\FannyWorm_9120C2A26E1F4DC362CA338B8E014B20,malware,FannyWorm,6,0,53248,126976,0,54299,4096,268435456,4096,4096,332,267,5,0,5,5.124,0,171723,180224,5,131,0,1,0,0,0,0,0,1,0,0,0,1,0,0,1,1
FannyWorm_91B1F4A4FA5C26473AB678408EDCB913,C:\samples\malware\EquationGroup\Equation_KasperskyReport_and_Additionalsamples\AdditionalSamples\FannyWorm\FannyWorm_91B1F4A4FA5C26473AB678408EDCB913,malware,FannyWorm,6,0,53248,126976,0,54299,4096,268435456,4096,4096,332,267,5,0,5,5.124,0,171723,180224,5,131,0,1,0,0,0,0,0,1,0,0,0,1,0,0,1,1
FannyWorm_939706730193E6BCFEB991DE4387BD3F,C:\samples\malware\EquationGroup\Equation_KasperskyReport_and_Additionalsamples\AdditionalSamples\FannyWorm\FannyWorm_939706730193E6BCFEB991DE4387BD3F,malware,FannyWorm,6,0,53248,126976,0,54299,4096,268435456,4096,4096,332,267,5,0,5,5.124,0,171723,180224,5,131,0,1,0,0,0,0,0,1,0,0,0,1,0,0,1,1
FannyWorm_93B22ECC56A91F251D5E023A5C20B3A4,C:\samples\malware\EquationGroup\Equation_KasperskyReport_and_Additionalsamples\AdditionalSamples\FannyWorm\FannyWorm_93B22ECC56A91F251D5E023A5C20B3A4,malware,FannyWorm,6,0,53248,126976,0,54299,4096,268435456,4096,4096,332,267,5,0,5,5.124,0,171723,180224,5,131,0,1,0,0,0,0,0,1,0,0,0,1,0,0,1,1
FannyWorm_94271AE895E359B606252395DF952F5F,C:\samples\malware\EquationGroup\Equation_KasperskyReport_and_Additionalsamples\AdditionalSamples\FannyWorm\FannyWorm_94271AE895E359B606252395DF952F5F,malware,FannyWorm,6,0,53248,126976,0,54299,4096,268435456,4096,4096,332,267,5,0,5,5.124,0,171723,180224,5,131,0,1,0,0,0,0,0,1,0,0,0,1,0,0,1,1
FannyWorm_948603BD138DD8487FAAB3C0DA5EB573,C:\samples\malware\EquationGroup\Equation_KasperskyReport_and_Additionalsamples\AdditionalSamples\FannyWorm\FannyWorm_948603BD138DD8487FAAB3C0DA5EB573,malware,FannyWorm,6,0,53248,126976,0,54299,4096,268435456,4096,4096,332,267,5,0,5,5.124,0,171723,180224,5,131,0,1,0,0,0,0,0,1,0,0,0,1,0,0,1,1
FannyWorm_9563FD4AB7D619D565B47CD16104DC66,C:\samples\malware\EquationGroup\Equation_KasperskyReport_and_Additionalsamples\AdditionalSamples\FannyWorm\FannyWorm_9563FD4AB7D619D565B47CD16104DC66,malware,FannyWorm,6,0,53248,126976,0,54299,4096,268435456,4096,4096,332,267,5,0,5,5.124,0,171723,180224,5,131,0,1,0,0,0,0,0,1,0,0,0,1,0,0,1,1
FannyWorm_963A24B864524DFA64BA4310537CE0E1,C:\samples\malware\EquationGroup\Equation_KasperskyReport_and_Additionalsamples\AdditionalSamples\FannyWorm\FannyWorm_963A24B864524DFA64BA4310537CE0E1,malware,FannyWorm,6,0,53248,126976,0,54299,4096,268435456,4096,4096,332,267,5,0,5,5.124,0,171723,180224,5,131,0,1,0,0,0,0,0,1,0,0,0,1,0,0,1,1
FannyWorm_97B0A0EF6CB6B1EB8E325EB20BA0A8E3,C:\samples\malware\EquationGroup\Equation_KasperskyReport_and_Additionalsamples\AdditionalSamples\FannyWorm\FannyWorm_97B0A0EF6CB6B1EB8E325EB20BA0A8E3,malware,FannyWorm,6,0,53248,126976,0,54299,4096,268435456,4096,4096,332,267,5,0,5,5.124,0,171723,180224,5,131,0,1,0,0,0,0,0,1,0,0,0,1,0,0,1,1
FannyWorm_98E6B678B40329DAC41D8F42652C17A2,C:\samples\malware\EquationGroup\Equation_KasperskyReport_and_Additionalsamples\AdditionalSamples\FannyWorm\FannyWorm_98E6B678B40329DAC41D8F42652C17A2,malware,FannyWorm,6,0,53248,126976,0,54299,4096,268435456,4096,4096,332,267,5,0,5,5.124,0,171723,180224,5,131,0,1,0,0,0,0,0,1,0,0,0,1,0,0,1,1
FannyWorm_99E8D4F1D2069EF84D9725AA206D6BA7,C:\samples\malware\EquationGroup\Equation_KasperskyReport_and_Additionalsamples\AdditionalSamples\FannyWorm\FannyWorm_99E8D4F1D2069EF84D9725AA206D6BA7,malware,FannyWorm,6,0,53248,126976,0,54299,4096,268435456,4096,4096,332,267,5,0,5,5.131,0,171723,180224,5,131,0,1,0,0,0,0,0,1,0,0,0,1,0,0,1,1
FannyWorm_9A7165D3C7B84FE0E22881F653EADF7F,C:\samples\malware\EquationGroup\Equation_KasperskyReport_and_Additionalsamples\AdditionalSamples\FannyWorm\FannyWorm_9A7165D3C7B84FE0E22881F653EADF7F,malware,FannyWorm,6,0,53248,126976,0,54299,4096,268435456,4096,4096,332,267,5,0,5,5.124,0,171723,180224,5,131,0,1,0,0,0,0,0,1,0,0,0,1,0,0,1,1
FannyWorm_9FB98B0D1A5B38B6A89CB478943C285B,C:\samples\malware\EquationGroup\Equation_KasperskyReport_and_Additionalsamples\AdditionalSamples\FannyWorm\FannyWorm_9FB98B0D1A5B38B6A89CB478943C285B,malware,FannyWorm,6,0,53248,126976,0,54299,4096,268435456,4096,4096,332,267,5,0,5,5.124,0,171723,180224,5,131,0,1,0,0,0,0,0,1,0,0,0,1,0,0,1,1
FannyWorm_9FC2AA4D538B34651705B904C7823C6F,C:\samples\malware\EquationGroup\Equation_KasperskyReport_and_Additionalsamples\AdditionalSamples\FannyWorm\FannyWorm_9FC2AA4D538B34651705B904C7823C6F,malware,FannyWorm,6,0,53248,126976,0,54299,4096,268435456,4096,4096,332,267,5,0,5,5.124,0,171723,180224,5,131,0,1,0,0,0,0,0,1,0,0,0,1,0,0,1,1
FannyWorm_A00101CFC1EDD423CB34F758F8D0C62E,C:\samples\malware\EquationGroup\Equation_KasperskyReport_and_Additionalsamples\AdditionalSamples\FannyWorm\FannyWorm_A00101CFC1EDD423CB34F758F8D0C62E,malware,FannyWorm,6,0,53248,126976,0,54299,4096,268435456,4096,4096,332,267,5,0,5,5.124,0,171723,180224,5,131,0,1,0,0,0,0,0,1,0,0,0,1,0,0,1,1
FannyWorm_A2C52AD8F66A14F7979C6BAFC4978142,C:\samples\malware\EquationGroup\Equation_KasperskyReport_and_Additionalsamples\AdditionalSamples\FannyWorm\FannyWorm_A2C52AD8F66A14F7979C6BAFC4978142,malware,FannyWorm,6,0,53248,126976,0,54299,4096,268435456,4096,4096,332,267,5,0,5,5.12,0,171723,180224,5,131,0,1,0,0,0,0,0,1,0,0,0,1,0,0,1,1
FannyWorm_A397A581C20BF93EB5C22CAD5A2AFCDD,C:\samples\malware\EquationGroup\Equation_KasperskyReport_and_Additionalsamples\AdditionalSamples\FannyWorm\FannyWorm_A397A581C20BF93EB5C22CAD5A2AFCDD,malware,FannyWorm,6,0,53248,126976,0,54299,4096,268435456,4096,4096,332,267,5,0,5,5.197,0,171723,180224,5,131,0,1,0,0,0,0,0,1,0,0,0,1,0,0,1,1
FannyWorm_A43F67AF43730552864F84E2B051DEB4,C:\samples\malware\EquationGroup\Equation_KasperskyReport_and_Additionalsamples\AdditionalSamples\FannyWorm\FannyWorm_A43F67AF43730552864F84E2B051DEB4,malware,FannyWorm,6,0,53248,126976,0,54299,4096,268435456,4096,4096,332,267,5,0,5,5.173,0,171723,180224,5,131,0,1,0,0,0,0,0,1,0,0,0,1,0,0,1,1
FannyWorm_A498FCAC85DC2E97281781A08B1C1041,C:\samples\malware\EquationGroup\Equation_KasperskyReport_and_Additionalsamples\AdditionalSamples\FannyWorm\FannyWorm_A498FCAC85DC2E97281781A08B1C1041,malware,FannyWorm,6,0,53248,126976,0,54299,4096,268435456,4096,4096,332,267,5,0,5,5.124,0,171723,180224,5,131,0,1,0,0,0,0,0,1,0,0,0,1,0,0,1,1
FannyWorm_A4E2ED5FF620A786C2F2E15A5F8A2D2F,C:\samples\malware\EquationGroup\Equation_KasperskyReport_and_Additionalsamples\AdditionalSamples\FannyWorm\FannyWorm_A4E2ED5FF620A786C2F2E15A5F8A2D2F,malware,FannyWorm,6,0,53248,126976,0,54299,4096,268435456,4096,4096,332,267,5,0,5,5.124,0,171723,180224,5,131,0,1,0,0,0,0,0,1,0,0,0,1,0,0,1,1
FannyWorm_A5E169E47BA828DD68417875AA8C0C94,C:\samples\malware\EquationGroup\Equation_KasperskyReport_and_Additionalsamples\AdditionalSamples\FannyWorm\FannyWorm_A5E169E47BA828DD68417875AA8C0C94,malware,FannyWorm,6,0,53248,126976,0,54299,4096,268435456,4096,4096,332,267,5,0,5,5.125,0,171723,180224,5,131,0,1,0,0,0,0,0,1,0,0,0,1,0,0,1,1
FannyWorm_A5F2C5CA6B51A6BF48D795FB5AE63203,C:\samples\malware\EquationGroup\Equation_KasperskyReport_and_Additionalsamples\AdditionalSamples\FannyWorm\FannyWorm_A5F2C5CA6B51A6BF48D795FB5AE63203,malware,FannyWorm,6,0,53248,126976,0,54299,4096,268435456,4096,4096,332,267,5,0,5,5.125,0,171723,180224,5,131,0,1,0,0,0,0,0,1,0,0,0,1,0,0,1,1
FannyWorm_A5F389947F03902A5ABD742B61637363,C:\samples\malware\EquationGroup\Equation_KasperskyReport_and_Additionalsamples\AdditionalSamples\FannyWorm\FannyWorm_A5F389947F03902A5ABD742B61637363,malware,FannyWorm,6,0,53248,126976,0,54299,4096,268435456,4096,4096,332,267,5,0,5,5.124,0,171723,180224,5,131,0,1,0,0,0,0,0,1,0,0,0,1,0,0,1,1
FannyWorm_A62BE32440D0602C76A72F96235567AC,C:\samples\malware\EquationGroup\Equation_KasperskyReport_and_Additionalsamples\AdditionalSamples\FannyWorm\FannyWorm_A62BE32440D0602C76A72F96235567AC,malware,FannyWorm,6,0,53248,126976,0,54299,4096,268435456,4096,4096,332,267,5,0,5,5.124,0,171723,180224,5,131,0,1,0,0,0,0,0,1,0,0,0,1,0,0,1,1
FannyWorm_A67E937C6C33B0A9CD83946CCFA666CA,C:\samples\malware\EquationGroup\Equation_KasperskyReport_and_Additionalsamples\AdditionalSamples\FannyWorm\FannyWorm_A67E937C6C33B0A9CD83946CCFA666CA,malware,FannyWorm,6,0,53248,126976,0,54299,4096,268435456,4096,4096,332,267,5,0,5,5.127,0,171723,180224,5,131,0,1,0,0,0,0,0,1,0,0,0,1,0,0,1,1
FannyWorm_A68A56B4B3412E07436C7D195891E8BE,C:\samples\malware\EquationGroup\Equation_KasperskyReport_and_Additionalsamples\AdditionalSamples\FannyWorm\FannyWorm_A68A56B4B3412E07436C7D195891E8BE,malware,FannyWorm,6,0,53248,126976,0,54299,4096,268435456,4096,4096,332,267,5,0,5,5.124,0,171723,180224,5,131,0,1,0,0,0,0,0,1,0,0,0,1,0,0,1,1
FannyWorm_A76DC2F716AA5ED5CBBD23BBF1DE3005,C:\samples\malware\EquationGroup\Equation_KasperskyReport_and_Additionalsamples\AdditionalSamples\FannyWorm\FannyWorm_A76DC2F716AA5ED5CBBD23BBF1DE3005,malware,FannyWorm,6,0,53248,126976,0,54299,4096,268435456,4096,4096,332,267,5,0,5,5.124,0,171723,180224,5,131,0,1,0,0,0,0,0,1,0,0,0,1,0,0,1,1
FannyWorm_A7F4EEE46463BE30615903E395A323C5,C:\samples\malware\EquationGroup\Equation_KasperskyReport_and_Additionalsamples\AdditionalSamples\FannyWorm\FannyWorm_A7F4EEE46463BE30615903E395A323C5,malware,FannyWorm,6,0,53248,126976,0,54299,4096,268435456,4096,4096,332,267,5,0,5,5.118,0,171723,180224,5,131,0,1,0,0,0,0,0,1,0,0,0,1,0,0,1,1
FannyWorm_A801668543B30FCC3A254DE8183B2BA5,C:\samples\malware\EquationGroup\Equation_KasperskyReport_and_Additionalsamples\AdditionalSamples\FannyWorm\FannyWorm_A801668543B30FCC3A254DE8183B2BA5,malware,FannyWorm,6,0,53248,126976,0,54299,4096,268435456,4096,4096,332,267,5,0,5,5.197,0,171723,180224,5,131,0,1,0,0,0,0,0,1,0,0,0,1,0,0,1,1
FannyWorm_A82D41CFC3EE376D9252DD4912E35894,C:\samples\malware\EquationGroup\Equation_KasperskyReport_and_Additionalsamples\AdditionalSamples\FannyWorm\FannyWorm_A82D41CFC3EE376D9252DD4912E35894,malware,FannyWorm,6,0,53248,126976,0,54299,4096,268435456,4096,4096,332,267,5,0,5,5.124,0,171723,180224,5,131,0,1,0,0,0,0,0,1,0,0,0,1,0,0,1,1
FannyWorm_A84FD0164200AD1AD0E34EEE9C663949,C:\samples\malware\EquationGroup\Equation_KasperskyReport_and_Additionalsamples\AdditionalSamples\FannyWorm\FannyWorm_A84FD0164200AD1AD0E34EEE9C663949,malware,FannyWorm,6,0,53248,126976,0,54299,4096,268435456,4096,4096,332,267,5,0,5,5.124,0,171723,180224,5,131,0,1,0,0,0,0,0,1,0,0,0,1,0,0,1,1
FannyWorm_A8A973B3861C8D2F18039432B9F38335,C:\samples\malware\EquationGroup\Equation_KasperskyReport_and_Additionalsamples\AdditionalSamples\FannyWorm\FannyWorm_A8A973B3861C8D2F18039432B9F38335,malware,FannyWorm,6,0,53248,126976,0,54299,4096,268435456,4096,4096,332,267,5,0,5,5.126,0,171723,180224,5,131,0,1,0,0,0,0,0,1,0,0,0,1,0,0,1,1
FannyWorm_A95B2EC5B67F8FDDA547A4A5A4B85543,C:\samples\malware\EquationGroup\Equation_KasperskyReport_and_Additionalsamples\AdditionalSamples\FannyWorm\FannyWorm_A95B2EC5B67F8FDDA547A4A5A4B85543,malware,FannyWorm,6,0,53248,126976,0,54299,4096,268435456,4096,4096,332,267,5,0,5,5.124,0,171723,180224,5,131,0,1,0,0,0,0,0,1,0,0,0,1,0,0,1,1
FannyWorm_A96DC17D52986BB9BA201550D5D41186,C:\samples\malware\EquationGroup\Equation_KasperskyReport_and_Additionalsamples\AdditionalSamples\FannyWorm\FannyWorm_A96DC17D52986BB9BA201550D5D41186,malware,FannyWorm,6,0,53248,126976,0,54299,4096,268435456,4096,4096,332,267,5,0,5,5.125,0,171723,180224,5,131,0,1,0,0,0,0,0,1,0,0,0,1,0,0,1,1
FannyWorm_AAA06C8458F01BEDCAC5EC638C5C8B24,C:\samples\malware\EquationGroup\Equation_KasperskyReport_and_Additionalsamples\AdditionalSamples\FannyWorm\FannyWorm_AAA06C8458F01BEDCAC5EC638C5C8B24,malware,FannyWorm,6,0,53248,126976,0,54299,4096,268435456,4096,4096,332,267,5,0,5,5.124,0,171723,180224,5,131,0,1,0,0,0,0,0,1,0,0,0,1,0,0,1,1
FannyWorm_AB75C7BF5AD32AF82D331B5EE76F2ECA,C:\samples\malware\EquationGroup\Equation_KasperskyReport_and_Additionalsamples\AdditionalSamples\FannyWorm\FannyWorm_AB75C7BF5AD32AF82D331B5EE76F2ECA,malware,FannyWorm,6,0,53248,126976,0,54299,4096,268435456,4096,4096,332,267,5,0,5,5.124,0,171723,180224,5,131,0,1,0,0,0,0,0,1,0,0,0,1,0,0,1,1
FannyWorm_ABFF989FBA8B34539CDDBDFF0A79EE8D,C:\samples\malware\EquationGroup\Equation_KasperskyReport_and_Additionalsamples\AdditionalSamples\FannyWorm\FannyWorm_ABFF989FBA8B34539CDDBDFF0A79EE8D,malware,FannyWorm,6,0,53248,126976,0,54299,4096,268435456,4096,4096,332,267,5,0,5,5.124,0,171723,180224,5,131,0,1,0,0,0,0,0,1,0,0,0,1,0,0,1,1
FannyWorm_AC50C31D680C763CCE26B4D979A11A5C,C:\samples\malware\EquationGroup\Equation_KasperskyReport_and_Additionalsamples\AdditionalSamples\FannyWorm\FannyWorm_AC50C31D680C763CCE26B4D979A11A5C,malware,FannyWorm,6,0,53248,126976,0,54299,4096,268435456,4096,4096,332,267,5,0,5,5.118,0,171723,180224,5,131,0,1,0,0,0,0,0,1,0,0,0,1,0,0,1,1
FannyWorm_AC7A5C23B475E8BF54A1E60AE1A85F67,C:\samples\malware\EquationGroup\Equation_KasperskyReport_and_Additionalsamples\AdditionalSamples\FannyWorm\FannyWorm_AC7A5C23B475E8BF54A1E60AE1A85F67,malware,FannyWorm,6,0,53248,126976,0,54299,4096,268435456,4096,4096,332,267,5,0,5,5.124,0,171723,180224,5,131,0,1,0,0,0,0,0,1,0,0,0,1,0,0,1,1
FannyWorm_AE58E6C03D7339DA70D061399F6DEFF3,C:\samples\malware\EquationGroup\Equation_KasperskyReport_and_Additionalsamples\AdditionalSamples\FannyWorm\FannyWorm_AE58E6C03D7339DA70D061399F6DEFF3,malware,FannyWorm,6,0,53248,126976,0,54299,4096,268435456,4096,4096,332,267,5,0,5,5.124,0,171723,180224,5,131,0,1,0,0,0,0,0,1,0,0,0,1,0,0,1,1
FannyWorm_AF426F4980CE7E2F771742BEE1CC43DF,C:\samples\malware\EquationGroup\Equation_KasperskyReport_and_Additionalsamples\AdditionalSamples\FannyWorm\FannyWorm_AF426F4980CE7E2F771742BEE1CC43DF,malware,FannyWorm,6,0,53248,126976,0,54299,4096,268435456,4096,4096,332,267,5,0,5,5.124,0,171723,180224,5,131,0,1,0,0,0,0,0,1,0,0,0,1,0,0,1,1
FannyWorm_AF8F1BFCCB6530E41B2F19FF0DE8BAB5,C:\samples\malware\EquationGroup\Equation_KasperskyReport_and_Additionalsamples\AdditionalSamples\FannyWorm\FannyWorm_AF8F1BFCCB6530E41B2F19FF0DE8BAB5,malware,FannyWorm,6,0,53248,126976,0,54299,4096,268435456,4096,4096,332,267,5,0,5,5.124,0,171723,180224,5,131,0,1,0,0,0,0,0,1,0,0,0,1,0,0,1,1
FannyWorm_AFF10DD15B2D39C18AE9EE96511A9D83,C:\samples\malware\EquationGroup\Equation_KasperskyReport_and_Additionalsamples\AdditionalSamples\FannyWorm\FannyWorm_AFF10DD15B2D39C18AE9EE96511A9D83,malware,FannyWorm,6,0,53248,126976,0,54299,4096,268435456,4096,4096,332,267,5,0,5,5.3,0,171723,180224,5,131,0,1,0,0,0,0,0,1,0,0,0,1,0,0,1,1
FannyWorm_B11DBC0C4E98B4CA224C18344CC5191D,C:\samples\malware\EquationGroup\Equation_KasperskyReport_and_Additionalsamples\AdditionalSamples\FannyWorm\FannyWorm_B11DBC0C4E98B4CA224C18344CC5191D,malware,FannyWorm,6,0,53248,126976,0,54299,4096,268435456,4096,4096,332,267,5,0,5,5.124,0,171723,180224,5,131,0,1,0,0,0,0,0,1,0,0,0,1,0,0,1,1
FannyWorm_B1C4ED725CB3443D16BE55EE5F00DCBD,C:\samples\malware\EquationGroup\Equation_KasperskyReport_and_Additionalsamples\AdditionalSamples\FannyWorm\FannyWorm_B1C4ED725CB3443D16BE55EE5F00DCBD,malware,FannyWorm,6,0,53248,126976,0,54299,4096,268435456,4096,4096,332,267,5,0,5,5.124,0,171723,180224,5,131,0,1,0,0,0,0,0,1,0,0,0,1,0,0,1,1
FannyWorm_B1CCEB79F74D48C94CA7E680A609BC65,C:\samples\malware\EquationGroup\Equation_KasperskyReport_and_Additionalsamples\AdditionalSamples\FannyWorm\FannyWorm_B1CCEB79F74D48C94CA7E680A609BC65,malware,FannyWorm,6,0,53248,126976,0,54299,4096,268435456,4096,4096,332,267,5,0,5,5.35,0,171723,180224,5,131,0,1,0,0,0,0,0,1,0,0,0,1,0,0,1,1
FannyWorm_B322FB54B5E53F4EA93E04E5A2ABCCBC,C:\samples\malware\EquationGroup\Equation_KasperskyReport_and_Additionalsamples\AdditionalSamples\FannyWorm\FannyWorm_B322FB54B5E53F4EA93E04E5A2ABCCBC,malware,FannyWorm,6,0,53248,126976,0,54299,4096,268435456,4096,4096,332,267,5,0,5,5.124,0,171723,180224,5,131,0,1,0,0,0,0,0,1,0,0,0,1,0,0,1,1
FannyWorm_B38A91B1A5D23D418C5C6D6A0B066C30,C:\samples\malware\EquationGroup\Equation_KasperskyReport_and_Additionalsamples\AdditionalSamples\FannyWorm\FannyWorm_B38A91B1A5D23D418C5C6D6A0B066C30,malware,FannyWorm,6,0,53248,126976,0,54299,4096,268435456,4096,4096,332,267,5,0,5,5.125,0,171723,180224,5,131,0,1,0,0,0,0,0,1,0,0,0,1,0,0,1,1
FannyWorm_B4B05BB97521494B342DA8524A6181ED,C:\samples\malware\EquationGroup\Equation_KasperskyReport_and_Additionalsamples\AdditionalSamples\FannyWorm\FannyWorm_B4B05BB97521494B342DA8524A6181ED,malware,FannyWorm,6,0,53248,126976,0,54299,4096,268435456,4096,4096,332,267,5,0,5,5.126,0,171723,180224,5,131,0,1,0,0,0,0,0,1,0,0,0,1,0,0,1,1
FannyWorm_B5738307BAB3FBF4CF2BDD652B0AC88A,C:\samples\malware\EquationGroup\Equation_KasperskyReport_and_Additionalsamples\AdditionalSamples\FannyWorm\FannyWorm_B5738307BAB3FBF4CF2BDD652B0AC88A,malware,FannyWorm,6,0,53248,126976,0,54299,4096,268435456,4096,4096,332,267,5,0,5,5.124,0,171723,180224,5,131,0,1,0,0,0,0,0,1,0,0,0,1,0,0,1,1
FannyWorm_B59F5C408FBA0E2CF503E0942AC46C56,C:\samples\malware\EquationGroup\Equation_KasperskyReport_and_Additionalsamples\AdditionalSamples\FannyWorm\FannyWorm_B59F5C408FBA0E2CF503E0942AC46C56,malware,FannyWorm,6,0,53248,126976,0,54299,4096,268435456,4096,4096,332,267,5,0,5,5.32,0,171723,180224,5,131,0,1,0,0,0,0,0,1,0,0,0,1,0,0,1,1
FannyWorm_B747BB2EDC15A07CE61BCE4FD1A33EAD,C:\samples\malware\EquationGroup\Equation_KasperskyReport_and_Additionalsamples\AdditionalSamples\FannyWorm\FannyWorm_B747BB2EDC15A07CE61BCE4FD1A33EAD,malware,FannyWorm,6,0,53248,126976,0,54299,4096,268435456,4096,4096,332,267,5,0,5,5.124,0,171723,180224,5,131,0,1,0,0,0,0,0,1,0,0,0,1,0,0,1,1
FannyWorm_B78E9C9A49AA507CB1F905FDD455CA35,C:\samples\malware\EquationGroup\Equation_KasperskyReport_and_Additionalsamples\AdditionalSamples\FannyWorm\FannyWorm_B78E9C9A49AA507CB1F905FDD455CA35,malware,FannyWorm,6,0,53248,126976,0,54299,4096,268435456,4096,4096,332,267,5,0,5,5.124,0,171723,180224,5,131,0,1,0,0,0,0,0,1,0,0,0,1,0,0,1,1
FannyWorm_BA38163FC6E75BB6ACD73BC7CF89089B,C:\samples\malware\EquationGroup\Equation_KasperskyReport_and_Additionalsamples\AdditionalSamples\FannyWorm\FannyWorm_BA38163FC6E75BB6ACD73BC7CF89089B,malware,FannyWorm,6,0,53248,126976,0,54299,4096,268435456,4096,4096,332,267,5,0,5,5.124,0,171723,180224,5,131,0,1,0,0,0,0,0,1,0,0,0,1,0,0,1,1
FannyWorm_BA43976BB23531A9D4DC5F0AFD07327A,C:\samples\malware\EquationGroup\Equation_KasperskyReport_and_Additionalsamples\AdditionalSamples\FannyWorm\FannyWorm_BA43976BB23531A9D4DC5F0AFD07327A,malware,FannyWorm,6,0,53248,126976,0,54299,4096,268435456,4096,4096,332,267,5,0,5,5.125,0,171723,180224,5,131,0,1,0,0,0,0,0,1,0,0,0,1,0,0,1,1
FannyWorm_BAC9A35D7CDF8C217B51C189A7B7B2FD,C:\samples\malware\EquationGroup\Equation_KasperskyReport_and_Additionalsamples\AdditionalSamples\FannyWorm\FannyWorm_BAC9A35D7CDF8C217B51C189A7B7B2FD,malware,FannyWorm,6,0,53248,126976,0,54299,4096,268435456,4096,4096,332,267,5,0,5,5.124,0,171723,180224,5,131,0,1,0,0,0,0,0,1,0,0,0,1,0,0,1,1
FannyWorm_BB5AA3E042C802C294FA233C4DB41393,C:\samples\malware\EquationGroup\Equation_KasperskyReport_and_Additionalsamples\AdditionalSamples\FannyWorm\FannyWorm_BB5AA3E042C802C294FA233C4DB41393,malware,FannyWorm,6,0,53248,126976,0,54299,4096,268435456,4096,4096,332,267,5,0,5,5.112,0,171723,180224,5,131,0,1,0,0,0,0,0,1,0,0,0,1,0,0,1,1
FannyWorm_BCC5D198A60878C03A114E45ACDFE417,C:\samples\malware\EquationGroup\Equation_KasperskyReport_and_Additionalsamples\AdditionalSamples\FannyWorm\FannyWorm_BCC5D198A60878C03A114E45ACDFE417,malware,FannyWorm,6,0,53248,126976,0,54299,4096,268435456,4096,4096,332,267,5,0,5,5.124,0,171723,180224,5,131,0,1,0,0,0,0,0,1,0,0,0,1,0,0,1,1
FannyWorm_BD7A693767DE2EAE08B4C63AAA84DB43,C:\samples\malware\EquationGroup\Equation_KasperskyReport_and_Additionalsamples\AdditionalSamples\FannyWorm\FannyWorm_BD7A693767DE2EAE08B4C63AAA84DB43,malware,FannyWorm,6,0,53248,126976,0,54299,4096,268435456,4096,4096,332,267,5,0,5,5.126,0,171723,180224,5,131,0,1,0,0,0,0,0,1,0,0,0,1,0,0,1,1
FannyWorm_BD9E6F35DC7FE987EEFA048ADC94D346,C:\samples\malware\EquationGroup\Equation_KasperskyReport_and_Additionalsamples\AdditionalSamples\FannyWorm\FannyWorm_BD9E6F35DC7FE987EEFA048ADC94D346,malware,FannyWorm,6,0,53248,126976,0,54299,4096,268435456,4096,4096,332,267,5,0,5,5.119,0,171723,180224,5,131,0,1,0,0,0,0,0,1,0,0,0,1,0,0,1,1
FannyWorm_BDC3474D7A5566916DC0A2B3075D10BE,C:\samples\malware\EquationGroup\Equation_KasperskyReport_and_Additionalsamples\AdditionalSamples\FannyWorm\FannyWorm_BDC3474D7A5566916DC0A2B3075D10BE,malware,FannyWorm,6,0,53248,126976,0,54299,4096,268435456,4096,4096,332,267,5,0,5,5.23,0,171723,180224,5,131,0,1,0,0,0,0,0,1,0,0,0,1,0,0,1,1
FannyWorm_BED58D25C152BD5B4A9C022B5B863C72,C:\samples\malware\EquationGroup\Equation_KasperskyReport_and_Additionalsamples\AdditionalSamples\FannyWorm\FannyWorm_BED58D25C152BD5B4A9C022B5B863C72,malware,FannyWorm,6,0,53248,126976,0,54299,4096,268435456,4096,4096,332,267,5,0,5,5.124,0,171723,180224,5,131,0,1,0,0,0,0,0,1,0,0,0,1,0,0,1,1
FannyWorm_BFDE4B5CD6CC89C6996C5E30C36F0273,C:\samples\malware\EquationGroup\Equation_KasperskyReport_and_Additionalsamples\AdditionalSamples\FannyWorm\FannyWorm_BFDE4B5CD6CC89C6996C5E30C36F0273,malware,FannyWorm,6,0,53248,126976,0,54299,4096,268435456,4096,4096,332,267,5,0,5,5.124,0,171723,180224,5,131,0,1,0,0,0,0,0,1,0,0,0,1,0,0,1,1
FannyWorm_C05255625BB00EB12EAF95CB41FCC7F5,C:\samples\malware\EquationGroup\Equation_KasperskyReport_and_Additionalsamples\AdditionalSamples\FannyWorm\FannyWorm_C05255625BB00EB12EAF95CB41FCC7F5,malware,FannyWorm,6,0,53248,126976,0,54299,4096,268435456,4096,4096,332,267,5,0,5,5.124,0,171723,180224,5,131,0,1,0,0,0,0,0,1,0,0,0,1,0,0,1,1
FannyWorm_C1F171A7689958EB500079AB0185915F,C:\samples\malware\EquationGroup\Equation_KasperskyReport_and_Additionalsamples\AdditionalSamples\FannyWorm\FannyWorm_C1F171A7689958EB500079AB0185915F,malware,FannyWorm,6,0,53248,126976,0,54299,4096,268435456,4096,4096,332,267,5,0,5,5.124,0,171723,180224,5,131,0,1,0,0,0,0,0,1,0,0,0,1,0,0,1,1
FannyWorm_C303AFE1648D3B70591FEEFFE78125ED,C:\samples\malware\EquationGroup\Equation_KasperskyReport_and_Additionalsamples\AdditionalSamples\FannyWorm\FannyWorm_C303AFE1648D3B70591FEEFFE78125ED,malware,FannyWorm,6,0,53248,126976,0,54299,4096,268435456,4096,4096,332,267,5,0,5,5.124,0,171723,180224,5,131,0,1,0,0,0,0,0,1,0,0,0,1,0,0,1,1
FannyWorm_C3DA3234A3764CA81D694C3935BF55CF,C:\samples\malware\EquationGroup\Equation_KasperskyReport_and_Additionalsamples\AdditionalSamples\FannyWorm\FannyWorm_C3DA3234A3764CA81D694C3935BF55CF,malware,FannyWorm,6,0,53248,126976,0,54299,4096,268435456,4096,4096,332,267,5,0,5,5.124,0,171723,180224,5,131,0,1,0,0,0,0,0,1,0,0,0,1,0,0,1,1
DoubleFantasy_2A12630FF976BA0994143CA93FECD17F,C:\samples\malware\EquationGroup.DoubleFantasy\DoubleFantasy_2A12630FF976BA0994143CA93FECD17F,malware,EquationGroup.DoubleFantasy,8,0,73728,143360,0,37686,4096,4194304,4096,4096,332,267,4,0,4,5.726,0,213568,217088,4,147,0,1,0,0,0,0,0,1,0,0,0,1,0,0,1,1
EquationDrug_4556CE5EB007AF1DE5BD3B457F0B216D,C:\samples\malware\EquationGroup.EquationDrug\EquationDrug_4556CE5EB007AF1DE5BD3B457F0B216D,malware,EquationGroup.EquationDrug,7,10,32768,344064,0,33104,4096,4194304,4096,4096,332,267,4,0,4,4.823,1,367327,376832,4,113,0,1,0,0,0,0,0,1,0,0,0,1,0,0,1,1
EquationLaser_752AF597E6D9FD70396ACCC0B9013DBE,C:\samples\malware\EquationGroup.EquationLaser\EquationLaser_752AF597E6D9FD70396ACCC0B9013DBE,malware,EquationGroup.EquationLaser,7,10,109056,327680,0,112641,4096,268435456,4096,1024,332,267,6,1,6,4.64,1,434765,131584,6,217,0,1,0,0,0,0,0,1,1,0,0,1,0,0,1,1
Fanny_0A209AC0DE4AC033F31D6BA9191A8F7A,C:\samples\malware\EquationGroup.Fanny\Fanny_0A209AC0DE4AC033F31D6BA9191A8F7A,malware,EquationGroup.Fanny,6,0,53248,126976,0,54299,4096,268435456,4096,4096,332,267,5,0,5,5.124,0,171723,180224,5,131,0,1,0,0,0,0,0,1,0,0,0,1,0,0,1,1
GrayFish_9B1CA66AAB784DC5F1DFE635D8F8A904,C:\samples\malware\EquationGroup.GrayFish\GrayFish_9B1CA66AAB784DC5F1DFE635D8F8A904,malware,EquationGroup.GrayFish,6,0,110592,458752,0,88330,4096,4194304,4096,4096,332,267,5,1,5,4.851,1,558237,569344,4,165,0,1,0,0,0,0,0,1,0,0,0,1,0,0,1,1
GROK_24A6EC8EBF9C0867ED1C097F4A653B8D,C:\samples\malware\EquationGroup.GROK\GROK_24A6EC8EBF9C0867ED1C097F4A653B8D,malware,EquationGroup.GROK,8,0,68608,95744,0,9592,4096,65536,4096,1024,34404,523,10,3,10,3.73,1,161830,162816,1,79,0,0,0,0,0,0,0,0,0,0,0,0,0,0,0,0
TripleFantasy_9180D5AFFE1E5DF0717D7385E7F54386,C:\samples\malware\EquationGroup.TripleFantasy\TripleFantasy_9180D5AFFE1E5DF0717D7385E7F54386,malware,EquationGroup.TripleFantasy,9,0,7680,9216,0,10424,4096,268435456,4096,1024,332,267,5,0,5,4.811,0,82264,16896,4,39,0,0,0,0,0,0,0,0,0,0,0,1,0,0,0,0
FancyBear.GermanParliament,C:\samples\malware\FancyBear.GermanParliament\FancyBear.GermanParliament,malware,FancyBear.GermanParliament,2,22,12800,9728,3072,5328,4096,4194304,4096,1024,34404,523,9,4,9,2.368,0,22116,22528,4,94,0,0,0,0,0,0,0,1,0,0,0,1,0,0,0,1
BOTBINARY.EXE,C:\samples\malware\IllusionBot_May2007\illusion_bot\BOTBINARY.EXE,malware,illusion_bot,6,0,49152,188416,0,52050,4096,320077824,4096,4096,332,267,2,0,2,5.665,0,234225,73728,1,4,0,0,0,0,0,0,0,0,0,0,0,1,0,0,1,1
Build.exe,C:\samples\malware\IllusionBot_May2007\illusion_bot\Build.exe,malware,illusion_bot,5,12,512,0,0,237568,4096,4194304,4096,512,332,267,3,3,0,4.44,0,397312,397312,5,71,0,1,0,0,0,0,0,1,0,0,0,1,0,0,1,1
dumped.exe,C:\samples\malware\Kelihos\dumped.exe,malware,Kelihos,9,0,1144832,835072,0,882166,4096,4194304,4096,4096,332,267,5,1,5,3.616,0,1978505,1964544,12,231,0,1,0,1,0,0,0,1,0,0,0,1,0,0,1,1
file_4571518150a8181b403df4ae7ad54ce8b16ded0c.exe,C:\samples\malware\Kelihos\file_4571518150a8181b403df4ae7ad54ce8b16ded0c.exe,malware,Kelihos,5,0,5632,866816,0,4476,4096,4194304,4096,1024,332,267,4,0,4,4.437,1,2098862,872448,3,33,0,1,0,0,0,0,0,0,0,0,0,0,0,0,0,1
dumped.exe,C:\samples\malware\Kelihos\kelihos\dumped.exe,malware,kelihos,9,0,1144832,835072,0,882166,4096,4194304,4096,4096,332,267,5,1,5,3.616,0,1978505,1964544,12,231,0,1,0,1,0,0,0,1,0,0,0,1,0,0,1,1
file_4571518150a8181b403df4ae7ad54ce8b16ded0c.exe,C:\samples\malware\Kelihos\kelihos\file_4571518150a8181b403df4ae7ad54ce8b16ded0c.exe,malware,kelihos,5,0,5632,866816,0,4476,4096,4194304,4096,1024,332,267,4,0,4,4.437,1,2098862,872448,3,33,0,1,0,0,0,0,0,0,0,0,0,0,0,0,0,1
Fake Intel (1).exe,C:\samples\malware\Kelihos\kelihos\9B68B45AFA269BA1B0C01749FA4B942F\Fake Intel (1).exe,malware,9B68B45AFA269BA1B0C01749FA4B942F,2,19,131072,2428928,0,133508,4096,4194304,4096,4096,332,267,4,0,4,5.275,0,2551258,331776,8,163,0,1,0,1,0,0,0,1,0,0,0,1,0,0,1,1
ArdamaxKeylogger_E33AF9E602CBB7AC3634C2608150DD18,C:\samples\malware\Keylogger.Ardamax\ArdamaxKeylogger_E33AF9E602CBB7AC3634C2608150DD18,malware,Keylogger.Ardamax,9,0,9728,8704,0,13038,4096,4194304,4096,1024,332,267,4,0,4,4.241,0,17496,13824,3,40,0,1,0,0,0,0,0,1,0,0,0,1,0,0,0,1
CretClient.exe.vir,C:\samples\malware\KRBanker\KRBanker\KRBanker\CretClient.exe.vir,malware,KRBanker,8,0,237568,401408,0,142874,4096,4194304,4096,4096,332,267,4,0,4,5.286,0,648140,638976,15,364,0,1,0,1,0,0,0,1,0,0,0,1,0,0,1,1
HDSetup.exe.vir,C:\samples\malware\KRBanker\KRBanker\KRBanker\HDSetup.exe.vir,malware,KRBanker,6,0,24576,405504,0,6598,4096,4194304,4096,4096,332,267,4,0,4,4.322,0,420234,421888,4,66,0,1,0,0,0,0,0,1,0,0,0,1,0,0,1,1
Install_LiveManagerPlayer.exe.vir,C:\samples\malware\KRBanker\KRBanker\KRBanker\Install_LiveManagerPlayer.exe.vir,malware,KRBanker,9,0,72192,25600,0,46261,4096,4194304,4096,1024,332,267,5,1,5,3.968,0,160937,97792,10,165,0,1,0,1,0,0,0,1,0,0,0,1,0,0,0,0
1.vir,C:\samples\malware\KRBanker\KRBanker_20130523\1.vir,malware,KRBanker_20130523,2,25,7168,88576,0,11168,4096,4194304,4096,1024,332,267,6,3,6,4.596,1,96343,95744,3,28,0,1,0,1,0,0,0,0,0,0,0,1,0,0,1,1
2.unpacked.vir,C:\samples\malware\KRBanker\KRBanker_20130523\2.unpacked.vir,malware,KRBanker_20130523,2,25,10752,162816,0,14556,4096,320077824,4096,4096,332,267,6,3,6,3.888,0,174243,173568,3,40,0,1,0,1,0,0,0,0,0,0,0,1,0,0,0,1
2.vir,C:\samples\malware\KRBanker\KRBanker_20130523\2.vir,malware,KRBanker_20130523,2,25,86016,4096,114688,202720,118784,320077824,4096,4096,332,267,3,2,3,3.512,1,204800,84992,3,5,0,1,0,1,0,0,0,0,0,0,0,1,0,0,1,0
3.vir,C:\samples\malware\KRBanker\KRBanker_20130523\3.vir,malware,KRBanker_20130523,2,25,135168,22528,0,139092,4096,4194304,4096,1024,332,267,6,3,5,4.183,0,161575,157696,8,165,0,1,0,1,0,0,0,1,0,0,0,1,0,0,0,1
the_zeus_binary_chapros,C:\samples\malware\Linux.Chapros.A\Linux.Chapros.A\the_zeus_binary_chapros,malware,Linux.Chapros.A,9,0,53248,171008,0,6767,4096,4194304,4096,1024,332,267,4,0,4,6.082,1,231345,224256,2,81,0,0,0,0,0,0,0,1,0,0,0,1,0,0,0,0
011fe9974f07cb12ba30e69e7a84e5cb489ce14a81bced59a11031fc0c3681b7,C:\samples\malware\MustangPanda_20230922\MustangPanda_20230922\011fe9974f07cb12ba30e69e7a84e5cb489ce14a81bced59a11031fc0c3681b7,malware,MustangPanda_20230922,14,16,47616,8430592,0,8487101,4096,268435456,4096,512,332,267,2,2,2,6.774,1,8485939,880640,1,2,0,0,0,0,0,0,0,0,0,0,0,1,0,0,0,1
12534f7014b3338d8f9f86ff1bbeacf8c80ad03f1d0d19077ff0e406c58b5133,C:\samples\malware\MustangPanda_20230922\MustangPanda_20230922\12534f7014b3338d8f9f86ff1bbeacf8c80ad03f1d0d19077ff0e406c58b5133,malware,MustangPanda_20230922,3,0,2686976,4096,4775936,7463792,4780032,4194304,4096,4096,332,267,3,3,3,3.434,1,7467008,2684928,3,6,0,0,0,0,0,0,0,0,0,0,0,1,0,0,1,0
1874b20e3e802406c594341699c5863a2c07c4c79cf762888ee28142af83547f,C:\samples\malware\MustangPanda_20230922\MustangPanda_20230922\1874b20e3e802406c594341699c5863a2c07c4c79cf762888ee28142af83547f,malware,MustangPanda_20230922,9,0,92160,25600,0,61269,4096,268435456,4096,1024,332,267,5,0,5,4.697,0,116784,110592,1,71,0,0,0,0,0,0,0,1,0,0,0,1,0,0,1,1
31eb1de7e840a342fd468e558e5ab627bcb4c542a8fe01aec4d5ba01d539a0fc,C:\samples\malware\MustangPanda_20230922\MustangPanda_20230922\31eb1de7e840a342fd468e558e5ab627bcb4c542a8fe01aec4d5ba01d539a0fc,malware,MustangPanda_20230922,9,0,825856,475136,0,801516,4096,5368709120,4096,1024,34404,523,6,0,6,5.049,0,1298934,1296896,26,542,0,1,0,1,0,0,0,1,1,0,0,1,0,1,1,0
3c2fe308c0a563e06263bbacf793bbe9b2259d795fcc36b953793a7e499e7f71,C:\samples\malware\MustangPanda_20230922\MustangPanda_20230922\3c2fe308c0a563e06263bbacf793bbe9b2259d795fcc36b953793a7e499e7f71,malware,MustangPanda_20230922,9,0,37888,17408,0,7590,4096,4194304,4096,1024,332,267,5,0,5,4.774,0,62688,55296,2,96,0,0,0,0,0,0,0,1,0,0,0,1,0,0,1,0
4a8b7cfb2e33aa079ba51166591c7a210ad8b3c7c7f242fccf8cb2e71e8e40d5,C:\samples\malware\MustangPanda_20230922\MustangPanda_20230922\4a8b7cfb2e33aa079ba51166591c7a210ad8b3c7c7f242fccf8cb2e71e8e40d5,malware,MustangPanda_20230922,8,0,32256,604160,0,655370,589824,4194304,8192,1024,332,267,5,2,5,3.937,1,634348,636416,1,1,0,0,0,0,0,0,0,0,0,0,0,0,0,0,0,0
64ab1c1b19682026900d060b969ab3c3ab860988733b7e7bf3ba78a4ea0340b9,C:\samples\malware\MustangPanda_20230922\MustangPanda_20230922\64ab1c1b19682026900d060b969ab3c3ab860988733b7e7bf3ba78a4ea0340b9,malware,MustangPanda_20230922,10,0,147456,286720,0,71976,4096,5368709120,4096,1024,34404,523,6,0,6,4.944,0,443764,434176,3,104,0,0,0,0,0,0,0,1,0,0,0,1,0,0,0,0
66b7983831cbb952ceeb1ffff608880f1805f1df0b062cef4c17b258b7f478ce,C:\samples\malware\MustangPanda_20230922\MustangPanda_20230922\66b7983831cbb952ceeb1ffff608880f1805f1df0b062cef4c17b258b7f478ce,malware,MustangPanda_20230922,14,16,47104,402944,0,8137,4096,268435456,4096,1024,332,267,5,1,5,5.802,0,448375,446976,1,69,0,0,0,0,0,0,0,1,0,0,0,1,0,0,1,1
8129bd45466c2676b248c08bb0efcd9ccc8b684abf3435e290fcf4739c0a439f,C:\samples\malware\MustangPanda_20230922\MustangPanda_20230922\8129bd45466c2676b248c08bb0efcd9ccc8b684abf3435e290fcf4739c0a439f,malware,MustangPanda_20230922,14,29,402944,108544,0,286031,4096,268435456,4096,1024,332,267,5,0,5,5.137,0,510072,508416,4,147,0,0,0,0,0,0,0,1,0,0,0,1,0,0,0,1
8445aa54adf4d666e65084909a7b989a190ec6eca2844546c2e99a8cfb832fad,C:\samples\malware\MustangPanda_20230922\MustangPanda_20230922\8445aa54adf4d666e65084909a7b989a190ec6eca2844546c2e99a8cfb832fad,malware,MustangPanda_20230922,5,0,835584,417792,0,4684,4096,4194304,4096,1536,332,267,8,2,8,3.556,0,1380352,1319936,8,147,0,1,0,1,0,0,0,1,0,0,0,1,0,0,1,1
86140e6770fbd0cc6988f025d52bb4f59c0d78213c75451b42c9f812fe1a9354,C:\samples\malware\MustangPanda_20230922\MustangPanda_20230922\86140e6770fbd0cc6988f025d52bb4f59c0d78213c75451b42c9f812fe1a9354,malware,MustangPanda_20230922,14,0,311808,122880,0,176288,4096,29491200,4096,1024,332,267,9,4,9,3.009,0,432256,420864,2,124,0,0,0,0,0,0,0,1,1,0,0,1,0,0,0,0
a08e0d1839b86d0d56a52d07123719211a3c3d43a6aa05aa34531a72ed1207dc,C:\samples\malware\MustangPanda_20230922\MustangPanda_20230922\a08e0d1839b86d0d56a52d07123719211a3c3d43a6aa05aa34531a72ed1207dc,malware,MustangPanda_20230922,14,16,47616,942080,0,8448,4096,268435456,4096,1024,332,267,5,1,5,5.125,0,988451,987136,1,69,0,0,0,0,0,0,0,1,0,0,0,1,0,0,1,1
b000a0095a8fda38227103f253b6d79134b862a83df50315d7d9c5b537fd994b,C:\samples\malware\MustangPanda_20230922\MustangPanda_20230922\b000a0095a8fda38227103f253b6d79134b862a83df50315d7d9c5b537fd994b,malware,MustangPanda_20230922,14,0,128000,116736,0,30746,4096,4194304,4096,1024,332,267,6,1,6,5.09,1,283778,244736,3,94,0,0,0,0,0,0,0,1,1,0,0,1,0,0,1,0
conficker,C:\samples\malware\Net-Worm.Win32.Kido\conficker,malware,Net-Worm.Win32.Kido,7,0,61440,4096,28672,93712,32768,268435456,4096,4096,332,267,3,3,2,3.534,1,94208,61952,4,8,0,1,0,0,0,0,0,0,0,0,0,1,0,0,1,0
build_4_17_2014_id29303.bin,C:\samples\malware\Neurevt.1.7.0.1\changeme\Binary 1.7\build_4_17_2014_id29303.bin,malware,Binary 1.7,10,0,2560,137728,0,4618,4096,4194304,4096,1024,332,267,4,0,4,4.13,1,139302,140288,1,5,0,0,0,0,0,0,0,0,0,0,0,0,0,0,0,0
MiniConfigBuilder.exe,C:\samples\malware\Neurevt.1.7.0.1\changeme\Tools\MiniConfigBuilder.exe,malware,Tools,9,0,4608,7680,0,6875,4096,4194304,4096,1024,332,267,5,0,5,3.889,0,12024,12288,5,79,0,1,0,0,0,0,0,1,0,0,0,0,0,0,0,0
UpdateCheck.exe,C:\samples\malware\Neurevt.1.7.0.1\changeme\Tools\UpdateCheck.exe,malware,Tools,9,0,2560,4608,0,5059,4096,4194304,4096,1024,332,267,5,0,5,4.206,0,6662,7168,5,44,0,0,0,0,0,0,0,0,0,0,0,0,0,0,0,0
2a1f5a04025b7837d187ed8e9aaab7b5fff607327866e9bc9e5da83a84b56dda.bin,C:\samples\malware\Nitlove\2a1f5a04025b7837d187ed8e9aaab7b5fff607327866e9bc9e5da83a84b56dda.bin,malware,Nitlove,9,0,228864,28672,0,207906,4096,4194304,4096,1024,332,267,4,0,4,5.645,1,275606,257536,3,96,0,1,0,0,0,0,0,1,0,0,0,1,0,1,1,0
sample.exe,C:\samples\malware\Nivdort\sample.exe,malware,Nivdort,9,0,733696,190464,0,636583,4096,4194304,4096,1024,332,267,3,0,3,6.356,1,923574,891392,3,178,0,1,0,0,0,0,0,1,0,0,0,1,0,0,1,1
Mono.Cecil.dll,C:\samples\malware\njRAT-v0.6.4\njRAT-v0.6.4\Mono.Cecil.dll,malware,njRAT-v0.6.4,8,0,310272,1536,0,318190,8192,4194304,8192,512,332,267,3,0,3,2.938,0,310840,311808,1,1,0,0,0,0,0,0,0,0,0,0,0,0,0,0,0,0
NAudio.dll,C:\samples\malware\njRAT-v0.6.4\njRAT-v0.6.4\NAudio.dll,malware,njRAT-v0.6.4,8,0,389120,1536,0,396830,8192,4194304,8192,512,332,267,3,0,3,2.928,0,389560,390656,1,1,0,0,0,0,0,0,0,0,0,0,0,0,0,0,0,0
njRAT.exe,C:\samples\malware\njRAT-v0.6.4\njRAT-v0.6.4\njRAT.exe,malware,njRAT-v0.6.4,11,0,959488,21504,0,967646,8192,4194304,8192,1024,332,267,4,1,4,2.834,0,979992,980992,1,1,0,0,0,0,0,0,0,0,0,0,0,0,0,0,0,0
cam.dll,C:\samples\malware\njRAT-v0.6.4\njRAT-v0.6.4\Plugin\cam.dll,malware,Plugin,8,0,63488,1024,0,71662,8192,4194304,8192,512,332,267,3,0,3,2.013,0,63504,64512,1,1,0,0,0,0,0,0,0,0,0,0,0,0,0,0,0,0
ch.dll,C:\samples\malware\njRAT-v0.6.4\njRAT-v0.6.4\Plugin\ch.dll,malware,Plugin,8,0,11776,1024,0,19502,8192,4194304,8192,512,332,267,3,0,3,1.799,0,11344,12800,1,1,0,0,0,0,0,0,0,0,0,0,0,0,0,0,0,0
fm.dll,C:\samples\malware\njRAT-v0.6.4\njRAT-v0.6.4\Plugin\fm.dll,malware,Plugin,8,0,11776,1024,0,19758,8192,4194304,8192,512,332,267,3,0,3,1.839,0,11600,12800,1,1,0,0,0,0,0,0,0,0,0,0,0,0,0,0,0,0
Mic.dll,C:\samples\malware\njRAT-v0.6.4\njRAT-v0.6.4\Plugin\Mic.dll,malware,Plugin,8,0,415744,1024,0,423462,8192,4194304,8192,512,332,267,3,0,3,1.937,0,415320,416768,1,1,0,0,0,0,0,0,0,0,0,0,0,0,0,0,0,0
pw.dll,C:\samples\malware\njRAT-v0.6.4\njRAT-v0.6.4\Plugin\pw.dll,malware,Plugin,8,0,38400,1024,0,46542,8192,4194304,8192,512,332,267,3,0,3,1.945,0,38384,39424,1,1,0,0,0,0,0,0,0,0,0,0,0,0,0,0,0,0
sc2.dll,C:\samples\malware\njRAT-v0.6.4\njRAT-v0.6.4\Plugin\sc2.dll,malware,Plugin,8,0,9216,1024,0,17118,8192,4194304,8192,512,332,267,3,0,3,1.839,0,8960,10240,1,1,0,0,0,0,0,0,0,0,0,0,0,0,0,0,0,0
6B97B3CD2FCFB4B74985143230441463_Gadget.exe_,C:\samples\malware\PlugX\6B97B3CD2FCFB4B74985143230441463_Gadget.exe_,malware,PlugX,6,0,4096,12288,0,4148,4096,4194304,4096,4096,332,267,4,0,4,1.151,0,3010,16384,2,18,0,0,0,0,0,0,0,0,0,0,0,1,0,0,0,1
901FA02FFD43DE5B2D7C8C6B8C2F6A43_SideBar.dll_,C:\samples\malware\PlugX\901FA02FFD43DE5B2D7C8C6B8C2F6A43_SideBar.dll_,malware,PlugX,9,0,26112,14848,0,5086,4096,268435456,4096,1024,332,267,5,0,5,4.709,0,50850,40960,1,66,0,0,0,0,0,0,0,1,0,0,0,1,0,0,1,1
C116CD083284CC599C024C3479CA9B70_2.tmp_,C:\samples\malware\PlugX\C116CD083284CC599C024C3479CA9B70_2.tmp_,malware,PlugX,8,0,25600,216064,0,5278,4096,4194304,4096,1024,332,267,4,0,4,4.813,1,240242,229888,2,69,0,1,0,0,0,0,0,1,1,0,0,1,0,0,1,1
PlugX_3C74A85C2CF883BD9D4B9F8B9746030F_DW20.dll_,C:\samples\malware\PlugX\PlugX_3C74A85C2CF883BD9D4B9F8B9746030F_DW20.dll_,malware,PlugX,5,12,512,4608,0,4096,4096,268435456,4096,1024,332,267,4,0,4,2.232,0,4093,1536,1,12,0,0,0,0,0,0,0,1,0,0,0,0,0,0,0,0
Potao_1stVersion_0C7183D761F15772B7E9C788BE601D29,C:\samples\malware\PotaoExpress\Potao Express\Potao_1stVersion\Potao_1stVersion_0C7183D761F15772B7E9C788BE601D29,malware,Potao_1stVersion,7,1,53248,8192,286720,342928,290816,4194304,4096,4096,332,267,3,2,3,4.394,1,348160,59392,8,13,0,1,0,0,0,0,0,0,0,0,0,1,0,0,1,0
Potao_1stVersion_14634D446471B9E2F55158D9AC09D0B2,C:\samples\malware\PotaoExpress\Potao Express\Potao_1stVersion\Potao_1stVersion_14634D446471B9E2F55158D9AC09D0B2,malware,Potao_1stVersion,9,3,65536,12288,352256,418304,356352,4194304,4096,4096,332,267,3,2,3,4.487,1,430080,74240,6,11,0,1,0,0,0,0,0,0,0,0,0,1,0,0,1,0
Potao_1stVersion_3B7D88A069631111D5585B1B10CCCC86,C:\samples\malware\PotaoExpress\Potao Express\Potao_1stVersion\Potao_1stVersion_3B7D88A069631111D5585B1B10CCCC86,malware,Potao_1stVersion,10,0,8704,92160,0,11126,4096,4194304,4096,1024,332,267,4,0,3,5.741,1,101120,100864,2,33,0,0,0,0,0,0,0,0,0,0,0,1,0,0,1,1
Potao_1stVersion_502F35002B1A95F1AE135BAFF6CFF836,C:\samples\malware\PotaoExpress\Potao Express\Potao_1stVersion\Potao_1stVersion_502F35002B1A95F1AE135BAFF6CFF836,malware,Potao_1stVersion,10,0,8192,32256,0,11044,4096,4194304,4096,1024,332,267,4,0,4,5.187,1,39886,40448,4,22,0,1,0,0,0,0,0,0,0,0,0,1,0,0,0,1
Potao_1stVersion_85B0E3264820008A30F17CA19332FA19,C:\samples\malware\PotaoExpress\Potao Express\Potao_1stVersion\Potao_1stVersion_85B0E3264820008A30F17CA19332FA19,malware,Potao_1stVersion,6,2,57344,8192,286720,346688,290816,4194304,4096,4096,332,267,3,2,3,4.396,1,352256,62976,7,12,0,1,0,0,0,0,0,0,0,0,0,1,0,0,1,0
Potao_1stVersion_A35E48909A49334A7EBB5448A78DCFF9,C:\samples\malware\PotaoExpress\Potao Express\Potao_1stVersion\Potao_1stVersion_A35E48909A49334A7EBB5448A78DCFF9,malware,Potao_1stVersion,5,3,61440,12288,356352,417984,360448,4194304,4096,4096,332,267,3,2,3,4.455,1,430080,70144,5,10,0,1,0,0,0,0,0,0,0,0,0,1,0,0,1,0
Potao_1stVersion_A446CED5DB1DE877CF78F77741E2A804,C:\samples\malware\PotaoExpress\Potao Express\Potao_1stVersion\Potao_1stVersion_A446CED5DB1DE877CF78F77741E2A804,malware,Potao_1stVersion,10,0,9216,44544,0,12030,4096,4194304,4096,1024,332,267,4,0,4,5.64,1,53490,53760,2,23,0,0,0,0,0,0,0,0,0,0,0,1,0,0,1,1
Potao_1stVersion_AC854A3C91D52BFC09605506E76975AE,C:\samples\malware\PotaoExpress\Potao Express\Potao_1stVersion\Potao_1stVersion_AC854A3C91D52BFC09605506E76975AE,malware,Potao_1stVersion,10,0,10240,14848,0,13212,4096,4194304,4096,1024,332,267,3,0,3,6.236,1,24834,25088,2,23,0,0,0,0,0,0,0,0,0,0,0,1,0,0,1,1
Potao_1stVersion_D1658B792DD1569ABC27966083F59D44,C:\samples\malware\PotaoExpress\Potao Express\Potao_1stVersion\Potao_1stVersion_D1658B792DD1569ABC27966083F59D44,malware,Potao_1stVersion,9,1,69632,12288,348160,418144,352256,4194304,4096,4096,332,267,3,2,2,4.449,1,430080,78848,10,15,0,1,0,0,0,0,0,0,0,0,0,1,0,0,1,0
Potao_1stVersion_D939A05E1E3C9D7B6127D503C025DBC4,C:\samples\malware\PotaoExpress\Potao Express\Potao_1stVersion\Potao_1stVersion_D939A05E1E3C9D7B6127D503C025DBC4,malware,Potao_1stVersion,7,1,69632,12288,356352,429216,360448,4194304,4096,4096,332,267,3,2,1,4.449,1,438272,81920,9,14,0,1,0,0,0,0,0,0,0,0,0,1,0,0,1,0
Potao_DebugVersion_5199FCD031987834ED3121FB316F4970,C:\samples\malware\PotaoExpress\Potao Express\Potao_DebugVersion\Potao_DebugVersion_5199FCD031987834ED3121FB316F4970,malware,Potao_DebugVersion,11,0,12288,222720,0,14368,4096,4194304,4096,1024,332,267,6,1,6,5.345,0,233873,231936,6,31,0,1,0,0,0,0,0,0,0,0,0,0,0,0,0,1
Potao_DebugVersion_7263A328F0D47C76B4E103546B648484,C:\samples\malware\PotaoExpress\Potao Express\Potao_DebugVersion\Potao_DebugVersion_7263A328F0D47C76B4E103546B648484,malware,Potao_DebugVersion,11,0,12288,42496,0,14368,4096,4194304,4096,1024,332,267,6,1,6,5.43,0,53909,51712,6,31,0,1,0,0,0,0,0,0,0,0,0,0,0,0,0,1
Potao_DebugVersion_BDC9255DF5385F534FEA83B497C371C8,C:\samples\malware\PotaoExpress\Potao Express\Potao_DebugVersion\Potao_DebugVersion_BDC9255DF5385F534FEA83B497C371C8,malware,Potao_DebugVersion,11,0,12288,42496,0,14368,4096,4194304,4096,1024,332,267,6,1,6,5.421,0,53845,51712,6,31,0,1,0,0,0,0,0,0,0,0,0,0,0,0,0,1
Potao_Droppersfrompostalsites_07E99B2F572B84AF5C4504C23F1653BB,C:\samples\malware\PotaoExpress\Potao Express\Potao_Droppersfrompostalsites\Potao_Droppersfrompostalsites_07E99B2F572B84AF5C4504C23F1653BB,malware,Potao_Droppersfrompostalsites,11,0,97280,53760,0,4711,4096,4194304,4096,1024,332,267,5,0,5,4.314,0,149710,141312,3,65,0,1,0,0,0,0,0,1,0,0,0,1,0,0,1,0
Potao_Droppersfrompostalsites_1927A80CD45F0D27B1AE034C11DDEDB0,C:\samples\malware\PotaoExpress\Potao Express\Potao_Droppersfrompostalsites\Potao_Droppersfrompostalsites_1927A80CD45F0D27B1AE034C11DDEDB0,malware,Potao_Droppersfrompostalsites,10,0,52736,51200,0,28358,4096,4194304,4096,1024,332,267,4,0,4,5.329,0,113382,103936,2,81,0,1,0,0,0,0,0,1,0,0,0,1,0,0,0,1
Potao_Droppersfrompostalsites_579AD4A596602A10B7CF4659B6B6909D,C:\samples\malware\PotaoExpress\Potao Express\Potao_Droppersfrompostalsites\Potao_Droppersfrompostalsites_579AD4A596602A10B7CF4659B6B6909D,malware,Potao_Droppersfrompostalsites,11,0,98816,51712,0,100928,4096,4194304,4096,1024,332,267,5,0,5,4.386,0,149554,141312,3,55,0,1,0,0,0,0,0,1,0,0,0,1,0,0,1,0
Potao_Droppersfrompostalsites_65F494580C95E10541D1F377C0A7BD49,C:\samples\malware\PotaoExpress\Potao Express\Potao_Droppersfrompostalsites\Potao_Droppersfrompostalsites_65F494580C95E10541D1F377C0A7BD49,malware,Potao_Droppersfrompostalsites,10,0,62464,79872,0,4767,4096,4194304,4096,1024,332,267,5,0,5,4.62,0,141702,132608,3,77,0,1,0,0,0,0,0,1,0,0,0,1,0,0,0,0
Potao_Droppersfrompostalsites_A4B0615CB639607E6905437DD900C059,C:\samples\malware\PotaoExpress\Potao Express\Potao_Droppersfrompostalsites\Potao_Droppersfrompostalsites_A4B0615CB639607E6905437DD900C059,malware,Potao_Droppersfrompostalsites,11,0,62464,79872,0,5124,4096,4194304,4096,1024,332,267,5,1,5,4.639,0,141504,132608,3,71,0,1,0,0,0,0,0,1,0,0,0,1,0,0,0,1
Potao_Droppersfrompostalsites_E64EB8B571F655B744C9154D8032CAEF,C:\samples\malware\PotaoExpress\Potao Express\Potao_Droppersfrompostalsites\Potao_Droppersfrompostalsites_E64EB8B571F655B744C9154D8032CAEF,malware,Potao_Droppersfrompostalsites,11,0,84992,60928,0,5115,4096,4194304,4096,1024,332,267,5,0,5,4.327,0,144442,136192,3,72,0,1,0,0,0,0,0,1,0,0,0,1,0,0,0,1
Potao_Dropperswdecoy_5A24A7370F35DBDBB81ADF52E769A442,C:\samples\malware\PotaoExpress\Potao Express\Potao_Dropperswdecoy\Potao_Dropperswdecoy_5A24A7370F35DBDBB81ADF52E769A442,malware,Potao_Dropperswdecoy,10,0,3072,73728,0,6654,4096,4194304,4096,1024,332,267,5,1,5,6.497,1,76680,76800,3,25,0,0,0,0,0,0,0,0,0,0,0,1,0,0,1,1
Potao_Dropperswdecoy_73E7EE83133A175B815059F1AF79AB1B,C:\samples\malware\PotaoExpress\Potao Express\Potao_Dropperswdecoy\Potao_Dropperswdecoy_73E7EE83133A175B815059F1AF79AB1B,malware,Potao_Dropperswdecoy,10,0,31744,89088,0,8561,4096,4194304,4096,1024,332,267,5,1,5,5.905,0,119606,113152,5,86,0,1,0,0,0,0,0,1,0,0,0,1,0,0,0,1
Potao_Dropperswdecoy_B4D909077AA25F31386722E716A5305C,C:\samples\malware\PotaoExpress\Potao Express\Potao_Dropperswdecoy\Potao_Dropperswdecoy_B4D909077AA25F31386722E716A5305C,malware,Potao_Dropperswdecoy,10,0,71680,104448,0,49255,4096,4194304,4096,1024,332,267,4,0,4,5.985,0,175032,167936,5,87,0,1,0,0,0,0,0,1,0,0,0,1,0,0,0,1
Potao_Dropperswdecoy_D755E52BA5658A639C778C22D1A906A3,C:\samples\malware\PotaoExpress\Potao Express\Potao_Dropperswdecoy\Potao_Dropperswdecoy_D755E52BA5658A639C778C22D1A906A3,malware,Potao_Dropperswdecoy,10,0,1008128,124416,0,8577,4096,4194304,4096,1024,332,267,4,0,4,5.782,0,1131712,1124864,5,87,0,1,0,0,0,0,0,1,0,0,0,1,0,0,0,1
Potao_Dropperswdecoy_EEBBCB1ED5F5606AEC296168DEE39166,C:\samples\malware\PotaoExpress\Potao Express\Potao_Dropperswdecoy\Potao_Dropperswdecoy_EEBBCB1ED5F5606AEC296168DEE39166,malware,Potao_Dropperswdecoy,10,0,4608,82432,0,7982,4096,4194304,4096,1024,332,267,5,1,5,5.635,0,86270,87040,3,25,0,0,0,0,0,0,0,0,0,0,0,1,0,0,1,1
Potao_Dropperswdecoy_FC4B285088413127B6D827656B9D0481,C:\samples\malware\PotaoExpress\Potao Express\Potao_Dropperswdecoy\Potao_Dropperswdecoy_FC4B285088413127B6D827656B9D0481,malware,Potao_Dropperswdecoy,10,0,4608,66048,0,7982,4096,4194304,4096,1024,332,267,5,1,5,6.326,0,70338,70656,3,25,0,0,0,0,0,0,0,0,0,0,0,1,0,0,1,1
Potao_FakeTrueCryptextracted exe_7CA6101C2AE4838FBBD7CEB0B2354E43,C:\samples\malware\PotaoExpress\Potao Express\Potao_FakeTrueCryptextracted exe\Potao_FakeTrueCryptextracted exe_7CA6101C2AE4838FBBD7CEB0B2354E43,malware,Potao_FakeTrueCryptextracted exe,9,0,1782272,1384448,0,1521704,4096,4194304,4096,1024,332,267,4,0,4,6.287,0,3372895,3166720,14,427,0,1,0,1,0,0,0,1,0,0,0,1,1,0,1,1
Potao_FakeTrueCryptextracted exe_B64DBE5817B24D17A0404E9B2606AD96,C:\samples\malware\PotaoExpress\Potao Express\Potao_FakeTrueCryptextracted exe\Potao_FakeTrueCryptextracted exe_B64DBE5817B24D17A0404E9B2606AD96,malware,Potao_FakeTrueCryptextracted exe,9,0,1782272,1384448,0,1519918,4096,4194304,4096,1024,332,267,4,0,4,6.287,0,3373023,3166720,15,428,0,1,0,1,0,0,0,1,0,0,0,1,1,0,1,1
Potao_FakeTrueCryptextracted exe_C1F715FF0AFC78AF81D215D485CC235C,C:\samples\malware\PotaoExpress\Potao Express\Potao_FakeTrueCryptextracted exe\Potao_FakeTrueCryptextracted exe_C1F715FF0AFC78AF81D215D485CC235C,malware,Potao_FakeTrueCryptextracted exe,10,0,2557440,1649664,0,1262672,4096,4194304,4096,1024,332,267,6,1,6,4.323,0,5438311,3970048,12,427,0,1,0,1,0,0,0,1,0,0,0,1,1,0,1,1
Potao_FakeTrueCryptextracted exe_F64704ED25F4C728AF996EEE3EE85411,C:\samples\malware\PotaoExpress\Potao Express\Potao_FakeTrueCryptextracted exe\Potao_FakeTrueCryptextracted exe_F64704ED25F4C728AF996EEE3EE85411,malware,Potao_FakeTrueCryptextracted exe,9,0,1783808,1384448,0,1521854,4096,4194304,4096,1024,332,267,4,0,4,6.287,0,3374103,3168256,14,427,0,1,0,1,0,0,0,1,0,0,0,1,1,0,1,1
Potao_FakeTrueCryptSetup_83F3EC97A95595EBE40A75E94C98A7BD,C:\samples\malware\PotaoExpress\Potao Express\Potao_FakeTrueCryptSetup\Potao_FakeTrueCryptSetup_83F3EC97A95595EBE40A75E94C98A7BD,malware,Potao_FakeTrueCryptSetup,10,0,265728,976384,0,170153,4096,4194304,4096,1024,332,267,4,0,4,5.677,0,1240847,1061888,10,280,0,1,0,1,0,0,0,1,0,0,0,1,0,0,1,1
Potao_FakeTrueCryptSetup_BABD17701CBE876149DC07E68EC7CA4F,C:\samples\malware\PotaoExpress\Potao Express\Potao_FakeTrueCryptSetup\Potao_FakeTrueCryptSetup_BABD17701CBE876149DC07E68EC7CA4F,malware,Potao_FakeTrueCryptSetup,9,0,263168,914432,0,164723,4096,4194304,4096,1024,332,267,4,0,4,5.721,0,1356034,1177600,10,279,0,1,0,1,0,0,0,1,0,0,0,1,0,0,1,1
Potao_FakeTrueCryptSetup_CFC8901FE6A9A8299087BFC73AE8909E,C:\samples\malware\PotaoExpress\Potao Express\Potao_FakeTrueCryptSetup\Potao_FakeTrueCryptSetup_CFC8901FE6A9A8299087BFC73AE8909E,malware,Potao_FakeTrueCryptSetup,9,0,263168,914432,0,164723,4096,4194304,4096,1024,332,267,4,0,4,5.721,0,1356034,1177600,10,279,0,1,0,1,0,0,0,1,0,0,0,1,0,0,1,1
Potao_FakeTrueCryptSetup_F34B77F7B2233EE6F727D59FB28F438A,C:\samples\malware\PotaoExpress\Potao Express\Potao_FakeTrueCryptSetup\Potao_FakeTrueCryptSetup_F34B77F7B2233EE6F727D59FB28F438A,malware,Potao_FakeTrueCryptSetup,9,0,263168,914432,0,164723,4096,4194304,4096,1024,332,267,4,0,4,5.721,0,1356034,1177600,10,279,0,1,0,1,0,0,0,1,0,0,0,1,0,0,1,1
Potao_OtherDroppers_02D438DF779AFFDDAF02CA995C60CECB,C:\samples\malware\PotaoExpress\Potao Express\Potao_OtherDroppers\Potao_OtherDroppers_02D438DF779AFFDDAF02CA995C60CECB,malware,Potao_OtherDroppers,10,0,13312,18944,0,8280,4096,4194304,4096,1024,332,267,4,0,4,5.964,0,33797,32256,3,24,0,1,0,0,0,0,0,0,0,0,0,0,0,0,0,1
Potao_OtherDroppers_043F99A875424CA0023A21739DBA51EF,C:\samples\malware\PotaoExpress\Potao Express\Potao_OtherDroppers\Potao_OtherDroppers_043F99A875424CA0023A21739DBA51EF,malware,Potao_OtherDroppers,10,0,15360,22016,0,4108,4096,4194304,4096,1024,332,267,4,0,4,4.745,0,36204,33792,3,37,0,1,0,0,0,0,0,0,0,0,0,0,0,0,0,1
Potao_OtherDroppers_11B4E7EA6BAE19A29343AE3FF3FB00CA,C:\samples\malware\PotaoExpress\Potao Express\Potao_OtherDroppers\Potao_OtherDroppers_11B4E7EA6BAE19A29343AE3FF3FB00CA,malware,Potao_OtherDroppers,11,0,62976,79872,0,5134,4096,4194304,4096,1024,332,267,5,0,5,4.647,0,142250,133120,3,89,0,1,0,0,0,0,0,1,0,0,0,1,0,0,0,1
Potao_OtherDroppers_1AB8D45656E245ACA4E59AA0519F6BA0,C:\samples\malware\PotaoExpress\Potao Express\Potao_OtherDroppers\Potao_OtherDroppers_1AB8D45656E245ACA4E59AA0519F6BA0,malware,Potao_OtherDroppers,10,0,5632,39424,0,5609,4096,4194304,4096,1024,332,267,5,1,5,5.81,0,44098,41472,4,29,0,1,0,0,0,0,0,0,0,0,0,0,0,0,0,0
Potao_OtherDroppers_27D74523B182AE630C4E5236897E11F3,C:\samples\malware\PotaoExpress\Potao Express\Potao_OtherDroppers\Potao_OtherDroppers_27D74523B182AE630C4E5236897E11F3,malware,Potao_OtherDroppers,11,0,70656,69632,0,10720,4096,4194304,4096,1024,332,267,5,0,5,4.446,0,139826,129536,6,78,0,1,0,0,0,0,0,1,0,0,0,1,0,0,0,1
Potao_OtherDroppers_360DF4C2F2B99052C07E08EDBE15AB2C,C:\samples\malware\PotaoExpress\Potao Express\Potao_OtherDroppers\Potao_OtherDroppers_360DF4C2F2B99052C07E08EDBE15AB2C,malware,Potao_OtherDroppers,10,0,62976,79872,0,5134,4096,4194304,4096,1024,332,267,5,0,5,4.632,0,142250,133120,3,89,0,1,0,0,0,0,0,1,0,0,0,1,0,0,0,1
Potao_OtherDroppers_38E708FEA8016520CB25D3CB933F2244,C:\samples\malware\PotaoExpress\Potao Express\Potao_OtherDroppers\Potao_OtherDroppers_38E708FEA8016520CB25D3CB933F2244,malware,Potao_OtherDroppers,11,0,97280,61440,0,98864,4096,4194304,4096,1024,332,267,5,0,5,4.282,0,157190,149504,3,55,0,1,0,0,0,0,0,1,0,0,0,1,0,0,1,1
Potao_OtherDroppers_6BA88E8E74B12C914483C026AE92EB42,C:\samples\malware\PotaoExpress\Potao Express\Potao_OtherDroppers\Potao_OtherDroppers_6BA88E8E74B12C914483C026AE92EB42,malware,Potao_OtherDroppers,11,0,64512,80896,0,5124,4096,4194304,4096,1024,332,267,5,0,5,4.586,0,144240,135680,3,70,0,1,0,0,0,0,0,1,0,0,0,1,0,0,0,1
Potao_OtherDroppers_89A3EA3967745E04199EBF222494452E,C:\samples\malware\PotaoExpress\Potao Express\Potao_OtherDroppers\Potao_OtherDroppers_89A3EA3967745E04199EBF222494452E,malware,Potao_OtherDroppers,10,0,5632,41472,0,5697,4096,4194304,4096,1024,332,267,5,1,5,5.827,0,45770,43520,4,29,0,1,0,0,0,0,0,0,0,0,0,0,0,0,0,0
Potao_USBSpreaders_057028E46EA797834DA401E4DB7C860A,C:\samples\malware\PotaoExpress\Potao Express\Potao_USBSpreaders\Potao_USBSpreaders_057028E46EA797834DA401E4DB7C860A,malware,Potao_USBSpreaders,10,0,121344,126976,0,53777,4096,4194304,4096,1024,332,267,7,1,7,5.97,1,254920,248320,5,94,0,1,0,0,0,0,0,1,0,0,0,1,0,0,1,0
Potao_USBSpreaders_1234BF4F0F5DEBC800D85C1BD2255671,C:\samples\malware\PotaoExpress\Potao Express\Potao_USBSpreaders\Potao_USBSpreaders_1234BF4F0F5DEBC800D85C1BD2255671,malware,Potao_USBSpreaders,10,0,121344,126976,0,53777,4096,4194304,4096,1024,332,267,7,1,7,5.963,1,254888,248320,5,94,0,1,0,0,0,0,0,1,0,0,0,1,0,0,1,0
Potao_USBSpreaders_2646F7159E1723F089D63E08C8BFAFFB,C:\samples\malware\PotaoExpress\Potao Express\Potao_USBSpreaders\Potao_USBSpreaders_2646F7159E1723F089D63E08C8BFAFFB,malware,Potao_USBSpreaders,10,0,82432,134656,0,14423,4096,4194304,4096,1024,332,267,5,0,5,6.058,0,215462,217088,4,94,0,1,0,0,0,0,0,1,0,0,0,1,0,0,1,0
Potao_USBSpreaders_2BD0D2B5EE4E93717EA71445B102E38E,C:\samples\malware\PotaoExpress\Potao Express\Potao_USBSpreaders\Potao_USBSpreaders_2BD0D2B5EE4E93717EA71445B102E38E,malware,Potao_USBSpreaders,10,0,87552,135168,0,20567,4096,4194304,4096,1024,332,267,5,0,4,6.133,1,221524,222720,4,92,0,1,0,0,0,0,0,1,0,0,0,1,0,0,1,0
Potao_USBSpreaders_35724E234F6258E601257FB219DB9079,C:\samples\malware\PotaoExpress\Potao Express\Potao_USBSpreaders\Potao_USBSpreaders_35724E234F6258E601257FB219DB9079,malware,Potao_USBSpreaders,10,0,18432,31232,0,21774,4096,4194304,4096,1024,332,267,4,0,4,5.901,0,48846,49664,5,36,0,1,0,0,0,0,0,0,0,0,0,1,0,0,1,1
Potao_USBSpreaders_3813B848162261CC5982DD64C741B450,C:\samples\malware\PotaoExpress\Potao Express\Potao_USBSpreaders\Potao_USBSpreaders_3813B848162261CC5982DD64C741B450,malware,Potao_USBSpreaders,9,0,92160,130048,0,24129,4096,4194304,4096,1024,332,267,7,1,7,5.94,1,228536,222208,5,94,0,1,0,0,0,0,0,1,0,0,0,1,0,0,1,0
Potao_USBSpreaders_39B67CC6DAE5214328022C44F28CED8B,C:\samples\malware\PotaoExpress\Potao Express\Potao_USBSpreaders\Potao_USBSpreaders_39B67CC6DAE5214328022C44F28CED8B,malware,Potao_USBSpreaders,10,0,82432,134656,0,14423,4096,4194304,4096,1024,332,267,5,0,5,6.058,0,215462,217088,4,94,0,1,0,0,0,0,0,1,0,0,0,1,0,0,1,0
Potao_USBSpreaders_514423670DE210F13092D6CB8916748E,C:\samples\malware\PotaoExpress\Potao Express\Potao_USBSpreaders\Potao_USBSpreaders_514423670DE210F13092D6CB8916748E,malware,Potao_USBSpreaders,10,0,87552,135168,0,20567,4096,4194304,4096,1024,332,267,5,0,4,6.134,1,222000,222720,4,92,0,1,0,0,0,0,0,1,0,0,0,1,0,0,1,0
Potao_USBSpreaders_542B00F903F945AD3A9291CB0AF73446,C:\samples\malware\PotaoExpress\Potao Express\Potao_USBSpreaders\Potao_USBSpreaders_542B00F903F945AD3A9291CB0AF73446,malware,Potao_USBSpreaders,10,0,32768,54784,0,36254,4096,4194304,4096,1024,332,267,5,0,5,5.806,1,86432,87552,5,36,0,1,0,0,0,0,0,0,0,0,0,1,0,0,1,1
Potao_USBSpreaders_609ABB2A86C324BBB9BA1E253595E573,C:\samples\malware\PotaoExpress\Potao Express\Potao_USBSpreaders\Potao_USBSpreaders_609ABB2A86C324BBB9BA1E253595E573,malware,Potao_USBSpreaders,10,0,78336,128512,0,13319,4096,4194304,4096,1024,332,267,5,0,5,6.058,0,206152,206848,4,95,0,1,0,0,0,0,0,1,0,0,0,1,0,0,1,0
Potao_USBSpreaders_76DDA7CA15323FD658054E0550149B7B,C:\samples\malware\PotaoExpress\Potao Express\Potao_USBSpreaders\Potao_USBSpreaders_76DDA7CA15323FD658054E0550149B7B,malware,Potao_USBSpreaders,10,0,17920,30208,0,21342,4096,4194304,4096,1024,332,267,4,0,4,5.838,0,47566,48128,5,36,0,1,0,0,0,0,0,0,0,0,0,1,0,0,1,1
Potao_USBSpreaders_9179F4683ECE450C1AC7A819B32BDB6D,C:\samples\malware\PotaoExpress\Potao Express\Potao_USBSpreaders\Potao_USBSpreaders_9179F4683ECE450C1AC7A819B32BDB6D,malware,Potao_USBSpreaders,10,0,82432,134656,0,14423,4096,4194304,4096,1024,332,267,5,0,5,6.068,0,215456,217088,4,94,0,1,0,0,0,0,0,1,0,0,0,1,0,0,1,0
Potao_USBSpreaders_A2BB01B764491DD61FA3A7BA5AFC709C,C:\samples\malware\PotaoExpress\Potao Express\Potao_USBSpreaders\Potao_USBSpreaders_A2BB01B764491DD61FA3A7BA5AFC709C,malware,Potao_USBSpreaders,9,0,92160,125440,0,24129,4096,4194304,4096,1024,332,267,7,1,7,5.875,0,222698,217600,5,94,0,1,0,0,0,0,0,1,0,0,0,1,0,0,1,0
Potao_USBSpreaders_A427FF7ABB17AF6CF5FB70C49E9BF4E1,C:\samples\malware\PotaoExpress\Potao Express\Potao_USBSpreaders\Potao_USBSpreaders_A427FF7ABB17AF6CF5FB70C49E9BF4E1,malware,Potao_USBSpreaders,10,0,17920,30208,0,21342,4096,4194304,4096,1024,332,267,4,0,4,5.84,0,47550,48128,5,36,0,1,0,0,0,0,0,0,0,0,0,1,0,0,1,1
Potao_USBSpreaders_A59053CC3F66E72540634EB7895824AC,C:\samples\malware\PotaoExpress\Potao Express\Potao_USBSpreaders\Potao_USBSpreaders_A59053CC3F66E72540634EB7895824AC,malware,Potao_USBSpreaders,10,0,78848,153600,0,13447,4096,4194304,4096,1024,332,267,5,0,5,5.798,0,231303,232448,5,98,0,1,0,0,0,0,0,1,0,0,0,1,0,0,1,1
Potao_USBSpreaders_ABB9F4FAB64DD7A03574ABDD1076B5EA,C:\samples\malware\PotaoExpress\Potao Express\Potao_USBSpreaders\Potao_USBSpreaders_ABB9F4FAB64DD7A03574ABDD1076B5EA,malware,Potao_USBSpreaders,10,0,33792,143360,0,12935,4096,4194304,4096,1024,332,267,5,0,5,5.763,0,176333,177152,4,86,0,1,0,0,0,0,0,1,0,0,0,1,0,0,1,1
Potao_USBSpreaders_AE552FC43F1BA8684655D8BF8C6AF869,C:\samples\malware\PotaoExpress\Potao Express\Potao_USBSpreaders\Potao_USBSpreaders_AE552FC43F1BA8684655D8BF8C6AF869,malware,Potao_USBSpreaders,10,0,78848,132096,0,13463,4096,4194304,4096,1024,332,267,5,0,5,6.058,0,209449,210944,4,95,0,1,0,0,0,0,0,1,0,0,0,1,0,0,1,0
Potao_USBSpreaders_CA1A3618088F91B8FB2A30C9A9AA4ACA,C:\samples\malware\PotaoExpress\Potao Express\Potao_USBSpreaders\Potao_USBSpreaders_CA1A3618088F91B8FB2A30C9A9AA4ACA,malware,Potao_USBSpreaders,10,0,121344,136192,0,53777,4096,4194304,4096,1024,332,267,7,1,7,5.987,1,263328,257536,5,94,0,1,0,0,0,0,0,1,0,0,0,1,0,0,1,0
Potao_USBSpreaders_CDC60EB93B594FB5E7E5895E2B441240,C:\samples\malware\PotaoExpress\Potao Express\Potao_USBSpreaders\Potao_USBSpreaders_CDC60EB93B594FB5E7E5895E2B441240,malware,Potao_USBSpreaders,9,0,92160,130048,0,24129,4096,4194304,4096,1024,332,267,7,1,7,5.935,1,228530,222208,5,94,0,1,0,0,0,0,0,1,0,0,0,1,0,0,1,0
Potao_USBSpreaders_E685EA8B37F707F3706D7281B8F6816A,C:\samples\malware\PotaoExpress\Potao Express\Potao_USBSpreaders\Potao_USBSpreaders_E685EA8B37F707F3706D7281B8F6816A,malware,Potao_USBSpreaders,10,0,87552,135168,0,20599,4096,4194304,4096,1024,332,267,5,0,5,5.961,0,221080,222720,4,92,0,1,0,0,0,0,0,1,0,0,0,1,0,0,1,0
dropper.ex_,C:\samples\malware\Poweliks\dropper.ex_,malware,Poweliks,11,0,17362,31232,0,22571,4096,4194304,4096,1024,332,267,6,2,6,4.864,0,69157,70656,4,74,0,1,0,0,0,0,0,0,0,0,0,0,0,0,0,0
payload.dll,C:\samples\malware\Poweliks\payload.dll,malware,Poweliks,10,0,5120,36865024,0,36880988,4096,268435456,4096,512,332,267,2,2,2,5.929,0,36877591,10240,10,11,0,0,0,0,0,0,0,0,0,0,0,1,0,0,0,1
unpacked_dropper.ex_,C:\samples\malware\Poweliks\unpacked_dropper.ex_,malware,Poweliks,10,0,5632,23040,0,8916,4096,4194304,4096,1024,332,267,4,0,4,5.195,0,27474,27136,11,69,0,0,0,1,0,0,0,0,1,0,0,1,0,0,0,1
cerber.exe,C:\samples\malware\Ransomware.Cerber\cerber.exe,malware,Ransomware.Cerber,9,0,323072,294912,0,324832,4096,4194304,4096,1024,332,267,4,0,4,4.742,0,617296,617984,8,317,0,1,0,0,0,0,0,1,1,0,0,1,0,0,1,1
cryptowall.bin,C:\samples\malware\Ransomware.Cryptowall\cryptowall.bin,malware,Ransomware.Cryptowall,9,0,34816,210432,0,13447,4096,4194304,4096,1024,332,267,4,0,4,5.077,0,54412083,245248,6,183,0,1,0,0,0,0,0,1,0,0,0,1,1,1,1,0
jigsaw,C:\samples\malware\Ransomware.Jigsaw\jigsaw,malware,Ransomware.Jigsaw,8,0,72704,216576,0,319498,229376,4194304,8192,1024,332,267,5,2,5,3.441,1,287044,289280,1,1,0,0,0,0,0,0,0,0,0,0,0,0,0,0,0,0
Locky,C:\samples\malware\Ransomware.Locky\Locky,malware,Ransomware.Locky,6,0,49152,3948544,0,49372,4096,4194304,4096,4096,332,267,4,0,4,5.266,1,3984458,180224,5,137,0,1,0,0,0,0,0,0,0,0,0,0,1,1,0,0
131.exe,C:\samples\malware\Ransomware.Mamba\131.exe,malware,Ransomware.Mamba,11,0,122880,2299392,0,33303,4096,4194304,4096,1024,332,267,5,0,5,4.653,0,2420931,2414080,5,112,0,1,0,0,0,0,0,1,0,0,0,1,0,0,0,1
Matsnu-MBRwipingRansomware_1B2D2A4B97C7C2727D571BBF9376F54F_Inkasso Rechnung vom 27.05.2013 .com_,C:\samples\malware\Ransomware.Matsnu\Matsnu-MBRwipingRansomware_1B2D2A4B97C7C2727D571BBF9376F54F_Inkasso Rechnung vom 27.05.2013 .com_,malware,Ransomware.Matsnu,9,0,37888,66048,0,6238,4096,4194304,4096,1024,332,267,5,0,5,5.505,0,111153,103936,5,86,0,0,0,0,0,0,0,1,0,0,0,1,0,0,0,0
027cc450ef5f8c5f653329641ec1fed9.exe,C:\samples\malware\Ransomware.Petrwrap\027cc450ef5f8c5f653329641ec1fed9.exe,malware,Ransomware.Petrwrap,10,0,48640,306688,0,32057,4096,268435456,4096,1024,332,267,5,0,5,6.347,1,373037,355328,13,165,0,1,0,0,0,0,0,1,1,0,0,1,0,0,1,1
svchost.exe,C:\samples\malware\Ransomware.Petrwrap\svchost.exe,malware,Ransomware.Petrwrap,8,0,601600,118784,0,609738,8192,4194304,8192,512,332,267,3,0,3,4.916,1,719677,720384,1,1,0,0,0,0,0,0,0,0,0,0,0,0,0,0,0,0
26b4699a7b9eeb16e76305d843d4ab05e94d43f3201436927e13b3ebafa90739.bin,C:\samples\malware\Ransomware.Petya\26b4699a7b9eeb16e76305d843d4ab05e94d43f3201436927e13b3ebafa90739.bin,malware,Ransomware.Petya,12,0,159744,82432,0,94575,4096,4194304,4096,1024,332,267,5,0,5,5.606,1,241001,229888,10,230,0,1,0,0,0,0,0,1,1,0,0,1,0,1,0,0
4c1dc737915d76b7ce579abddaba74ead6fdb5b519a1ea45308b8c49b950655c.bin,C:\samples\malware\Ransomware.Petya\4c1dc737915d76b7ce579abddaba74ead6fdb5b519a1ea45308b8c49b950655c.bin,malware,Ransomware.Petya,10,0,457728,359424,0,316285,4096,4194304,4096,1024,332,267,5,0,5,5.776,0,815430,805888,14,292,0,1,0,1,0,0,0,1,0,0,0,1,1,0,1,1
DUMP_00A10000-00A1D000.exe.ViR,C:\samples\malware\Ransomware.Radamant\DUMP_00A10000-00A1D000.exe.ViR,malware,Ransomware.Radamant,2,56,16384,4096,77824,95376,81920,4194304,4096,4096,332,267,3,2,3,3.714,1,98304,15872,7,12,0,1,0,0,0,0,0,0,0,0,0,1,0,0,1,0
1001a8c7f33185217e6e1bdbb8dba9780d475da944684fb4bf1fc04809525887,C:\samples\malware\Ransomware.RedBoot\1001a8c7f33185217e6e1bdbb8dba9780d475da944684fb4bf1fc04809525887,malware,Ransomware.RedBoot,12,0,352256,897024,1425408,1780448,1429504,4194304,4096,4096,332,267,3,2,3,5.307,1,2674688,1245696,18,23,0,1,0,1,0,0,0,0,0,0,0,1,0,0,1,0
683a09da219918258c58a7f61f7dc4161a3a7a377cf82a31b840baabfb9a4a96.bin,C:\samples\malware\Ransomware.Satana\683a09da219918258c58a7f61f7dc4161a3a7a377cf82a31b840baabfb9a4a96.bin,malware,Ransomware.Satana,10,0,8704,40960,0,9488,4096,4194304,4096,1024,332,267,4,0,4,5.538,0,58274,49664,4,21,0,1,0,0,0,0,0,0,0,0,0,0,0,0,0,0
unpacked.mem,C:\samples\malware\Ransomware.Satana\unpacked.mem,malware,Ransomware.Satana,10,0,22528,75776,0,21536,4096,4194304,4096,1024,332,267,4,1,4,4.743,0,96962,34304,8,115,0,1,0,0,0,0,0,1,0,0,0,1,0,0,1,1
3372c1edab46837f1e973164fa2d726c5c5e17bcb888828ccd7c4dfcc234a370,C:\samples\malware\Ransomware.TeslaCrypt\3372c1edab46837f1e973164fa2d726c5c5e17bcb888828ccd7c4dfcc234a370,malware,Ransomware.TeslaCrypt,8,0,221184,65536,0,153505,4096,4194304,4096,4096,332,267,4,0,4,4.967,0,360434,286720,10,181,0,1,0,0,0,0,0,1,1,0,0,1,0,1,1,1
51B4EF5DC9D26B7A26E214CEE90598631E2EAA67,C:\samples\malware\Ransomware.TeslaCrypt\51B4EF5DC9D26B7A26E214CEE90598631E2EAA67,malware,Ransomware.TeslaCrypt,2,24,39424,262656,3072,4800,4096,4194304,4096,1024,332,267,9,4,9,3.46,1,262492,262656,3,70,0,0,0,0,0,0,0,0,1,0,0,1,0,0,1,1
E906FA3D51E86A61741B3499145A114E9BFB7C56,C:\samples\malware\Ransomware.TeslaCrypt\E906FA3D51E86A61741B3499145A114E9BFB7C56,malware,Ransomware.TeslaCrypt,2,24,43008,266240,3072,4800,4096,4194304,4096,1024,332,267,9,4,9,3.436,1,266184,266240,6,74,0,1,0,0,0,0,0,0,1,0,0,1,0,0,1,1
58bfb9fa8889550d13f42473956dc2a7ec4f3abb18fd3faeaa38089d513c171f,C:\samples\malware\Ransomware.Thanos\58bfb9fa8889550d13f42473956dc2a7ec4f3abb18fd3faeaa38089d513c171f,malware,Ransomware.Thanos,8,0,81920,2048,0,89774,8192,4194304,8192,512,332,267,3,0,3,3.36,0,83112,83968,1,1,0,0,0,0,0,0,0,0,0,0,0,0,0,0,0,0
5d40615701c48a122e44f831e7c8643d07765629a83b15d090587f469c77693d,C:\samples\malware\Ransomware.Thanos\5d40615701c48a122e44f831e7c8643d07765629a83b15d090587f469c77693d,malware,Ransomware.Thanos,11,0,90112,2560,0,97918,8192,4194304,8192,512,332,267,3,0,3,3.442,0,91332,92672,1,1,0,0,0,0,0,0,0,0,0,0,0,0,0,0,0,0
ae66e009e16f0fad3b70ad20801f48f2edb904fa5341a89e126a26fd3fc80f75,C:\samples\malware\Ransomware.Thanos\ae66e009e16f0fad3b70ad20801f48f2edb904fa5341a89e126a26fd3fc80f75,malware,Ransomware.Thanos,11,0,90112,2560,0,1919319279,8192,13369344,8192,512,332,267,3,0,3,1.816,0,91332,92672,0,0,0,0,0,0,0,0,0,0,0,0,0,0,0,0,0,0
c460fc0d4fdaf5c68623e18de106f1c3601d7bd6ba80ddad86c10fd6ea123850,C:\samples\malware\Ransomware.Thanos\c460fc0d4fdaf5c68623e18de106f1c3601d7bd6ba80ddad86c10fd6ea123850,malware,Ransomware.Thanos,8,0,87040,2048,0,95034,8192,4194304,8192,512,332,267,3,0,3,3.343,0,88361,89088,1,1,0,0,0,0,0,0,0,0,0,0,0,0,0,0,0,0
Ransomware.Unnamed_0.exe,C:\samples\malware\Ransomware.Unnamed_0\Ransomware.Unnamed_0.exe,malware,Ransomware.Unnamed_0,11,0,84992,838656,0,93006,8192,4194304,8192,512,332,267,3,0,3,4.045,1,922480,923648,1,1,0,0,0,0,0,0,0,0,0,0,0,0,0,0,0,0
0442cfabb3212644c4b894a7e4a7e84c00fd23489cc4f96490f9988e6074b6ab,C:\samples\malware\Ransomware.Vipasana\0442cfabb3212644c4b894a7e4a7e84c00fd23489cc4f96490f9988e6074b6ab,malware,Ransomware.Vipasana,2,25,251392,126976,0,238768,4096,4194304,4096,1024,332,267,8,4,8,3.874,1,385137,378368,7,187,0,1,0,1,0,0,0,1,0,0,0,1,0,0,0,1
c0cf40b8830d666a24bdd4febdc162e95aa30ed968fa3675e26ad97b2e88e03a,C:\samples\malware\Ransomware.Vipasana\c0cf40b8830d666a24bdd4febdc162e95aa30ed968fa3675e26ad97b2e88e03a,malware,Ransomware.Vipasana,2,25,251392,126976,0,238768,4096,4194304,4096,1024,332,267,8,4,8,3.873,1,385137,378368,7,187,0,1,0,1,0,0,0,1,0,0,0,1,0,0,0,1
e49778d20a2f9b1f8b00ddd24b6bcee81af381ed02cfe0a3c9ab3111cda5f573,C:\samples\malware\Ransomware.Vipasana\e49778d20a2f9b1f8b00ddd24b6bcee81af381ed02cfe0a3c9ab3111cda5f573,malware,Ransomware.Vipasana,2,25,251392,84992,0,238768,4096,4194304,4096,1024,332,267,8,4,8,3.856,1,340129,336384,7,187,0,1,0,1,0,0,0,1,0,0,0,1,0,0,0,1
ed01ebfbc9eb5bbea545af4d01bf5f1071661840480439c6e5babe8e080e41aa.exe,C:\samples\malware\Ransomware.WannaCry\ed01ebfbc9eb5bbea545af4d01bf5f1071661840480439c6e5babe8e080e41aa.exe,malware,Ransomware.WannaCry,6,0,28672,3481600,0,30650,4096,4194304,4096,4096,332,267,4,0,4,6.381,1,3506712,3510272,4,114,0,1,0,0,0,0,0,1,0,0,0,1,0,0,1,1
Win32.Wannacry.exe,C:\samples\malware\Ransomware.WannaCry_Plus\Win32.Wannacry.exe,malware,Ransomware.WannaCry_Plus,6,0,4096,5259264,0,4585,4096,268435456,4096,4096,332,267,5,0,5,1.401,0,5245124,5263360,2,13,0,0,0,0,0,0,0,1,0,0,0,0,0,0,0,0
yfoye_dump.exe,C:\samples\malware\Rombertik\yfoye_dump.exe,malware,Rombertik,10,0,7680,16896,0,5936,4096,4194304,4096,4096,332,267,5,0,0,4.42,0,32768,32768,6,64,0,1,0,0,0,0,0,1,0,0,0,1,0,0,1,1
malware.exe,C:\samples\malware\Rustock\Rustock-23\malware.exe,malware,Rustock-23,7,0,108544,160768,0,100370,4096,16777216,4096,1024,332,267,2,0,2,3.98,1,268968,268288,1,41,0,0,0,0,0,0,0,1,0,0,0,1,0,0,1,1
malware.exe,C:\samples\malware\Rustock\Rustock.C\malware.exe,malware,Rustock.C,1,64,0,0,0,4096,0,65536,4096,512,332,267,3,1,3,4.646,1,61495,24576,1,20,0,0,0,0,0,0,0,0,0,0,0,0,0,0,0,0
malware.exe,C:\samples\malware\Rustock\Rustock.E\malware.exe,malware,Rustock.E,1,67,0,0,0,512,0,65536,32,512,332,267,3,0,2,5.528,1,157920,157952,0,0,0,0,0,0,0,0,0,0,0,0,0,0,0,0,0,0
malware.exe,C:\samples\malware\Rustock\Rustock.I\malware.exe,malware,Rustock.I,7,0,18432,2560,0,9264,4096,16777216,4096,4096,332,267,2,0,2,4.267,0,20424,19456,1,39,0,0,0,0,0,0,0,1,0,0,0,1,0,0,1,1
malware.exe,C:\samples\malware\Rustock\Rustock.J\malware.exe,malware,Rustock.J,2,25,37376,17408,0,39512,4096,4194304,4096,1024,332,267,8,4,7,2.301,0,56876,52224,5,83,0,1,0,1,0,0,0,1,0,0,0,1,0,0,1,1
malware.exe,C:\samples\malware\Rustock\Rustock.NFE\malware.exe,malware,Rustock.NFE,7,0,9344,42496,0,9432,640,65536,128,640,332,267,5,1,5,4.266,1,51627,51840,2,11,0,0,0,0,0,0,0,0,0,0,0,0,0,0,0,0
B14299FD4D1CBFB4CC7486D978398214,C:\samples\malware\Shamoon\B14299FD4D1CBFB4CC7486D978398214,malware,Shamoon,10,0,84480,913408,0,35115,4096,4194304,4096,1024,332,267,5,0,5,5.24,1,996410,988160,6,122,0,1,0,0,0,0,0,1,1,0,0,1,0,0,0,0
D214C717A357FE3A455610B197C390AA,C:\samples\malware\Shamoon\D214C717A357FE3A455610B197C390AA,malware,Shamoon,10,0,84480,913408,0,35115,4096,4194304,4096,1024,332,267,5,0,5,5.248,1,996410,988160,6,122,0,1,0,0,0,0,0,1,1,0,0,1,0,0,0,0
69beb78c8b8de1a86677e27c531c92cb5ca70807d2755b94f70a75887fbc90cf_advnetcfg.ocx,C:\samples\malware\Skywiper-A.Flame\69beb78c8b8de1a86677e27c531c92cb5ca70807d2755b94f70a75887fbc90cf_advnetcfg.ocx,malware,Skywiper-A.Flame,8,0,442368,212992,0,218480,4096,268435456,4096,4096,332,267,5,0,5,4.939,0,646215,638976,1,167,0,0,0,0,0,0,0,1,1,0,0,1,0,0,1,1
7d5ad688d1cdb34f8ee694e60b9d47e894c879f23218c5c29a19a514030e706d_nteps32.ocx,C:\samples\malware\Skywiper-A.Flame\7d5ad688d1cdb34f8ee694e60b9d47e894c879f23218c5c29a19a514030e706d_nteps32.ocx,malware,Skywiper-A.Flame,8,0,561152,278528,0,315611,4096,268435456,4096,4096,332,267,5,0,5,5.018,0,827637,823296,1,170,0,0,0,0,0,0,0,1,1,0,0,1,0,0,1,1
7ZipSetup.exe,C:\samples\malware\Somoto\7ZipSetup.exe,malware,Somoto,2,56,29184,14848,110592,14764,4096,4194304,4096,1024,332,267,7,2,7,3.342,0,197784,57344,8,155,0,1,0,0,0,0,0,1,0,0,0,1,1,1,1,1
2.dll,C:\samples\malware\Surtr\2.dll,malware,Surtr,6,0,24576,41959424,0,27146,4096,268435456,4096,4096,332,267,5,0,5,3.278,0,41980497,41984000,3,24,0,1,0,0,0,0,0,0,0,0,0,0,0,0,0,0
2.tmp,C:\samples\malware\Surtr\2.tmp,malware,Surtr,6,0,4096,32768,0,6336,4096,4194304,4096,4096,332,267,4,0,4,3.97,1,30258,36864,2,23,0,0,0,0,0,0,0,0,0,0,0,0,0,0,0,1
DELLXT.dll,C:\samples\malware\Surtr\DELLXT.dll,malware,Surtr,6,0,24576,41959424,0,27146,4096,268435456,4096,4096,332,267,5,0,5,2.584,0,41980497,41984000,3,24,0,1,0,0,0,0,0,0,0,0,0,0,0,0,0,0
DW20.dll,C:\samples\malware\Surtr\DW20.dll,malware,Surtr,5,12,512,5632,0,4096,4096,268435456,4096,1024,332,267,4,0,4,2.504,0,5301,2048,2,13,0,1,0,0,0,0,0,1,0,0,0,0,0,0,0,0
hV46VA.dll,C:\samples\malware\Surtr\hV46VA.dll,malware,Surtr,6,0,24576,41959424,0,27146,4096,268435456,4096,4096,332,267,5,0,5,3.278,0,41980497,41984000,3,24,0,1,0,0,0,0,0,0,0,0,0,0,0,0,0,0
ydrHrp_One.dll,C:\samples\malware\Surtr\ydrHrp_One.dll,malware,Surtr,6,0,24576,41959424,0,27146,4096,268435456,4096,4096,332,267,5,0,5,3.278,0,41980497,41984000,3,24,0,1,0,0,0,0,0,0,0,0,0,0,0,0,0,0
hostr.exe,C:\samples\malware\Trojan.Bladabindi\hostr.exe,malware,Trojan.Bladabindi,6,0,13824,92672,0,21982,8192,4194304,8192,1024,332,267,4,1,4,4.554,1,105554,106496,1,1,0,0,0,0,0,0,0,0,0,0,0,0,0,0,0,0
signed.exe,C:\samples\malware\Trojan.Destover-SonySigned\signed.exe,malware,Trojan.Destover-SonySigned,6,0,57344,32768,0,30318,4096,4194304,4096,4096,332,267,4,0,4,3.671,0,83385,81920,4,78,0,1,0,0,0,0,0,1,0,0,0,1,0,0,1,1
798_abroad.exe,C:\samples\malware\Trojan.Dropper.Gen\798_abroad.exe,malware,Trojan.Dropper.Gen,6,0,23552,119808,1024,12577,4096,4194304,4096,1024,332,267,5,1,5,4.124,0,291576,31232,8,154,0,1,0,0,0,0,0,1,0,0,0,1,1,1,1,1
PDFXCview.exe,C:\samples\malware\Trojan.Kovter\PDFXCview.exe,malware,Trojan.Kovter,2,23,77824,370176,246784,15803,4096,4194304,4096,1024,332,267,8,5,8,4.367,1,446916,430080,13,367,0,1,0,1,0,0,0,1,1,0,0,1,0,0,1,1
abba_-_happy_new_year_zaycev_net.exe,C:\samples\malware\Trojan.Loadmoney\abba_-_happy_new_year_zaycev_net.exe,malware,Trojan.Loadmoney,2,56,8704,189952,512,4416,4096,4194304,4096,1024,332,267,7,3,7,3.498,1,188352,189952,2,43,0,0,0,0,0,0,0,0,0,0,0,1,0,0,1,1
raffle.exe,C:\samples\malware\Trojan.NSIS.Win32\raffle.exe,malware,Trojan.NSIS.Win32,6,0,23552,119808,1024,12577,4096,4194304,4096,1024,332,267,5,1,5,4.774,1,387424,127488,8,154,0,1,0,0,0,0,0,1,0,0,0,1,1,1,1,1
aed230b6b772aeb5c25e9336086e9dd4d6081d3efc205f9f9214b51f2f8c3655,C:\samples\malware\Trojan.Ransom.Hells\aed230b6b772aeb5c25e9336086e9dd4d6081d3efc205f9f9214b51f2f8c3655,malware,Trojan.Ransom.Hells,14,0,2048,90624,0,5994,4096,4194304,4096,1024,332,267,5,0,5,4.977,1,91321,92672,3,31,0,1,0,0,0,0,0,1,0,0,0,0,0,0,0,0
eefa052da01c3faa1d1f516ddfefa8ceb8a5185bb9b5368142ffdf839aea4506,C:\samples\malware\Trojan.Ransom.Petya\eefa052da01c3faa1d1f516ddfefa8ceb8a5185bb9b5368142ffdf839aea4506,malware,Trojan.Ransom.Petya,7,10,307200,24576,0,98639,4096,4194304,4096,4096,332,267,3,0,3,4.074,1,326043,331776,8,267,0,1,0,1,0,0,0,1,1,0,0,1,0,0,1,1
40c46bcab9acc0d6d235491c01a66d4c6f35d884c19c6f410901af6d1e33513b,C:\samples\malware\Trojan.Regin\40c46bcab9acc0d6d235491c01a66d4c6f35d884c19c6f410901af6d1e33513b,malware,Trojan.Regin,7,10,11264,4608,0,4174,4096,65536,4096,1024,332,267,6,1,6,4.002,0,14370,15872,2,30,0,0,0,0,0,0,0,0,0,0,0,0,0,0,0,0
4e39bc95e35323ab586d740725a1c8cbcde01fe453f7c4cac7cced9a26e42cc9,C:\samples\malware\Trojan.Regin\4e39bc95e35323ab586d740725a1c8cbcde01fe453f7c4cac7cced9a26e42cc9,malware,Trojan.Regin,9,0,10240,2560,0,4174,4096,65536,4096,1024,332,267,5,1,5,4.157,0,11202,12800,2,26,0,0,0,0,0,0,0,0,0,0,0,0,0,0,0,0
5001793790939009355ba841610412e0f8d60ef5461f2ea272ccf4fd4c83b823,C:\samples\malware\Trojan.Regin\5001793790939009355ba841610412e0f8d60ef5461f2ea272ccf4fd4c83b823,malware,Trojan.Regin,9,0,9216,2560,0,4174,4096,65536,4096,1024,332,267,5,1,5,4.152,0,10532,11776,2,26,0,0,0,0,0,0,0,0,0,0,0,0,0,0,0,0
7d38eb24cf5644e090e45d5efa923aff0e69a600fb0ab627e8929bb485243926,C:\samples\malware\Trojan.Regin\7d38eb24cf5644e090e45d5efa923aff0e69a600fb0ab627e8929bb485243926,malware,Trojan.Regin,7,10,11264,4608,0,4174,4096,65536,4096,1024,332,267,6,1,6,3.961,0,14476,15872,2,30,0,0,0,0,0,0,0,0,0,0,0,0,0,0,0,0
8d7be9ed64811ea7986d788a75cbc4ca166702c6ff68c33873270d7c6597f5db,C:\samples\malware\Trojan.Regin\8d7be9ed64811ea7986d788a75cbc4ca166702c6ff68c33873270d7c6597f5db,malware,Trojan.Regin,9,0,10752,2560,0,4174,4096,65536,4096,1024,332,267,5,1,5,4.314,0,12334,13312,2,30,0,0,0,0,0,0,0,0,0,0,0,0,0,0,0,0
9cd5127ef31da0e8a4e36292f2af5a9ec1de3b294da367d7c05786fe2d5de44f,C:\samples\malware\Trojan.Regin\9cd5127ef31da0e8a4e36292f2af5a9ec1de3b294da367d7c05786fe2d5de44f,malware,Trojan.Regin,7,10,9792,1504,0,2020,608,65536,32,608,332,267,4,1,4,5.534,1,11238,11296,2,26,0,0,0,0,0,0,0,0,0,0,0,0,0,0,0,0
a0d82c3730bc41e267711480c8009883d1412b68977ab175421eabc34e4ef355,C:\samples\malware\Trojan.Regin\a0d82c3730bc41e267711480c8009883d1412b68977ab175421eabc34e4ef355,malware,Trojan.Regin,7,10,10208,1504,0,996,608,65536,32,608,332,267,4,1,4,5.574,1,11670,11712,2,26,0,0,0,0,0,0,0,0,0,0,0,0,0,0,0,0
a7493fac96345a989b1a03772444075754a2ef11daa22a7600466adc1f69a669,C:\samples\malware\Trojan.Regin\a7493fac96345a989b1a03772444075754a2ef11daa22a7600466adc1f69a669,malware,Trojan.Regin,9,0,10240,2560,0,4174,4096,65536,4096,1024,332,267,5,1,5,4.157,0,11202,12800,2,26,0,0,0,0,0,0,0,0,0,0,0,0,0,0,0,0
a7e3ad8ea7edf1ca10b0e5b0d976675c3016e5933219f97e94900dea0d470abe,C:\samples\malware\Trojan.Regin\a7e3ad8ea7edf1ca10b0e5b0d976675c3016e5933219f97e94900dea0d470abe,malware,Trojan.Regin,7,10,9504,1504,0,2020,608,65536,32,608,332,267,4,1,4,5.475,1,10942,11008,2,24,0,0,0,0,0,0,0,0,0,0,0,0,0,0,0,0
b12c7d57507286bbbe36d7acf9b34c22c96606ffd904e3c23008399a4a50c047,C:\samples\malware\Trojan.Regin\b12c7d57507286bbbe36d7acf9b34c22c96606ffd904e3c23008399a4a50c047,malware,Trojan.Regin,7,10,10496,1504,0,980,608,65536,32,608,332,267,4,1,2,5.593,1,11986,12000,2,26,0,0,0,0,0,0,0,0,0,0,0,0,0,0,0,0
c0cf8e008fbfa0cb2c61d968057b4a077d62f64d7320769982d28107db370513,C:\samples\malware\Trojan.Regin\c0cf8e008fbfa0cb2c61d968057b4a077d62f64d7320769982d28107db370513,malware,Trojan.Regin,9,0,9216,2560,0,4174,4096,65536,4096,1024,332,267,5,1,5,4.152,0,10532,11776,2,26,0,0,0,0,0,0,0,0,0,0,0,0,0,0,0,0
e1ba03a10a40aab909b2ba58dcdfd378b4d264f1f4a554b669797bbb8c8ac902,C:\samples\malware\Trojan.Regin\e1ba03a10a40aab909b2ba58dcdfd378b4d264f1f4a554b669797bbb8c8ac902,malware,Trojan.Regin,7,10,10208,1504,0,996,608,65536,32,608,332,267,4,1,4,5.574,1,11668,11712,2,26,0,0,0,0,0,0,0,0,0,0,0,0,0,0,0,0
f1d903251db466d35533c28e3c032b7212aa43c8d64ddf8c5521b43031e69e1e,C:\samples\malware\Trojan.Regin\f1d903251db466d35533c28e3c032b7212aa43c8d64ddf8c5521b43031e69e1e,malware,Trojan.Regin,7,10,9536,1504,0,2068,640,65536,32,640,332,267,4,1,4,5.469,1,10958,11040,2,24,0,0,0,0,0,0,0,0,0,0,0,0,0,0,0,0
Shylock-skype_8FBEB78B06985C3188562E2F1B82D57D,C:\samples\malware\Trojan.Shylock.Skype\Shylock-skype_8FBEB78B06985C3188562E2F1B82D57D,malware,Trojan.Shylock.Skype,10,0,239616,45568,0,242462,4096,268435456,4096,1024,332,267,4,0,4,5.39,0,284150,283648,10,139,0,1,0,1,0,0,0,1,0,0,0,1,0,0,1,0
Torpig miniloader_011C1CA6030EE091CE7C20CD3AAECFA0,C:\samples\malware\Trojan.Sinowal\Torpig miniloader-samp\Torpig miniloader_011C1CA6030EE091CE7C20CD3AAECFA0,malware,Torpig miniloader-samp,8,0,74752,495616,0,4592,4096,4194304,4096,1024,332,267,3,0,3,5.703,0,570044,242688,2,37,0,0,0,0,0,0,0,0,0,0,0,0,0,0,0,0
Torpig miniloader_0F82964CF39056402EE2DE9193635B34,C:\samples\malware\Trojan.Sinowal\Torpig miniloader-samp\Torpig miniloader_0F82964CF39056402EE2DE9193635B34,malware,Torpig miniloader-samp,8,0,74752,495104,0,17788,4096,4194304,4096,1024,332,267,3,0,3,5.693,0,569144,241664,2,37,0,0,0,0,0,0,0,0,0,0,0,0,0,0,0,0
Torpig miniloader_2DACC4556FAD30027A384875C8D9D900,C:\samples\malware\Trojan.Sinowal\Torpig miniloader-samp\Torpig miniloader_2DACC4556FAD30027A384875C8D9D900,malware,Torpig miniloader-samp,8,0,75264,489472,0,4820,4096,4194304,4096,1024,332,267,3,0,3,5.744,0,564184,237056,2,37,0,0,0,0,0,0,0,0,0,0,0,0,0,0,0,0
Torpig miniloader_4A3543E6771BC78D32AE46820AED1391,C:\samples\malware\Trojan.Sinowal\Torpig miniloader-samp\Torpig miniloader_4A3543E6771BC78D32AE46820AED1391,malware,Torpig miniloader-samp,8,0,74240,493568,0,8841,4096,4194304,4096,1024,332,267,3,0,3,5.737,0,567404,240128,2,37,0,0,0,0,0,0,0,0,0,0,0,0,0,0,0,0
Torpig miniloader_809910F29AA63913EFA76D00FA8C7C0B,C:\samples\malware\Trojan.Sinowal\Torpig miniloader-samp\Torpig miniloader_809910F29AA63913EFA76D00FA8C7C0B,malware,Torpig miniloader-samp,8,0,74752,495104,0,9110,4096,4194304,4096,1024,332,267,3,0,3,5.703,0,568984,241664,2,37,0,0,0,0,0,0,0,0,0,0,0,0,0,0,0,0
Torpig miniloader_83419EEA712182C1054615E4EC7B8CBE,C:\samples\malware\Trojan.Sinowal\Torpig miniloader-samp\Torpig miniloader_83419EEA712182C1054615E4EC7B8CBE,malware,Torpig miniloader-samp,8,0,75264,499200,0,4592,4096,4194304,4096,1024,332,267,3,0,3,5.654,0,573976,246784,2,37,0,0,0,0,0,0,0,0,0,0,0,0,0,0,0,0
Torpig miniloader_87851480DEB151D3A0AA9A425FD74E61,C:\samples\malware\Trojan.Sinowal\Torpig miniloader-samp\Torpig miniloader_87851480DEB151D3A0AA9A425FD74E61,malware,Torpig miniloader-samp,8,0,75264,489472,0,4592,4096,4194304,4096,1024,332,267,3,0,3,5.755,0,564392,237056,2,37,0,0,0,0,0,0,0,0,0,0,0,0,0,0,0,0
Torpig miniloader_C3366B6006ACC1F8DF875EAA114796F0,C:\samples\malware\Trojan.Sinowal\Torpig miniloader-samp\Torpig miniloader_C3366B6006ACC1F8DF875EAA114796F0,malware,Torpig miniloader-samp,8,0,75264,500736,0,14462,4096,4194304,4096,1024,332,267,3,0,3,5.652,0,575340,248320,2,37,0,0,0,0,0,0,0,0,0,0,0,0,0,0,0,0
stabuniq_F31B797831B36A4877AA0FD173A7A4A2,C:\samples\malware\Trojan.Stabuniq\stabuniq_F31B797831B36A4877AA0FD173A7A4A2,malware,Trojan.Stabuniq,6,0,12800,9216,0,62832,61440,4194304,4096,60928,332,267,4,0,4,4.956,0,21004,18432,2,52,0,0,0,0,0,0,0,1,1,0,0,1,0,0,1,1
wirelesskeyview.exe,C:\samples\malware\Trojan.Win32.Bechiro.BCD\wirelesskeyview.exe,malware,Trojan.Win32.Bechiro.BCD,10,0,102912,265728,0,393495,4096,4194304,4096,512,332,267,3,2,3,6.134,1,410153,168448,4,5,0,1,0,0,0,0,0,0,0,0,0,1,0,0,0,1
win32.exe,C:\samples\malware\TrojanWin32.Duqu.Stuxnet\win32.exe,malware,TrojanWin32.Duqu.Stuxnet,8,0,13824,10368,0,1392,768,65536,128,768,332,267,6,1,6,5.207,0,23687,24192,2,48,0,0,0,0,0,0,0,0,0,0,0,0,0,0,0,0
21.exe,C:\samples\malware\Variant.Kazy\21.exe,malware,Variant.Kazy,6,0,53248,4096,57344,114288,61440,4194304,4096,4096,332,267,3,2,2,4.02,1,114688,54784,4,7,0,1,0,0,0,0,0,0,0,0,0,1,0,0,1,0
0008065861f5b09195e51add72dacd3c4bbce6444711320ad349c7dab5bb97fb,C:\samples\malware\VolatileCedar.Explosion\0008065861f5b09195e51add72dacd3c4bbce6444711320ad349c7dab5bb97fb,malware,VolatileCedar.Explosion,7,10,65536,49152,0,21980,4096,268435456,4096,4096,332,267,6,1,6,3.227,0,96798,102400,5,95,0,0,0,0,0,0,0,1,0,0,0,1,0,0,1,1
03641e5632673615f23b2a8325d7355c4499a40f47b6ae094606a73c56e24ad0,C:\samples\malware\VolatileCedar.Explosion\03641e5632673615f23b2a8325d7355c4499a40f47b6ae094606a73c56e24ad0,malware,VolatileCedar.Explosion,7,10,262144,376832,0,201419,4096,4194304,4096,4096,332,267,5,1,5,4.497,0,627450,606208,12,231,0,1,0,1,0,0,0,1,0,0,0,1,0,1,1,1
07529fae9e74be81fd302d022603d9f0796b4b9120b0d6131f75d41b979bbca5,C:\samples\malware\VolatileCedar.Explosion\07529fae9e74be81fd302d022603d9f0796b4b9120b0d6131f75d41b979bbca5,malware,VolatileCedar.Explosion,7,10,262144,159744,0,201723,4096,4194304,4096,4096,332,267,5,1,5,4.923,1,409344,389120,12,230,0,1,0,1,0,0,0,1,0,0,0,1,0,1,1,1
1952fa94b582e9af9dca596b5e51c585a78b8b1610639e3b878bbfa365e8e908,C:\samples\malware\VolatileCedar.Explosion\1952fa94b582e9af9dca596b5e51c585a78b8b1610639e3b878bbfa365e8e908,malware,VolatileCedar.Explosion,7,10,262144,167936,0,200715,4096,4194304,4096,4096,332,267,5,1,5,3.615,0,416790,397312,12,231,0,1,0,1,0,0,0,1,0,0,0,1,0,1,1,1
1b76fdbd4cd92c7349bc99291137637614f4fb9598ae29df0a39a422611b86f8,C:\samples\malware\VolatileCedar.Explosion\1b76fdbd4cd92c7349bc99291137637614f4fb9598ae29df0a39a422611b86f8,malware,VolatileCedar.Explosion,7,10,241664,163840,0,184625,4096,4194304,4096,4096,332,267,5,1,5,3.649,0,392108,372736,12,227,0,1,0,1,0,0,0,1,0,0,0,1,0,1,1,1
30196c83a1f857d36fde160d55bd4e5b5d50fbb082bd846db295cbe0f9d35cfb,C:\samples\malware\VolatileCedar.Explosion\30196c83a1f857d36fde160d55bd4e5b5d50fbb082bd846db295cbe0f9d35cfb,malware,VolatileCedar.Explosion,7,10,262144,192512,0,200715,4096,4194304,4096,4096,332,267,5,1,5,4.526,0,441694,421888,12,231,0,1,0,1,0,0,0,1,0,0,0,1,0,1,1,1
37f4e9d0153221d9a236f299151c9f6911a6f78fff54c91b94ea64d1f3a8872b,C:\samples\malware\VolatileCedar.Explosion\37f4e9d0153221d9a236f299151c9f6911a6f78fff54c91b94ea64d1f3a8872b,malware,VolatileCedar.Explosion,7,10,69632,94208,0,32527,4096,268435456,4096,4096,332,267,4,0,4,4.799,0,156989,98304,10,138,0,1,0,1,0,0,0,1,0,0,0,1,0,0,1,1
388f5bc2f088769b361dfe8a45f0d5237c4580b287612422a03babe6994339ff,C:\samples\malware\VolatileCedar.Explosion\388f5bc2f088769b361dfe8a45f0d5237c4580b287612422a03babe6994339ff,malware,VolatileCedar.Explosion,7,10,262144,376832,0,201419,4096,4194304,4096,4096,332,267,5,1,5,4.497,0,627450,606208,12,231,0,1,0,1,0,0,0,1,0,0,0,1,0,1,1,1
3bedb4bdb17718fda1edd1a8fa4289dc61fdda598474b5648414e4565e88ecd5,C:\samples\malware\VolatileCedar.Explosion\3bedb4bdb17718fda1edd1a8fa4289dc61fdda598474b5648414e4565e88ecd5,malware,VolatileCedar.Explosion,7,10,262144,192512,0,200763,4096,4194304,4096,4096,332,267,5,1,5,4.526,0,441758,421888,12,231,0,1,0,1,0,0,0,1,0,0,0,1,0,1,1,1
41dd95533d85a0fd099ee79fbb4c8699ae6f9299b74034b8bafa3b0ea4a1fb3a,C:\samples\malware\VolatileCedar.Explosion\41dd95533d85a0fd099ee79fbb4c8699ae6f9299b74034b8bafa3b0ea4a1fb3a,malware,VolatileCedar.Explosion,7,10,69632,98304,0,32959,4096,268435456,4096,4096,332,267,5,0,5,4.061,0,157939,102400,9,138,0,1,0,1,0,0,0,1,0,0,0,1,0,0,1,1
50414f60d7e24d25f9ebb68f99d67a46e8b12458474ac503b6e0d0562075a985,C:\samples\malware\VolatileCedar.Explosion\50414f60d7e24d25f9ebb68f99d67a46e8b12458474ac503b6e0d0562075a985,malware,VolatileCedar.Explosion,7,10,262144,192512,0,200763,4096,4194304,4096,4096,332,267,5,1,5,4.526,0,441758,421888,12,231,0,1,0,1,0,0,0,1,0,0,0,1,0,1,1,1
52cb02da0462fdd08d537b2c949e2e252f7a7a88354d596e9f5c9f1498d1c68f,C:\samples\malware\VolatileCedar.Explosion\52cb02da0462fdd08d537b2c949e2e252f7a7a88354d596e9f5c9f1498d1c68f,malware,VolatileCedar.Explosion,7,10,262144,192512,0,200107,4096,4194304,4096,4096,332,267,5,1,5,4.519,0,440390,421888,12,231,0,1,0,1,0,0,0,1,0,0,0,1,0,1,1,1
5663b2d4a4aec55d5d6fb507e3fdcb92ffc978d411de68b084c37f86af6d2e19,C:\samples\malware\VolatileCedar.Explosion\5663b2d4a4aec55d5d6fb507e3fdcb92ffc978d411de68b084c37f86af6d2e19,malware,VolatileCedar.Explosion,7,10,262144,376832,0,201419,4096,4194304,4096,4096,332,267,5,1,5,4.497,0,627450,606208,12,231,0,1,0,1,0,0,0,1,0,0,0,1,0,1,1,1
5a310669920099cd51f82bc9eb5459e9889b6357a21f7ce95ac961e053c79acb,C:\samples\malware\VolatileCedar.Explosion\5a310669920099cd51f82bc9eb5459e9889b6357a21f7ce95ac961e053c79acb,malware,VolatileCedar.Explosion,7,10,163840,65536,0,104851,4096,4194304,4096,4096,332,267,5,1,5,3.309,0,216716,208896,4,128,0,1,0,0,0,0,0,1,0,0,0,1,0,1,1,1
5d491ea5705e90c817cf0f5211c9edbcd5291fe8bd4cc69cdb58e8d0e6b6d1fe,C:\samples\malware\VolatileCedar.Explosion\5d491ea5705e90c817cf0f5211c9edbcd5291fe8bd4cc69cdb58e8d0e6b6d1fe,malware,VolatileCedar.Explosion,7,10,262144,192512,0,200763,4096,4194304,4096,4096,332,267,5,1,5,4.526,0,441758,421888,12,231,0,1,0,1,0,0,0,1,0,0,0,1,0,1,1,1
6674ffe375f8ab54cfa2a276e4a39b414cf327e0b00733c215749e8a94385c63,C:\samples\malware\VolatileCedar.Explosion\6674ffe375f8ab54cfa2a276e4a39b414cf327e0b00733c215749e8a94385c63,malware,VolatileCedar.Explosion,7,10,45056,40960,0,15109,4096,4194304,4096,4096,332,267,4,0,4,4.624,0,89324,86016,4,79,0,1,0,0,0,0,0,1,0,0,0,1,0,0,1,1
78201fd42dfc65e94774d8a9b87293c19044ad93edf59d3ff6846766ed4c3e2e,C:\samples\malware\VolatileCedar.Explosion\78201fd42dfc65e94774d8a9b87293c19044ad93edf59d3ff6846766ed4c3e2e,malware,VolatileCedar.Explosion,7,10,61440,32768,0,31495,4096,4194304,4096,4096,332,267,4,0,4,3.382,0,83731,86016,4,86,0,1,0,0,0,0,0,1,0,0,0,1,0,0,1,1
97ab07c8020aead6ce0d9196e03d3917045e65e8c65e52a16ec6ef660dd96968,C:\samples\malware\VolatileCedar.Explosion\97ab07c8020aead6ce0d9196e03d3917045e65e8c65e52a16ec6ef660dd96968,malware,VolatileCedar.Explosion,7,10,69632,98304,0,32959,4096,268435456,4096,4096,332,267,5,0,5,4.004,0,157755,102400,9,138,0,1,0,1,0,0,0,1,0,0,0,1,0,0,1,1
a98099541168c7f36b107e24e9c80c9125fefb787ae720799b03bb4425aba1a9,C:\samples\malware\VolatileCedar.Explosion\a98099541168c7f36b107e24e9c80c9125fefb787ae720799b03bb4425aba1a9,malware,VolatileCedar.Explosion,7,10,278528,114688,0,212913,4096,4194304,4096,4096,332,267,5,1,5,3.354,0,377568,352256,13,242,0,1,0,1,0,0,0,1,0,0,0,1,0,1,1,1
b275c8978d18832bd3da9975d0f43cbc90e09a99718f4efaf1be7b43db46cf95,C:\samples\malware\VolatileCedar.Explosion\b275c8978d18832bd3da9975d0f43cbc90e09a99718f4efaf1be7b43db46cf95,malware,VolatileCedar.Explosion,7,10,90112,49152,0,46422,4096,4194304,4096,4096,332,267,4,0,4,3.804,0,132208,118784,8,128,0,1,0,0,0,0,0,1,0,0,0,1,0,0,1,1
b74bd5660baf67038353136978ed16dbc7d105c60c121cf64c61d8f3d31de32c,C:\samples\malware\VolatileCedar.Explosion\b74bd5660baf67038353136978ed16dbc7d105c60c121cf64c61d8f3d31de32c,malware,VolatileCedar.Explosion,7,10,65536,98304,0,29315,4096,268435456,4096,4096,332,267,5,0,5,4.006,0,153344,98304,9,126,0,1,0,1,0,0,0,1,0,0,0,1,0,0,1,1
bc12d7052e6cfce8f16625ca8b88803cd4e58356eb32fe62667336d4dee708a3,C:\samples\malware\VolatileCedar.Explosion\bc12d7052e6cfce8f16625ca8b88803cd4e58356eb32fe62667336d4dee708a3,malware,VolatileCedar.Explosion,7,10,262144,192512,0,200715,4096,4194304,4096,4096,332,267,5,1,5,4.526,0,441694,421888,12,231,0,1,0,1,0,0,0,1,0,0,0,1,0,1,1,1
bd039bb73f297062ab65f695dd6defafd146f6f233c451e5ac967a720b41fc14,C:\samples\malware\VolatileCedar.Explosion\bd039bb73f297062ab65f695dd6defafd146f6f233c451e5ac967a720b41fc14,malware,VolatileCedar.Explosion,7,10,69632,98304,0,32943,4096,268435456,4096,4096,332,267,5,0,5,4.053,0,157906,102400,9,137,0,1,0,1,0,0,0,1,0,0,0,1,0,0,1,1
bdef2ddcd8d4d66a42c9cbafd5cf7d86c4c0e3ed8c45cc734742c5da2fb573f7,C:\samples\malware\VolatileCedar.Explosion\bdef2ddcd8d4d66a42c9cbafd5cf7d86c4c0e3ed8c45cc734742c5da2fb573f7,malware,VolatileCedar.Explosion,7,10,262144,159744,0,201723,4096,4194304,4096,4096,332,267,5,1,5,4.923,1,409344,389120,12,230,0,1,0,1,0,0,0,1,0,0,0,1,0,1,1,1
bed0bec3d123e7611dc3d722813eeb197a2b8048396cef4414f29f24af3a29c4,C:\samples\malware\VolatileCedar.Explosion\bed0bec3d123e7611dc3d722813eeb197a2b8048396cef4414f29f24af3a29c4,malware,VolatileCedar.Explosion,7,10,90112,49152,0,46006,4096,4194304,4096,4096,332,267,4,0,4,3.804,0,131812,118784,8,129,0,1,0,0,0,0,0,1,0,0,0,1,0,0,1,1
bfc63b30624332f4fc2e510f95b69d18dd0241eb0d2fcd33ed2e81b7275ab488,C:\samples\malware\VolatileCedar.Explosion\bfc63b30624332f4fc2e510f95b69d18dd0241eb0d2fcd33ed2e81b7275ab488,malware,VolatileCedar.Explosion,7,10,20480,24576,0,4535,4096,268435456,4096,4096,332,267,5,0,5,3.241,0,34294,40960,2,59,0,1,0,0,0,0,0,1,0,0,0,1,0,0,1,1
d0f059ba21f06021579835a55220d1e822d1233f95879ea6f7cb9d301408c821,C:\samples\malware\VolatileCedar.Explosion\d0f059ba21f06021579835a55220d1e822d1233f95879ea6f7cb9d301408c821,malware,VolatileCedar.Explosion,7,10,241664,163840,0,184625,4096,4194304,4096,4096,332,267,5,1,5,3.65,0,392124,372736,12,227,0,1,0,1,0,0,0,1,0,0,0,1,0,1,1,1
d30f306d4d866a07372b94f7657a7a2b0500137fe7ef51678d0ef4249895c2c5,C:\samples\malware\VolatileCedar.Explosion\d30f306d4d866a07372b94f7657a7a2b0500137fe7ef51678d0ef4249895c2c5,malware,VolatileCedar.Explosion,7,10,163840,65536,0,104787,4096,4194304,4096,4096,332,267,5,1,5,3.307,0,216614,208896,4,128,0,1,0,0,0,0,0,1,0,0,0,1,0,1,1,1
d8fdcdaad652c19f4f4676cd2f89ae834dbc19e2759a206044b18601875f2726,C:\samples\malware\VolatileCedar.Explosion\d8fdcdaad652c19f4f4676cd2f89ae834dbc19e2759a206044b18601875f2726,malware,VolatileCedar.Explosion,7,10,262144,192512,0,200763,4096,4194304,4096,4096,332,267,5,1,5,4.526,0,441758,421888,12,231,0,1,0,1,0,0,0,1,0,0,0,1,0,1,1,1
dea53e331d3b9f21354147f60902f6e132f06183ed2f4a28e67816f9cb140a90,C:\samples\malware\VolatileCedar.Explosion\dea53e331d3b9f21354147f60902f6e132f06183ed2f4a28e67816f9cb140a90,malware,VolatileCedar.Explosion,7,10,262144,167936,0,200763,4096,4194304,4096,4096,332,267,5,1,5,3.615,0,416854,397312,12,231,0,1,0,1,0,0,0,1,0,0,0,1,0,1,1,1
e2e6ed82703de21eb4c5885730ba3db42f3ddda8b94beb2ee0c3af61bc435747,C:\samples\malware\VolatileCedar.Explosion\e2e6ed82703de21eb4c5885730ba3db42f3ddda8b94beb2ee0c3af61bc435747,malware,VolatileCedar.Explosion,7,10,278528,114688,0,213009,4096,4194304,4096,4096,332,267,5,1,5,3.356,0,377704,352256,13,242,0,1,0,1,0,0,0,1,0,0,0,1,0,1,1,1
e5b68ab68b12c3eaff612ada09eb2d4c403f923cdec8a5c8fe253c6773208baf,C:\samples\malware\VolatileCedar.Explosion\e5b68ab68b12c3eaff612ada09eb2d4c403f923cdec8a5c8fe253c6773208baf,malware,VolatileCedar.Explosion,7,10,241664,163840,0,184625,4096,4194304,4096,4096,332,267,5,1,5,3.649,0,392108,372736,12,227,0,1,0,1,0,0,0,1,0,0,0,1,0,1,1,1
ea335556fecaf983f6f26b9788b286fbf5bd85ff403bb4a1db604496d011be29,C:\samples\malware\VolatileCedar.Explosion\ea335556fecaf983f6f26b9788b286fbf5bd85ff403bb4a1db604496d011be29,malware,VolatileCedar.Explosion,7,10,65536,49152,0,21980,4096,268435456,4096,4096,332,267,6,1,6,3.227,0,96798,102400,5,95,0,0,0,0,0,0,0,1,0,0,0,1,0,0,1,1
ef47aaf4e964e1e1b7787c480e60a744550de847618510d2bf54bbc5bda57470,C:\samples\malware\VolatileCedar.Explosion\ef47aaf4e964e1e1b7787c480e60a744550de847618510d2bf54bbc5bda57470,malware,VolatileCedar.Explosion,7,10,90112,49152,0,46422,4096,4194304,4096,4096,332,267,4,0,4,3.804,0,132208,118784,8,128,0,1,0,0,0,0,0,1,0,0,0,1,0,0,1,1
fc085d9be18f3d8d7ca68fbe1d9e29abbe53e7582453f61a9cd65da06961f751,C:\samples\malware\VolatileCedar.Explosion\fc085d9be18f3d8d7ca68fbe1d9e29abbe53e7582453f61a9cd65da06961f751,malware,VolatileCedar.Explosion,7,10,262144,192512,0,200763,4096,4194304,4096,4096,332,267,5,1,5,4.526,0,441742,421888,12,231,0,1,0,1,0,0,0,1,0,0,0,1,0,1,1,1
Q300972I.EXE,C:\samples\malware\W32.CodeRed.Worm.C\PATCH\NT4\Q300972I.EXE,malware,NT4,6,10,19968,1536,68096,7168,4096,83886080,4096,512,332,267,3,1,3,4.839,1,88572,235554,4,42,0,1,0,0,0,0,0,1,0,0,0,0,0,0,0,0
Q30097~1.EXE,C:\samples\malware\W32.CodeRed.Worm.C\PATCH\WINK\Q30097~1.EXE,malware,WINK,6,10,19968,1536,68096,7168,4096,83886080,4096,512,332,267,3,1,3,4.838,1,88572,230008,4,42,0,1,0,0,0,0,0,1,0,0,0,0,0,0,0,0
TESTDE~1.CPL,C:\samples\malware\W32.Duni.A\TESTDE~1.CPL,malware,W32.Duni.A,2,25,233472,4096,360448,596448,364544,4194304,4096,4096,332,267,3,2,3,3.644,1,598016,235008,8,9,0,1,0,1,0,0,0,0,0,0,0,1,0,0,1,0
W32.Elkern.4926.exe,C:\samples\malware\W32.Elkern.B\W32.Elkern.4926.exe,malware,W32.Elkern.B,6,0,225280,241664,0,226176,4096,4194304,4096,4096,332,267,6,2,5,3.892,0,453151,393216,4,149,0,1,0,0,0,0,0,1,0,0,0,1,0,0,1,1
"Adobe, Acrobat PDF Writer 3.exe","C:\samples\malware\W32.HLLP.Hantaner.A\Adobe, Acrobat PDF Writer 3.exe",malware,W32.HLLP.Hantaner.A,2,25,24576,4096,1077248,1102656,1081344,4194304,4096,4096,332,267,3,2,3,3.493,1,1105920,23040,4,6,0,1,0,1,0,0,0,0,0,0,0,1,0,0,1,0
blanca de nieve.scr,C:\samples\malware\W32.Hybris.Worm.B\blanca de nieve.scr,malware,W32.Hybris.Worm.B,0,0,22016,0,0,4096,4096,4194304,4096,512,332,267,2,0,2,5.258,1,28672,21762,1,1,0,0,0,0,0,0,0,0,0,0,0,0,0,0,0,1
FLASH829.EXE,C:\samples\malware\W32.Hybris.Worm.B\FLASH829.EXE,malware,W32.Hybris.Worm.B,0,0,21504,0,0,4096,4096,4194304,4096,512,332,267,2,0,2,5.252,1,28672,21350,1,1,0,0,0,0,0,0,0,0,0,0,0,0,0,0,0,1
midgets.scr,C:\samples\malware\W32.Hybris.Worm.B\midgets.scr,malware,W32.Hybris.Worm.B,0,0,21504,0,0,4096,4096,4194304,4096,512,332,267,2,0,2,5.253,1,28672,21350,1,1,0,0,0,0,0,0,0,0,0,0,0,0,0,0,0,1
F897A65B.exe,C:\samples\malware\W32.Klez.E\F897A65B.exe,malware,W32.Klez.E,6,0,49152,557056,0,32888,4096,4194304,4096,4096,332,267,4,0,3,4.258,0,596560,69648,4,117,0,0,0,0,0,0,0,1,0,0,0,1,0,0,1,1
FixKlez.com,C:\samples\malware\W32.Klez.E\FixKlez.com,malware,W32.Klez.E,6,0,90112,8192,270336,363648,274432,4194304,4096,4096,332,267,3,2,3,3.749,1,368640,93696,7,8,0,1,0,0,0,0,0,0,0,0,0,1,0,0,1,0
Win32_klez.exe,C:\samples\malware\W32.Klez.E\Win32_klez.exe,malware,W32.Klez.E,7,0,159744,102400,0,56638,4096,4194304,4096,4096,332,267,4,0,4,4.827,0,250844,249856,13,354,0,1,0,1,0,0,0,1,0,0,0,1,0,0,1,1
FixKlez.com,C:\samples\malware\W32.Klez.H\FixKlez.com,malware,W32.Klez.H,6,0,90112,8192,270336,363648,274432,4194304,4096,4096,332,267,3,2,3,3.749,1,368640,93696,7,8,0,1,0,0,0,0,0,0,0,0,0,1,0,0,1,0
SCHDPL32.exe,C:\samples\malware\W32.Klez.H\SCHDPL32.exe,malware,W32.Klez.H,6,0,49152,561152,0,33880,4096,4194304,4096,4096,332,267,4,0,4,4.766,0,684292,162304,4,119,0,0,0,0,0,0,0,1,0,0,0,1,0,0,1,1
Win32_klez.exe,C:\samples\malware\W32.Klez.H\Win32_klez.exe,malware,W32.Klez.H,7,0,159744,102400,0,56638,4096,4194304,4096,4096,332,267,4,0,4,4.827,0,250844,249856,13,354,0,1,0,1,0,0,0,1,0,0,0,1,0,0,1,1
f-mydoom.exe,C:\samples\malware\W32.MyDoom.A\f-mydoom.exe,malware,W32.MyDoom.A,5,10,78848,52224,0,47184,4096,4194304,4096,1024,332,267,3,0,3,5.165,0,130216,112640,2,105,0,0,0,0,0,0,0,1,0,0,0,1,0,0,1,1
strip-girl-2.0bdcom_patches.exe,C:\samples\malware\W32.MyDoom.A\strip-girl-2.0bdcom_patches.exe,malware,W32.MyDoom.A,7,0,20480,4096,24576,48736,28672,4849664,4096,4096,332,267,3,2,2,3.569,1,49152,21504,5,7,0,1,0,0,0,0,0,0,0,0,0,1,0,0,1,0
FIX_NIMDA.exe,C:\samples\malware\W32.Nimda.A\FIX_NIMDA.exe,malware,W32.Nimda.A,6,0,28672,16384,0,10726,4096,4194304,4096,4096,332,267,3,0,3,4.673,0,36884,36864,1,64,0,0,0,0,0,0,0,1,0,0,0,1,0,0,1,0
slide.exe,C:\samples\malware\W32.Nimda.A\slide.exe,malware,W32.Nimda.A,6,0,65536,45056,0,39447,4096,4194304,4096,4096,332,267,3,0,3,4.586,0,101373,98304,3,59,0,0,0,1,0,0,0,1,0,0,0,1,0,0,1,0
sample.exe,C:\samples\malware\W32.Nimda.E\sample.exe,malware,W32.Nimda.E,6,0,28672,24576,0,29959,4096,926351360,4096,4096,332,267,5,0,4,4.712,0,57778,53248,3,94,0,0,0,0,0,0,0,1,0,0,0,1,0,0,1,1
scanslam.exe,C:\samples\malware\W32.Slammer\scanslam.exe,malware,W32.Slammer,6,0,45056,16384,0,14124,4096,4194304,4096,4096,332,267,3,0,3,4.772,0,55818,57344,2,69,0,0,0,0,0,0,0,1,0,0,0,1,0,0,1,1
W32_Swen@MM.exe,C:\samples\malware\W32.Swen\W32_Swen@MM.exe,malware,W32.Swen,6,0,53248,81920,0,664,4096,4194304,4096,4096,332,267,4,0,4,5.38,0,128943,102400,8,148,0,1,0,0,0,0,0,1,0,0,0,1,0,0,1,1
1b893ca3b782679b1e5d1afecb75be7bcc145b5da21a30f6c18dbddc9c6de4e7,C:\samples\malware\Waski.Upatre\1b893ca3b782679b1e5d1afecb75be7bcc145b5da21a30f6c18dbddc9c6de4e7,malware,Waski.Upatre,9,0,12800,15872,0,14288,4096,4194304,4096,1024,332,267,3,0,3,5.505,0,27812,27136,5,14,0,1,0,0,0,0,0,0,0,0,0,1,0,0,0,0
23f12c28515e7b9d8b2dd60ef660290ae32434bb50d56a8c8259df4881800971,C:\samples\malware\Waski.Upatre\23f12c28515e7b9d8b2dd60ef660290ae32434bb50d56a8c8259df4881800971,malware,Waski.Upatre,2,6,8192,86016,438272,4096,4096,4194304,4096,1536,332,267,5,2,5,3.679,1,127472,44032,12,91,0,0,0,0,0,0,0,0,0,0,0,0,0,0,0,0
3f2781d44c71a2c0509173118dd97e5196db510a65c9f659dc2366fa315fe5e5,C:\samples\malware\Waski.Upatre\3f2781d44c71a2c0509173118dd97e5196db510a65c9f659dc2366fa315fe5e5,malware,Waski.Upatre,5,12,7168,49664,0,16384,4096,4194304,4096,1024,332,267,6,3,6,2.819,0,55398,56320,3,36,0,1,0,0,0,0,0,0,0,0,0,0,0,0,0,1
40accff9b9d71053d4d6f95e6efd7eca1bb1ef5af77c319fe5a4b429eb373990,C:\samples\malware\Waski.Upatre\40accff9b9d71053d4d6f95e6efd7eca1bb1ef5af77c319fe5a4b429eb373990,malware,Waski.Upatre,5,12,7168,49664,0,16384,4096,4194304,4096,1024,332,267,6,3,6,2.817,0,55398,56320,3,36,0,1,0,0,0,0,0,0,0,0,0,0,0,0,0,1
73ebf8c9571f00c9923c87e7442f3d9132627163c5a64e40ad4eb1a1f2266de9,C:\samples\malware\Waski.Upatre\73ebf8c9571f00c9923c87e7442f3d9132627163c5a64e40ad4eb1a1f2266de9,malware,Waski.Upatre,5,12,7168,49664,0,16384,4096,4194304,4096,1024,332,267,6,3,6,2.839,0,55354,56320,3,36,0,1,0,0,0,0,0,0,0,0,0,0,0,0,0,1
Win32.AgentTesla.exe,C:\samples\malware\Win32.AgentTesla\Win32.AgentTesla.exe,malware,Win32.AgentTesla,11,0,435200,25088,0,443086,8192,4194304,8192,512,332,267,3,0,3,3.705,0,459104,460288,1,1,0,0,0,0,0,0,0,0,0,0,0,0,0,0,0,0
3_4.exe,C:\samples\malware\Win32.Alina.3.4.B\3_4.exe,malware,Win32.Alina.3.4.B,10,0,61440,4096,352256,414720,356352,4194304,4096,4096,332,267,3,3,3,3.487,1,417792,59904,7,12,0,0,0,0,0,0,0,0,0,0,0,1,0,0,1,0
4bfe2216ee63657312af1b2507c8f2bf362fdf1d63c88faba397e880c2e39430,C:\samples\malware\Win32.APT28.SekoiaRootkit\4bfe2216ee63657312af1b2507c8f2bf362fdf1d63c88faba397e880c2e39430,malware,Win32.APT28.SekoiaRootkit,9,0,29696,3584,0,45156,4096,65536,4096,1024,34404,523,6,1,6,3.064,0,32219,33280,2,60,0,0,0,0,0,0,0,0,0,0,0,0,0,0,0,0
Avatar_Rootkit_NETbotnet_32d6644c5ea66e390070d3dc3401e54b_unpacked,C:\samples\malware\Win32.Avatar\Avatar_Rootkit_NETbotnet_32d6644c5ea66e390070d3dc3401e54b_unpacked,malware,Win32.Avatar,10,0,12288,115712,0,8992,4096,4194304,4096,1024,332,267,5,0,5,4.89,1,126903,128000,4,39,0,0,0,0,0,0,0,0,0,0,0,0,0,0,1,1
ImplantBigBang.bin,C:\samples\malware\Win32.BigBang\ImplantBigBang.bin,malware,Win32.BigBang,14,12,673280,336384,0,281259,4096,4194304,4096,1024,332,267,5,0,5,5.85,0,1008437,1003520,11,219,0,1,0,1,0,0,0,1,0,0,0,1,0,0,0,1
TheBigBang.bin,C:\samples\malware\Win32.BigBang\TheBigBang.bin,malware,Win32.BigBang,14,0,915968,674304,0,548672,4096,4194304,4096,1024,332,267,6,1,6,4.609,0,1604928,1590272,11,195,0,1,0,1,0,0,0,1,0,0,0,1,0,0,1,1
TheBigBangImplant.bin,C:\samples\malware\Win32.BigBang\TheBigBangImplant.bin,malware,Win32.BigBang,14,12,565248,316928,0,275803,4096,4194304,4096,1024,332,267,5,0,4,5.824,0,881485,876544,11,220,0,1,0,1,0,0,0,1,0,0,0,1,0,0,0,1
bea95bebec95e0893a845f62e832d7cf.exe.ViR,C:\samples\malware\Win32.Boaxxe.BB\bea95bebec95e0893a845f62e832d7cf.exe.ViR,malware,Win32.Boaxxe.BB,6,0,24064,164864,1024,12538,4096,4194304,4096,1024,332,267,5,1,5,4.157,0,218400,32768,8,154,0,1,0,0,0,0,0,1,0,0,0,1,1,1,1,1
c34e5d36bd3a9a6fca92e900ab015aa50bb20d2cd6c0b6e03d070efe09ee689a,C:\samples\malware\Win32.BUMBLEBEE_0.1\c34e5d36bd3a9a6fca92e900ab015aa50bb20d2cd6c0b6e03d070efe09ee689a,malware,Win32.BUMBLEBEE_0.1,14,0,38912,2422784,0,33936,4096,6442450944,4096,1024,34404,523,7,1,7,4.442,1,2459662,2459136,1,51,0,0,0,0,0,0,0,0,0,0,0,1,0,0,0,0
8c213b3707b0b042d769fdf543c6e8bd7c127cea6a9bc989eaf241a1505d1ed9,C:\samples\malware\Win32.Caphaw.Shylock\8c213b3707b0b042d769fdf543c6e8bd7c127cea6a9bc989eaf241a1505d1ed9,malware,Win32.Caphaw.Shylock,7,10,24832,2176,0,24070,1024,65536,128,1024,332,267,3,1,3,5.637,0,26792,27008,1,65,0,0,0,0,0,0,0,0,0,0,0,0,0,0,0,0
f65fa71e8ffe11bb6e7c6c84c3d365f4fe729e1e9c38cb4f073d2b65058465fa,C:\samples\malware\Win32.Caphaw.Shylock\f65fa71e8ffe11bb6e7c6c84c3d365f4fe729e1e9c38cb4f073d2b65058465fa,malware,Win32.Caphaw.Shylock,7,10,20480,253952,0,5467,4096,4194304,4096,4096,332,267,4,0,4,5.188,1,263986,274432,5,59,0,1,0,0,0,0,0,1,0,0,0,1,0,0,1,1
AAA._xe,C:\samples\malware\Win32.Carberp\AAA._xe,malware,Win32.Carberp,8,0,77824,78336,0,71440,4096,4194304,4096,1024,332,267,5,0,1,6.301,1,313856,156160,6,224,0,0,0,0,0,0,0,0,0,0,0,0,0,0,1,0
17,C:\samples\malware\Win32.Cridex\17,malware,Win32.Cridex,8,4,86016,4096,90112,176352,94208,4194304,4096,4096,332,267,3,2,3,3.661,1,180224,85504,3,8,0,0,0,0,0,0,0,0,0,0,0,1,0,0,1,0
loader_00400000.Embedded01.DLL,C:\samples\malware\Win32.Cutwail\1\loader_00400000.Embedded01.DLL,malware,1,7,10,16384,16384,0,16837,4096,268435456,4096,4096,332,267,4,0,4,2.564,0,24083,28672,5,73,0,1,0,0,0,0,0,0,0,0,0,1,0,0,1,1
loader_00400000.Embedded01.SYS,C:\samples\malware\Win32.Cutwail\1\loader_00400000.Embedded01.SYS,malware,1,7,10,10112,1664,0,9616,768,65536,128,768,332,267,5,1,5,3.696,0,11372,11776,1,35,0,0,0,0,0,0,0,0,0,0,0,0,0,0,0,0
counter.exe,C:\samples\malware\Win32.Cutwail\2\counter.exe,malware,2,5,12,27648,3584,0,16896,4096,4194304,4096,1024,332,267,4,0,4,4.61,1,30676,31232,2,14,0,0,0,0,0,0,0,0,0,0,0,1,0,0,1,1
psih.safe,C:\samples\malware\Win32.Cutwail\3\psih.safe,malware,3,6,0,24576,4096,73728,100624,77824,319815680,4096,4096,332,267,3,2,3,3.785,1,102400,26112,3,8,0,0,0,0,0,0,0,0,0,0,0,1,0,0,1,0
unpacked_.safe,C:\samples\malware\Win32.Cutwail\3\unpacked_.safe,malware,3,9,0,16384,4096,24576,7168,53248,319815680,4096,4096,332,267,7,4,0,4.448,1,81993,81993,3,35,0,0,0,0,0,0,0,1,0,0,0,0,0,0,0,0
decrypted.ex_,C:\samples\malware\Win32.Cutwail\4\decrypted.ex_,malware,4,5,12,48128,1024,0,4096,4096,142606336,4096,1024,332,267,3,0,3,2.756,1,48086,49152,1,2,0,0,0,0,0,0,0,0,0,0,0,0,0,0,0,0
hui.ex1,C:\samples\malware\Win32.Cutwail\4\hui.ex1,malware,4,5,12,2048,38400,0,4096,4096,4194304,4096,1024,332,267,5,0,5,3.83,1,39170,40448,3,30,0,1,0,0,0,0,0,0,0,0,0,1,0,0,1,1
Win32.DarkTequila.exe,C:\samples\malware\Win32.DarkTequila\Win32.DarkTequila.exe,malware,Win32.DarkTequila,10,0,876544,4096,49152,924368,53248,4194304,4096,4096,332,267,3,2,3,3.561,1,929792,876544,2,7,0,0,0,0,0,0,0,0,0,0,0,1,0,0,1,0
29D6161522C7F7F21B35401907C702BDDB05ED47.bin,C:\samples\malware\Win32.Emotet\29D6161522C7F7F21B35401907C702BDDB05ED47.bin,malware,Win32.Emotet,6,0,28672,12288,0,5168,4096,4194304,4096,4096,332,267,3,0,3,3.697,0,37228,40960,1,79,0,0,0,0,0,0,0,0,0,0,0,0,0,0,0,0
1ee894c0b91f3b2f836288c22ebeab44798f222f17c255f557af2260b8c6a32d,C:\samples\malware\Win32.EternalRocks\1ee894c0b91f3b2f836288c22ebeab44798f222f17c255f557af2260b8c6a32d,malware,Win32.EternalRocks,8,0,106496,2048,0,114346,8192,4194304,8192,512,332,267,3,0,3,3.134,0,107841,108544,1,1,0,0,0,0,0,0,0,0,0,0,0,0,0,0,0,0
20240431d6eb6816453651b58b37f53950fcc3f0929813806525c5fd97cdc0e1,C:\samples\malware\Win32.EternalRocks\20240431d6eb6816453651b58b37f53950fcc3f0929813806525c5fd97cdc0e1,malware,Win32.EternalRocks,11,0,33280,27136,0,90122,40960,4194304,8192,1024,332,267,5,2,5,3.429,1,58620,60416,1,1,0,0,0,0,0,0,0,0,0,0,0,0,0,0,0,0
2094d105ec70aa98866a83b38a22614cff906b2cf0a08970ed59887383ee7b70,C:\samples\malware\Win32.EternalRocks\2094d105ec70aa98866a83b38a22614cff906b2cf0a08970ed59887383ee7b70,malware,Win32.EternalRocks,11,0,5632,2048,0,13566,8192,4194304,8192,512,332,267,3,0,3,3.138,0,6904,7680,1,1,0,0,0,0,0,0,0,0,0,0,0,0,0,0,0,0
23eeb35780faf868a7b17b8e8da364d71bae0e46c1ababddddddecbdbd2c2c64,C:\samples\malware\Win32.EternalRocks\23eeb35780faf868a7b17b8e8da364d71bae0e46c1ababddddddecbdbd2c2c64,malware,Win32.EternalRocks,6,0,8192,8192,0,4596,4096,4194304,4096,4096,332,267,3,0,3,1.89,0,10148,16384,1,44,0,0,0,0,0,0,0,0,0,0,0,0,0,0,0,0
3b4497c7f8c89bf22c984854ac7603573a53b95ed147e80c0f19e549e2b65693,C:\samples\malware\Win32.EternalRocks\3b4497c7f8c89bf22c984854ac7603573a53b95ed147e80c0f19e549e2b65693,malware,Win32.EternalRocks,8,0,536576,4738048,0,5308426,4751360,4194304,8192,1024,332,267,5,2,5,3.342,1,5273380,5274624,1,1,0,0,0,0,0,0,0,0,0,0,0,0,0,0,0,0
44472436a5b46d19cb34fa0e74924e4efc80dfa2ed491773a2852b03853221a2,C:\samples\malware\Win32.EternalRocks\44472436a5b46d19cb34fa0e74924e4efc80dfa2ed491773a2852b03853221a2,malware,Win32.EternalRocks,14,0,218112,440832,0,5296,4096,6442450944,4096,1024,34404,523,7,1,7,4.765,0,657177,652800,1,83,0,0,0,0,0,0,0,1,0,0,0,1,0,0,0,0
48b1024f599c3184a49c0d66c5600385265b9868d0936134185326e2db0ab441,C:\samples\malware\Win32.EternalRocks\48b1024f599c3184a49c0d66c5600385265b9868d0936134185326e2db0ab441,malware,Win32.EternalRocks,48,0,2048,2048,0,9982,8192,4194304,8192,512,332,267,3,0,3,2.853,0,3312,4096,1,1,0,0,0,0,0,0,0,0,0,0,0,0,0,0,0,0
589af04a85dc66ec6b94123142a17cf194decd61f5d79e76183db026010e0d31,C:\samples\malware\Win32.EternalRocks\589af04a85dc66ec6b94123142a17cf194decd61f5d79e76183db026010e0d31,malware,Win32.EternalRocks,8,0,177664,125440,0,0,139264,4194304,8192,512,34404,523,3,1,3,5.566,1,302280,303104,0,0,0,0,0,0,0,0,0,0,0,0,0,0,0,0,0,0
64442cceb7d618e70c62d461cfaafdb8e653b8d98ac4765a6b3d8fd1ea3bce15,C:\samples\malware\Win32.EternalRocks\64442cceb7d618e70c62d461cfaafdb8e653b8d98ac4765a6b3d8fd1ea3bce15,malware,Win32.EternalRocks,6,0,24576,315392,0,5420,4096,4194304,4096,4096,332,267,3,0,3,3.952,0,334000,339968,1,86,0,0,0,0,0,0,0,0,0,0,0,0,0,0,0,0
6bc73659a9f251eef5c4e4e4aa7c05ff95b3df58cde829686ceee8bd845f3442,C:\samples\malware\Win32.EternalRocks\6bc73659a9f251eef5c4e4e4aa7c05ff95b3df58cde829686ceee8bd845f3442,malware,Win32.EternalRocks,14,0,177664,423424,0,5376,4096,268435456,4096,1024,332,267,6,1,6,5.083,0,599631,596480,1,80,0,0,0,0,0,0,0,1,0,0,0,1,0,0,0,0
7b8674c8f0f7c0963f2c04c35ae880e87d4c8ed836fc651e8c976197468bd98a,C:\samples\malware\Win32.EternalRocks\7b8674c8f0f7c0963f2c04c35ae880e87d4c8ed836fc651e8c976197468bd98a,malware,Win32.EternalRocks,11,0,32768,27136,0,90122,40960,4194304,8192,1024,332,267,5,2,5,3.432,1,58444,59904,1,1,0,0,0,0,0,0,0,0,0,0,0,0,0,0,0,0
94189147ba9749fd0f184fe94b345b7385348361480360a59f12adf477f61c97,C:\samples\malware\Win32.EternalRocks\94189147ba9749fd0f184fe94b345b7385348361480360a59f12adf477f61c97,malware,Win32.EternalRocks,6,0,24576,315392,0,5420,4096,4194304,4096,4096,332,267,3,0,3,3.952,0,334000,339968,1,86,0,0,0,0,0,0,0,0,0,0,0,0,0,0,0,0
9bd32162e0a50f8661fd19e3b26ff65868ab5ea636916bd54c244b0148bd9c1b,C:\samples\malware\Win32.EternalRocks\9bd32162e0a50f8661fd19e3b26ff65868ab5ea636916bd54c244b0148bd9c1b,malware,Win32.EternalRocks,6,0,24576,110592,0,5420,4096,4194304,4096,4096,332,267,3,0,3,3.364,0,128832,135168,1,86,0,0,0,0,0,0,0,0,0,0,0,0,0,0,0,0
a77c61e86bc69fdc909560bb7a0fa1dd61ee6c86afceb9ea17462a97e7114ab0,C:\samples\malware\Win32.EternalRocks\a77c61e86bc69fdc909560bb7a0fa1dd61ee6c86afceb9ea17462a97e7114ab0,malware,Win32.EternalRocks,8,0,537088,4739072,0,5308426,4751360,4194304,8192,1024,332,267,5,2,5,3.342,1,5274480,5276160,1,1,0,0,0,0,0,0,0,0,0,0,0,0,0,0,0,0
a7c387b4929f51e38706d8b0f8641e032253b07bc2869a450dfa3df5663d7392,C:\samples\malware\Win32.EternalRocks\a7c387b4929f51e38706d8b0f8641e032253b07bc2869a450dfa3df5663d7392,malware,Win32.EternalRocks,6,0,24576,311296,0,5420,4096,4194304,4096,4096,332,267,3,0,3,3.959,0,332976,335872,1,86,0,0,0,0,0,0,0,0,0,0,0,0,0,0,0,0
ad8965e531424cb34120bf0c1b4b98d4ab769bed534d9a36583364e9572332fa,C:\samples\malware\Win32.EternalRocks\ad8965e531424cb34120bf0c1b4b98d4ab769bed534d9a36583364e9572332fa,malware,Win32.EternalRocks,6,0,24576,118784,0,5420,4096,4194304,4096,4096,332,267,3,0,3,3.352,0,136000,143360,1,86,0,0,0,0,0,0,0,0,0,0,0,0,0,0,0,0
aedd0c47daa35f291e670e3feadaed11d9b8fe12c05982f16c909a57bf39ca35,C:\samples\malware\Win32.EternalRocks\aedd0c47daa35f291e670e3feadaed11d9b8fe12c05982f16c909a57bf39ca35,malware,Win32.EternalRocks,11,0,32768,26112,0,0,32768,5368709120,8192,512,34404,523,3,1,3,5.641,1,58228,58880,0,0,0,0,0,0,0,0,0,0,0,0,0,0,0,0,0,0
b2ca4093b2e0271cb7a3230118843fccc094e0160a0968994ed9f10c8702d867,C:\samples\malware\Win32.EternalRocks\b2ca4093b2e0271cb7a3230118843fccc094e0160a0968994ed9f10c8702d867,malware,Win32.EternalRocks,6,0,24576,118784,0,5420,4096,4194304,4096,4096,332,267,3,0,3,3.355,0,136000,143360,1,86,0,0,0,0,0,0,0,0,0,0,0,0,0,0,0,0
c4762489488f797b4b33382c8b1b71c94a42c846f1f28e0e118c83fe032848f0,C:\samples\malware\Win32.EternalRocks\c4762489488f797b4b33382c8b1b71c94a42c846f1f28e0e118c83fe032848f0,malware,Win32.EternalRocks,8,0,178176,125952,0,335882,139264,4194304,8192,1024,332,267,5,2,5,3.388,1,302432,304128,1,1,0,0,0,0,0,0,0,0,0,0,0,0,0,0,0,0
c999bf5da5ea3960408d3cba154f965d3436b497ac9d4959b412bfcd956c8491,C:\samples\malware\Win32.EternalRocks\c999bf5da5ea3960408d3cba154f965d3436b497ac9d4959b412bfcd956c8491,malware,Win32.EternalRocks,8,0,106496,2048,0,114274,8192,4194304,8192,512,332,267,3,0,3,3.133,0,107769,108544,1,1,0,0,0,0,0,0,0,0,0,0,0,0,0,0,0,0
cf8533849ee5e82023ad7adbdbd6543cb6db596c53048b1a0c00b3643a72db30,C:\samples\malware\Win32.EternalRocks\cf8533849ee5e82023ad7adbdbd6543cb6db596c53048b1a0c00b3643a72db30,malware,Win32.EternalRocks,8,0,536576,4738048,0,5308426,4751360,4194304,8192,1024,332,267,5,2,5,3.342,1,5273484,5274624,1,1,0,0,0,0,0,0,0,0,0,0,0,0,0,0,0,0
d43c10a2c983049d4a32487ab1e8fe7727646052228554e0112f6651f4833d2c,C:\samples\malware\Win32.EternalRocks\d43c10a2c983049d4a32487ab1e8fe7727646052228554e0112f6651f4833d2c,malware,Win32.EternalRocks,8,0,99328,2048,0,107146,8192,4194304,8192,512,34404,523,3,0,3,3.135,0,100649,101376,1,1,0,0,0,0,0,0,0,0,0,0,0,0,0,0,0,0
d86af736644e20e62807f03c49f4d0ad7de9cbd0723049f34ec79f8c7308fdd5,C:\samples\malware\Win32.EternalRocks\d86af736644e20e62807f03c49f4d0ad7de9cbd0723049f34ec79f8c7308fdd5,malware,Win32.EternalRocks,6,0,24576,110592,0,5420,4096,4194304,4096,4096,332,267,3,0,3,3.948,0,128832,135168,1,86,0,0,0,0,0,0,0,0,0,0,0,0,0,0,0,0
e049d8f69ddee0c2d360c27b98fa9e61b7202bb0d3884dd3ca63f8aa288422dc,C:\samples\malware\Win32.EternalRocks\e049d8f69ddee0c2d360c27b98fa9e61b7202bb0d3884dd3ca63f8aa288422dc,malware,Win32.EternalRocks,6,0,24576,311296,0,5420,4096,4194304,4096,4096,332,267,3,0,3,3.964,0,332464,335872,1,86,0,0,0,0,0,0,0,0,0,0,0,0,0,0,0,0
e77306d2e3d656fa04856f658885803243aef204760889ca2c09fbe9ba36581d,C:\samples\malware\Win32.EternalRocks\e77306d2e3d656fa04856f658885803243aef204760889ca2c09fbe9ba36581d,malware,Win32.EternalRocks,8,0,177664,125440,0,335882,139264,4194304,8192,1024,332,267,5,2,5,3.388,1,301740,303104,1,1,0,0,0,0,0,0,0,0,0,0,0,0,0,0,0,0
f152ed03e4383592ce7dd548c34f73da53fc457ce8f26d165155a331cde643a9,C:\samples\malware\Win32.EternalRocks\f152ed03e4383592ce7dd548c34f73da53fc457ce8f26d165155a331cde643a9,malware,Win32.EternalRocks,11,0,5632,2048,0,13566,8192,4194304,8192,512,332,267,3,0,3,3.138,0,6904,7680,1,1,0,0,0,0,0,0,0,0,0,0,0,0,0,0,0,0
fc75410aa8f76154f5ae8fe035b9a13c76f6e132077346101a0d673ed9f3a0dd,C:\samples\malware\Win32.EternalRocks\fc75410aa8f76154f5ae8fe035b9a13c76f6e132077346101a0d673ed9f3a0dd,malware,Win32.EternalRocks,8,0,99328,2048,0,107074,8192,4194304,8192,512,34404,523,3,0,3,3.134,0,100577,101376,1,1,0,0,0,0,0,0,0,0,0,0,0,0,0,0,0,0
1215584b4fa69130799f6cf5efe467f380dc68b14ed2c76f63ca6b461ad57246,C:\samples\malware\Win32.FamousSparrow\1215584b4fa69130799f6cf5efe467f380dc68b14ed2c76f63ca6b461ad57246,malware,Win32.FamousSparrow,9,0,71680,25088,0,30134,4096,4194304,4096,1024,332,267,4,0,4,4.827,0,104967,96768,9,152,0,1,0,1,0,0,0,1,0,0,0,1,0,0,1,1
222d68c03d96d230bc3829e86be8821f32960375b70388028a705a4986b8d9c6,C:\samples\malware\Win32.FamousSparrow\222d68c03d96d230bc3829e86be8821f32960375b70388028a705a4986b8d9c6,malware,Win32.FamousSparrow,14,25,46080,32768,0,6392,4096,268435456,4096,1024,332,267,5,0,5,4.894,0,77767,76288,1,73,0,0,0,0,0,0,0,1,0,0,0,1,0,0,1,1
773635768e738bec776dfd7504164b3596e5eee344757dd1ac9a1ad19b452c86,C:\samples\malware\Win32.FamousSparrow\773635768e738bec776dfd7504164b3596e5eee344757dd1ac9a1ad19b452c86,malware,Win32.FamousSparrow,10,0,23552,167424,0,7976,4096,5368709120,4096,1024,34404,523,6,0,5,4.753,0,194518,190976,1,64,0,0,0,0,0,0,0,1,0,0,0,1,0,0,1,0
8dfaa1f579de14bca8bb27c54a57dd87646a835969766ca9ddb81ecd9329f4e4,C:\samples\malware\Win32.FamousSparrow\8dfaa1f579de14bca8bb27c54a57dd87646a835969766ca9ddb81ecd9329f4e4,malware,Win32.FamousSparrow,9,0,26624,14848,0,5793,4096,268435456,4096,1024,332,267,5,0,5,4.709,0,43030,41472,1,64,0,0,0,0,0,0,0,1,0,0,0,1,0,0,1,1
15540D149889539308135FA12BEDBCBF,C:\samples\malware\Win32.Fareit\15540D149889539308135FA12BEDBCBF,malware,Win32.Fareit,6,0,24064,164864,1024,12538,4096,4194304,4096,1024,332,267,5,1,5,4.432,0,231016,45568,8,154,0,1,0,0,0,0,0,1,0,0,0,1,1,1,1,1
1D34D800AA3320DC17A5786F8EEC16EE,C:\samples\malware\Win32.Fareit\1D34D800AA3320DC17A5786F8EEC16EE,malware,Win32.Fareit,9,0,16896,81920,0,5540,4096,4194304,4096,1024,332,267,4,0,4,4.395,0,93127,69632,6,100,0,1,0,0,0,0,0,1,0,0,0,0,0,0,0,0
301210D5557D9BA34F401D3EF7A7276F,C:\samples\malware\Win32.Fareit\301210D5557D9BA34F401D3EF7A7276F,malware,Win32.Fareit,10,0,85504,94720,0,49257,4096,4194304,4096,1024,332,267,3,0,3,5.219,0,179182,94208,5,40,0,1,0,0,0,0,0,0,0,0,0,0,0,0,1,1
60C01A897DD8D60D3FEA002ED3A4B764,C:\samples\malware\Win32.Fareit\60C01A897DD8D60D3FEA002ED3A4B764,malware,Win32.Fareit,10,0,87040,94208,0,42247,4096,4194304,4096,1024,332,267,3,0,3,5.325,0,180228,95232,5,44,0,1,0,1,0,0,0,0,0,0,0,0,0,0,1,1
67E4F5301851646B10A95F65A0B3BACB,C:\samples\malware\Win32.Fareit\67E4F5301851646B10A95F65A0B3BACB,malware,Win32.Fareit,10,0,90624,89600,0,59417,4096,4194304,4096,1024,332,267,3,0,3,5.333,0,179830,94208,5,46,0,1,0,0,0,0,0,0,0,0,0,0,0,0,1,1
8953398DE47344E9C2727565AF8D6F31,C:\samples\malware\Win32.Fareit\8953398DE47344E9C2727565AF8D6F31,malware,Win32.Fareit,10,0,90624,89600,0,59544,4096,4194304,4096,1024,332,267,3,0,3,5.238,0,179420,94208,5,46,0,1,0,0,0,0,0,0,0,0,0,0,0,0,1,1
D883DC7ACC192019F220409EE2CADD64,C:\samples\malware\Win32.Fareit\D883DC7ACC192019F220409EE2CADD64,malware,Win32.Fareit,7,10,18432,69632,0,5486,4096,4194304,4096,1024,332,267,4,0,4,4.505,0,82819,69120,6,129,0,1,0,0,0,0,0,1,0,0,0,1,0,0,0,0
DF5A394AD60512767D375647DBB82994,C:\samples\malware\Win32.Fareit\DF5A394AD60512767D375647DBB82994,malware,Win32.Fareit,10,0,87040,94720,0,84734,4096,4194304,4096,1024,332,267,3,0,3,5.385,0,180884,95744,5,46,0,1,0,1,0,0,0,0,0,0,0,0,0,0,1,1
F1E546FE9D51DC96EB766EC61269EDFB,C:\samples\malware\Win32.Fareit\F1E546FE9D51DC96EB766EC61269EDFB,malware,Win32.Fareit,9,0,71680,90112,0,45804,4096,4194304,4096,1024,332,267,5,1,4,3.979,0,160287,96768,10,165,0,1,0,1,0,0,0,1,0,0,0,1,0,0,0,0
F77DB63CBED98391027F2525C14E161F,C:\samples\malware\Win32.Fareit\F77DB63CBED98391027F2525C14E161F,malware,Win32.Fareit,10,0,86016,94208,0,68474,4096,4194304,4096,1024,332,267,3,0,3,5.353,0,179781,94208,5,46,0,1,0,1,0,0,0,0,0,0,0,0,0,0,1,1
129b8825eaf61dcc2321aad7b84632233fa4bbc7e24bdf123b507157353930f0,C:\samples\malware\Win32.FASTCash\129b8825eaf61dcc2321aad7b84632233fa4bbc7e24bdf123b507157353930f0,malware,Win32.FASTCash,10,0,84992,45056,0,39389,4096,268435456,4096,1024,332,267,4,0,4,5.22,0,128846,117760,2,94,0,0,0,0,0,0,0,1,0,0,0,1,0,0,0,1
9a776b895e93926e2a758c09e341accb9333edc1243d216a5e53f47c6043c852,C:\samples\malware\Win32.FASTCash\9a776b895e93926e2a758c09e341accb9333edc1243d216a5e53f47c6043c852,malware,Win32.FASTCash,10,0,198656,45568,0,12982,4096,4194304,4096,1024,332,267,4,0,4,5.137,0,243124,231936,4,125,0,0,0,0,0,0,0,1,0,0,0,1,0,0,0,0
9ea5aa00e0a738b74066c61b1d35331170a9e0a84df1cc6cef58fd46a8ec5a2e,C:\samples\malware\Win32.FASTCash\9ea5aa00e0a738b74066c61b1d35331170a9e0a84df1cc6cef58fd46a8ec5a2e,malware,Win32.FASTCash,14,0,137728,77824,0,38400,4096,6442450944,4096,1024,34404,523,7,1,7,4.377,0,214050,209920,5,120,0,1,0,0,0,0,0,1,0,0,0,1,0,1,0,0
a917c1cc198cf36c0f2f6c24652e5c2e94e28d963b128d54f00144d216b2d118,C:\samples\malware\Win32.FASTCash\a917c1cc198cf36c0f2f6c24652e5c2e94e28d963b128d54f00144d216b2d118,malware,Win32.FASTCash,10,0,333824,107520,0,59428,4096,4194304,4096,1024,332,267,4,0,4,5.49,0,439869,407552,4,128,0,0,0,0,0,0,0,1,0,0,0,1,0,0,0,0
efd470cfa90b918e5d558e5c8c3821343af06eedfd484dfeb20c4605f9bdc30e.bin,C:\samples\malware\Win32.FASTCash\efd470cfa90b918e5d558e5c8c3821343af06eedfd484dfeb20c4605f9bdc30e.bin,malware,Win32.FASTCash,10,0,92160,45056,0,39544,4096,6442450944,4096,1024,34404,523,6,0,6,4.386,0,145059,137216,4,113,0,1,0,0,0,0,0,1,0,0,0,1,0,1,0,0
8b758ccdfbfa5ff3a0b67b2063c2397531cf0f7b3d278298da76528f443779e9,C:\samples\malware\Win32.GhostSec\8b758ccdfbfa5ff3a0b67b2063c2397531cf0f7b3d278298da76528f443779e9,malware,Win32.GhostSec,3,0,2342400,210432,0,426624,4096,4194304,4096,1536,34404,523,15,9,15,5.64,1,7705026,7331840,1,45,0,0,0,0,0,0,0,1,0,0,0,1,0,0,0,0
a1b468e9550f9960c5e60f7c52ca3c058de19d42eafa760b9d5282eb24b7c55f,C:\samples\malware\Win32.GhostSec\a1b468e9550f9960c5e60f7c52ca3c058de19d42eafa760b9d5282eb24b7c55f,malware,Win32.GhostSec,3,0,2335232,210432,0,426624,4096,4194304,4096,1536,34404,523,15,9,15,5.639,1,7684552,7310848,1,45,0,0,0,0,0,0,0,1,0,0,0,1,0,0,0,0
Win32.GravityRAT.exe,C:\samples\malware\Win32.GravityRat\Win32.GravityRAT.exe,malware,Win32.GravityRat,48,0,657920,2048,0,662982,8192,4194304,8192,512,332,267,3,0,3,3.714,0,659132,659968,1,1,0,0,0,0,0,0,0,0,0,0,0,0,0,0,0,0
Hupigon.ex_,C:\samples\malware\Win32.Hupigon\Hupigon.ex_,malware,Win32.Hupigon,2,25,659968,101376,0,794730,4096,4194304,4096,1024,332,267,10,6,9,2.904,0,772778,720456,15,533,0,1,0,1,0,0,0,1,0,0,0,1,1,1,1,1
5ffd4c5e1766196ac1cbd799de829812757684f4432f1b8de59054890997c30d,C:\samples\malware\Win32.Infostealer.Dexter\5ffd4c5e1766196ac1cbd799de829812757684f4432f1b8de59054890997c30d,malware,Win32.Infostealer.Dexter,8,0,24576,42496,0,15088,4096,4194304,4096,1024,332,267,4,0,4,6.062,1,69484,67072,10,115,0,1,0,0,0,0,0,1,1,0,0,1,0,0,1,1
win33.exe,C:\samples\malware\Win32.Infostealer.Dexter\win33.exe,malware,Win32.Infostealer.Dexter,8,0,24576,42496,0,15088,4096,4194304,4096,1024,332,267,4,0,4,6.065,1,69484,67072,10,115,0,1,0,0,0,0,0,1,1,0,0,1,0,0,1,1
b81b10bdf4f29347979ea8a1715cbfc560e3452ba9fffcc33cd19a3dc47083a4,C:\samples\malware\Win32.Invicea_Tunnel\b81b10bdf4f29347979ea8a1715cbfc560e3452ba9fffcc33cd19a3dc47083a4,malware,Win32.Invicea_Tunnel,2,56,128000,207872,50688,4568,4096,4194304,4096,1024,332,267,5,1,4,4.429,0,257772,207872,6,177,0,1,0,0,0,0,0,1,0,0,0,1,0,0,1,1
3564ceb9251eccd82d0c060c0dca83c9812f72c5fb72b5c25443dfd8a780c734,C:\samples\malware\Win32.KerrDown\3564ceb9251eccd82d0c060c0dca83c9812f72c5fb72b5c25443dfd8a780c734,malware,Win32.KerrDown,14,0,54272,59392,0,9741,4096,268435456,4096,1024,332,267,6,1,6,5.277,1,112029,110592,2,71,0,0,0,0,0,0,0,1,0,0,0,1,0,0,0,0
eac776c3c83c9db1a770ffaf6df9e94611c8293cbd41cb9257148603b8f2be0b,C:\samples\malware\Win32.KerrDown\eac776c3c83c9db1a770ffaf6df9e94611c8293cbd41cb9257148603b8f2be0b,malware,Win32.KerrDown,14,0,54272,59392,0,9741,4096,268435456,4096,1024,332,267,6,1,6,5.278,1,112021,110592,2,71,0,0,0,0,0,0,0,1,0,0,0,1,0,0,0,0
fef436e4196ae779ec1d6dd6dcfeec045bc1f848efed5b24e287354a18c6dd85,C:\samples\malware\Win32.KerrDown\fef436e4196ae779ec1d6dd6dcfeec045bc1f848efed5b24e287354a18c6dd85,malware,Win32.KerrDown,14,0,54272,58880,0,9740,4096,268435456,4096,1024,332,267,6,1,6,5.268,1,111919,110592,3,72,0,0,0,0,0,0,0,1,0,0,0,1,0,0,0,0
Win32.KeyPass.bin,C:\samples\malware\Win32.KeyPass\Win32.KeyPass.bin,malware,Win32.KeyPass,12,0,2081280,913920,0,1450535,4096,4194304,4096,1024,332,267,5,0,5,5.543,0,2993983,2957824,20,702,0,1,0,1,0,0,0,1,1,0,0,1,1,1,1,1
0581a38d1dc61e0da50722cb6c4253d603cc7965c87e1e42db548460d4abdcae.bin,C:\samples\malware\Win32.Lephic\0581a38d1dc61e0da50722cb6c4253d603cc7965c87e1e42db548460d4abdcae.bin,malware,Win32.Lephic,9,0,104448,41984,0,65089,4096,4194304,4096,1024,332,267,4,0,4,4.931,0,156255,146432,5,102,0,1,0,0,0,0,0,1,0,0,0,1,0,0,1,0
e89614e3b0430d706bef2d1f13b30b43e5c53db9a477e2ff60ef5464e1e9add4.exe,C:\samples\malware\Win32.LuckyCat\e89614e3b0430d706bef2d1f13b30b43e5c53db9a477e2ff60ef5464e1e9add4.exe,malware,Win32.LuckyCat,14,0,79872,40448,0,19001,4096,268435456,4096,1024,332,267,6,1,6,4.254,0,118848,117760,6,130,0,1,0,0,0,0,0,1,1,0,0,1,0,0,0,0
Win32.MyLobot.bin,C:\samples\malware\Win32.MyLobot\Win32.MyLobot.bin,malware,Win32.MyLobot,9,0,29696,149504,0,9680,4096,4194304,4096,1024,332,267,4,0,4,5.108,0,181138,179200,1,60,0,0,0,0,0,0,0,1,0,0,0,1,0,0,1,1
data.exe_,C:\samples\malware\Win32.Narilam\data.exe_,malware,Win32.Narilam,5,0,811008,598016,0,5136,4096,4194304,4096,1536,332,267,8,2,8,3.149,0,1666552,1627640,8,399,0,1,0,1,0,0,0,1,0,0,0,1,1,0,1,1
366affd094cc63e2c19c5d57a6866b487889dab5d1b07c084fff94262d8a390b,C:\samples\malware\Win32.OnionDuke.B\366affd094cc63e2c19c5d57a6866b487889dab5d1b07c084fff94262d8a390b,malware,Win32.OnionDuke.B,10,0,86016,47104,0,52370,4096,268435456,4096,1024,332,267,4,0,4,5.163,0,132291,125440,5,98,0,1,0,0,0,0,0,1,0,0,0,1,0,0,1,1
4cef5835072bb0290a05f9c5281d4a614733f480ba7f1904ae91325a10a15a04,C:\samples\malware\Win32.RedDelta\4cef5835072bb0290a05f9c5281d4a614733f480ba7f1904ae91325a10a15a04,malware,Win32.RedDelta,6,0,12288,45056,0,13104,4096,268435456,4096,4096,332,267,5,0,5,3.303,0,40978,49152,1,5,0,0,0,0,0,0,0,0,0,0,0,1,0,0,1,1
7824eb5f173c43574593bd3afab41a60e0e2ffae80201a9b884721b451e6d935,C:\samples\malware\Win32.RedDelta\7824eb5f173c43574593bd3afab41a60e0e2ffae80201a9b884721b451e6d935,malware,Win32.RedDelta,14,25,534528,204800,0,349504,4096,5368709120,4096,1024,34404,523,7,1,7,4.572,0,737194,731648,8,171,0,0,0,1,0,0,0,1,0,0,0,1,0,0,1,1
bc6c2fda18f8ee36930b469f6500e28096eb6795e5fd17c44273c67bc9fa6a6d,C:\samples\malware\Win32.RedDelta\bc6c2fda18f8ee36930b469f6500e28096eb6795e5fd17c44273c67bc9fa6a6d,malware,Win32.RedDelta,6,0,8192,12288,0,8369,4096,268435456,4096,4096,332,267,4,0,4,1.504,0,5639,20480,2,24,0,0,0,0,0,0,0,0,0,0,0,1,0,0,0,1
f6e5a3a32fb3aaf3f2c56ee482998b09a6ced0a60c38088e7153f3ca247ab1cc,C:\samples\malware\Win32.RedDelta\f6e5a3a32fb3aaf3f2c56ee482998b09a6ced0a60c38088e7153f3ca247ab1cc,malware,Win32.RedDelta,6,0,12288,40960,0,13088,4096,268435456,4096,4096,332,267,5,0,5,3.316,1,38040,45056,1,5,0,0,0,0,0,0,0,0,0,0,0,1,0,0,1,1
lwxtbjqm.cpp,C:\samples\malware\Win32.Reveton\lwxtbjqm.cpp,malware,Win32.Reveton,8,0,38400,109568,0,4151,4096,184549376,4096,1024,332,267,5,1,5,3.443,0,183739,147968,3,19,0,0,0,0,0,0,0,0,0,0,0,0,0,0,0,0
Win32.Sofacy.A,C:\samples\malware\Win32.Sofacy.A\Win32.Sofacy.A,malware,Win32.Sofacy.A,10,0,2560,86016,0,5536,4096,4194304,4096,1024,332,267,5,0,5,4.769,0,87380,88576,2,15,0,0,0,0,0,0,0,1,0,0,0,0,0,0,0,0
Win32.SofacyCarberp.bin,C:\samples\malware\Win32.SofacyCarberp\Win32.SofacyCarberp.bin,malware,Win32.SofacyCarberp,14,0,24064,7168,0,27574,4096,268435456,4096,1024,332,267,5,0,5,4.242,0,30120,30720,9,88,0,1,0,0,0,0,0,1,0,0,0,1,0,0,1,1
Win32.SofacyCarberp.exe,C:\samples\malware\Win32.SofacyCarberp\Win32.SofacyCarberp.exe,malware,Win32.SofacyCarberp,14,0,74240,60928,0,11344,4096,4194304,4096,1024,332,267,5,1,5,5.551,1,134009,132608,3,83,0,0,0,0,0,0,0,1,0,0,0,1,0,0,0,0
b06ab1f3abf8262f32c3deab9d344d241e4203235043fe996cb499ed2fdf17c4,C:\samples\malware\Win32.StrongPity\b06ab1f3abf8262f32c3deab9d344d241e4203235043fe996cb499ed2fdf17c4,malware,Win32.StrongPity,14,0,76800,41472,0,11706,4096,4194304,4096,1024,332,267,6,1,6,4.129,0,116919,112640,4,84,0,1,0,0,0,0,0,1,1,0,0,1,0,0,0,1
bac8489de573f614d988097e9eae53ffc2eb4e7dcb0e68c349f549a26d2130a8,C:\samples\malware\Win32.StrongPity\bac8489de573f614d988097e9eae53ffc2eb4e7dcb0e68c349f549a26d2130a8,malware,Win32.StrongPity,14,0,76288,41472,0,11183,4096,4194304,4096,1024,332,267,6,1,6,4.073,0,116195,112128,3,83,0,0,0,0,0,0,0,1,1,0,0,1,0,0,0,0
win32.duqu,C:\samples\malware\Win32.Stuxnet.A.Duqu-C-Media\win32.duqu,malware,Win32.Stuxnet.A.Duqu-C-Media,8,0,13824,10368,0,1392,768,65536,128,768,332,267,6,1,6,5.207,0,23687,24192,2,48,0,0,0,0,0,0,0,0,0,0,0,0,0,0,0,0
0d8c2bcb575378f6a88d17b5f6ce70e794a264cdc8556c8e812f0b5f9c709198,C:\samples\malware\Win32.Stuxnet.B.Duqu-Realtek\signed drivers\0d8c2bcb575378f6a88d17b5f6ce70e794a264cdc8556c8e812f0b5f9c709198,malware,signed drivers,8,0,6912,2560,0,8197,1152,65536,128,1152,332,267,6,1,6,3.851,0,9020,9472,1,27,0,0,0,0,0,0,0,0,0,0,0,0,0,0,0,0
1635ec04f069ccc8331d01fdf31132a4bc8f6fd3830ac94739df95ee093c555c,C:\samples\malware\Win32.Stuxnet.B.Duqu-Realtek\signed drivers\1635ec04f069ccc8331d01fdf31132a4bc8f6fd3830ac94739df95ee093c555c,malware,signed drivers,8,0,9472,9600,0,938,768,65536,128,768,332,267,6,1,6,5.083,0,18609,19072,2,38,0,0,0,0,0,0,0,0,0,0,0,0,0,0,0,0
63e6b8136058d7a06dfff4034b4ab17a261cdf398e63868a601f77ddd1b32802,C:\samples\malware\Win32.Stuxnet.B.Duqu-Realtek\signed drivers\63e6b8136058d7a06dfff4034b4ab17a261cdf398e63868a601f77ddd1b32802,malware,signed drivers,8,0,9984,10240,0,938,768,65536,128,768,332,267,6,1,6,5.113,0,19747,20224,2,40,0,0,0,0,0,0,0,0,0,0,0,0,0,0,0,0
70f8789b03e38d07584f57581363afa848dd5c3a197f2483c6dfa4f3e7f78b9b,C:\samples\malware\Win32.Stuxnet.B.Duqu-Realtek\signed drivers\70f8789b03e38d07584f57581363afa848dd5c3a197f2483c6dfa4f3e7f78b9b,malware,signed drivers,9,0,13312,4608,0,7712,4096,268435456,4096,1024,332,267,4,0,4,4.197,0,17265,17920,3,53,0,1,0,0,0,0,0,1,0,0,0,1,0,0,0,1
08fd696873ed9df967a991fb397fe11e54a4367c81c6660575e1413b440c3af2,C:\samples\malware\Win32.Taleret\08fd696873ed9df967a991fb397fe11e54a4367c81c6660575e1413b440c3af2,malware,Win32.Taleret,10,0,23040,22528,0,8657,4096,4194304,4096,1024,332,267,4,0,4,5.06,0,48339,45568,1,61,0,0,0,0,0,0,0,1,0,0,0,1,0,0,1,0
30964541572f322a20b541e2e5eedaa5f20f118995d4b9d4c5d5dda98f09f3d2,C:\samples\malware\Win32.Taleret\30964541572f322a20b541e2e5eedaa5f20f118995d4b9d4c5d5dda98f09f3d2,malware,Win32.Taleret,6,0,20480,12288,0,21066,4096,268435456,4096,4096,332,267,4,0,4,4.344,0,26777,32768,10,82,0,1,0,0,0,0,0,0,0,0,0,1,0,0,1,0
9b3c6fd39b2809e388255c5651953251920c5c7d5e77da1070ab3c127e8bdc11,C:\samples\malware\Win32.Taleret\9b3c6fd39b2809e388255c5651953251920c5c7d5e77da1070ab3c127e8bdc11,malware,Win32.Taleret,10,0,23040,17408,0,8657,4096,4194304,4096,1024,332,267,4,0,4,4.468,0,43079,40448,1,61,0,0,0,0,0,0,0,1,0,0,0,1,0,0,1,0
0283c0f02307adc4ee46c0382df4b5d7b4eb80114fbaf5cb7fe5412f027d165e,C:\samples\malware\Win32.TransparentTribe.B\0283c0f02307adc4ee46c0382df4b5d7b4eb80114fbaf5cb7fe5412f027d165e,malware,Win32.TransparentTribe.B,2,25,29696,10752,0,32996,4096,4194304,4096,1024,332,267,8,4,7,3.126,0,81709,40448,6,79,0,1,0,1,0,0,0,1,0,0,0,0,0,0,0,1
Win32.Triton,C:\samples\malware\Win32.Triton\Win32.Triton,malware,Win32.Triton,9,0,67072,25600,0,29764,4096,4194304,4096,1024,332,267,3,0,3,4.751,0,91744,84992,3,98,0,0,0,0,0,0,0,1,1,0,0,1,0,0,1,1
decrypted_inj_services_Win32.dll,C:\samples\malware\Win32.Turla\decrypted_inj_services_Win32.dll,malware,Win32.Turla,8,0,40960,16384,0,43951,4096,268435456,4096,4096,332,267,4,0,4,4.433,0,49360,57344,5,84,0,1,0,0,0,0,0,0,1,0,0,1,0,0,1,1
decrypted_inj_services_x64.dll,C:\samples\malware\Win32.Turla\decrypted_inj_services_x64.dll,malware,Win32.Turla,8,0,7168,6656,0,10560,4096,268435456,4096,1024,34404,523,5,0,5,2.955,0,12418,24576,3,25,0,0,0,0,0,0,0,0,0,0,0,1,0,0,0,0
decrypted_inj_snake_Win32.dll,C:\samples\malware\Win32.Turla\decrypted_inj_snake_Win32.dll,malware,Win32.Turla,8,0,180224,122880,0,8390,4096,536870912,4096,4096,332,267,4,0,4,4.875,0,294064,303104,7,258,0,1,0,0,0,0,0,1,1,0,0,1,0,0,1,1
decrypted_inj_snake_x64.dll,C:\samples\malware\Win32.Turla\decrypted_inj_snake_x64.dll,malware,Win32.Turla,8,0,338944,173568,0,247712,4096,536870912,4096,1024,34404,523,5,0,5,4.558,0,512066,516096,6,284,0,1,0,0,0,0,0,1,1,0,0,1,0,0,1,1
decrypted_rkctl_Win32.dll,C:\samples\malware\Win32.Turla\decrypted_rkctl_Win32.dll,malware,Win32.Turla,8,0,4096,5632,0,7941,4096,1342177280,4096,1024,332,267,4,0,3,3.665,0,8963,16384,3,22,0,0,0,0,0,0,0,0,0,0,0,1,0,0,0,0
decrypted_rkctl_x64.dll,C:\samples\malware\Win32.Turla\decrypted_rkctl_x64.dll,malware,Win32.Turla,8,0,57344,35328,0,13664,4096,1342177280,4096,1024,34404,523,5,0,5,3.62,0,91813,102400,2,81,0,0,0,0,0,0,0,1,0,0,0,1,0,0,1,1
5a765351046fea1490d20f25.exe,C:\samples\malware\Win32.Unclassified\5a765351046fea1490d20f25.exe,malware,Win32.Unclassified,8,0,382976,2560,0,391150,8192,4194304,8192,512,332,267,3,0,3,3.776,1,384768,385536,1,1,0,0,0,0,0,0,0,0,0,0,0,0,0,0,0,0
Win32.Unknown_SpectreMeltdown,C:\samples\malware\Win32.Unknown_SpectreMeltdown\Win32.Unknown_SpectreMeltdown,malware,Win32.Unknown_SpectreMeltdown,2,28,9216,17920,135168,5376,4096,4194304,4096,1536,34404,523,17,12,16,3.0,0,483198,351744,2,56,0,0,0,0,0,0,0,0,0,0,0,1,0,0,0,1
Win32.Unnamed_SpecMelt,C:\samples\malware\Win32.Unnamed_SpecMelt\Win32.Unnamed_SpecMelt,malware,Win32.Unnamed_SpecMelt,14,0,127488,159744,0,30362,4096,4194304,4096,1024,332,267,6,1,6,4.878,0,342392,287232,2,94,0,0,0,0,0,0,0,1,1,0,0,1,0,0,1,0
323CANON.EXE_WORM_VOBFUS.SM01,C:\samples\malware\Win32.Vobfus\323CANON.EXE_WORM_VOBFUS.SM01,malware,Win32.Vobfus,6,0,176128,126976,0,4640,4096,4194304,4096,4096,332,267,3,0,3,3.869,0,303812,303104,1,7,0,0,0,0,0,0,0,0,0,0,0,0,0,0,0,0
WORM_VOBFUS.SMA3,C:\samples\malware\Win32.Vobfus\WORM_VOBFUS.SMA3,malware,Win32.Vobfus,6,0,102400,57344,0,4524,4096,4194304,4096,4096,332,267,3,0,3,3.497,0,155311,151552,1,7,0,0,0,0,0,0,0,0,0,0,0,0,0,0,0,0
WORM_VOBFUS.SMIS,C:\samples\malware\Win32.Vobfus\WORM_VOBFUS.SMIS,malware,Win32.Vobfus,6,0,147456,40960,0,4680,4096,4194304,4096,4096,332,267,3,0,3,3.555,0,190784,188416,1,7,0,0,0,0,0,0,0,0,0,0,0,0,0,0,0,0
WORM_VOBFUS.SMM2,C:\samples\malware\Win32.Vobfus\WORM_VOBFUS.SMM2,malware,Win32.Vobfus,6,0,69632,28672,0,4532,4096,4194304,4096,4096,332,267,3,0,3,3.457,0,88926,90112,1,7,0,0,0,0,0,0,0,0,0,0,0,0,0,0,0,0
Win32.WannaPeace.exe,C:\samples\malware\Win32.WannaPeace\Win32.WannaPeace.exe,malware,Win32.WannaPeace,48,0,652288,22016,0,660302,8192,4194304,8192,512,332,267,3,0,3,4.36,1,673316,674304,1,1,0,0,0,0,0,0,0,0,0,0,0,0,0,0,0,0
Win32.XAgent.bin,C:\samples\malware\Win32.XAgent\Win32.XAgent.bin,malware,Win32.XAgent,10,0,168448,82944,0,106848,4096,5368709120,4096,1024,34404,523,6,0,6,4.908,0,260660,251392,7,121,0,1,0,0,0,0,0,1,1,0,0,1,0,0,1,1
agent.exe,C:\samples\malware\Win32.ZeroCleare\agent.exe,malware,Win32.ZeroCleare,14,16,65024,21026304,0,12256,4096,5368709120,4096,1024,34404,523,6,0,6,4.648,0,21090172,115200,1,75,0,0,0,0,0,0,0,1,0,0,0,1,0,0,0,0
ClientUpdate.exe (x64).bin,C:\samples\malware\Win32.ZeroCleare\ClientUpdate.exe (x64).bin,malware,Win32.ZeroCleare,14,16,202240,21114880,0,14624,4096,5368709120,4096,1024,34404,523,6,0,6,5.036,0,21315586,314368,1,117,0,0,0,0,0,0,0,1,0,0,0,1,0,0,0,1
ClientUpdate.exe (x86).bin,C:\samples\malware\Win32.ZeroCleare\ClientUpdate.exe (x86).bin,malware,Win32.ZeroCleare,14,16,225792,21093888,0,24460,4096,4194304,4096,1024,332,267,5,0,5,5.483,0,21318899,331264,1,120,0,0,0,0,0,0,0,1,1,0,0,1,0,0,0,1
Dustman.exe,C:\samples\malware\Win32.ZeroCleare\Dustman.exe,malware,Win32.ZeroCleare,14,16,23040,243712,0,6264,4096,5368709120,4096,1024,34404,523,6,0,6,4.559,0,264808,263680,4,79,0,1,0,0,0,0,0,0,0,0,0,1,0,0,0,0
8a0c95be8a40ae5419f7d97bb3e91b2b,C:\samples\malware\Win32.ZeusVM\8a0c95be8a40ae5419f7d97bb3e91b2b,malware,Win32.ZeusVM,2,22,215040,151040,0,4096,4096,4194304,4096,4096,332,267,9,7,9,6.187,1,933888,410624,7,12,0,1,0,1,0,0,0,0,0,0,0,1,0,0,1,1
C1E5DAE72A51A7B7219346C4A360D867,C:\samples\malware\Win32.Zurgop\C1E5DAE72A51A7B7219346C4A360D867,malware,Win32.Zurgop,5,3,28672,4096,57344,87536,61440,4194304,4096,4096,332,267,3,2,3,3.623,1,90112,29696,6,11,0,1,0,0,0,0,0,0,0,0,0,1,0,0,1,0
119.executable,C:\samples\malware\Win32Dircrypt.Trojan.Ransom.ABZ\Win32Dircrypt.Trojan.Ransom.ABZ\119.executable,malware,Win32Dircrypt.Trojan.Ransom.ABZ,8,0,24576,4096,49152,75280,53248,4194304,4096,4096,332,267,3,2,3,3.63,1,77824,23552,8,13,0,1,0,0,0,0,0,0,0,0,0,1,0,0,1,0
119.unp,C:\samples\malware\Win32Dircrypt.Trojan.Ransom.ABZ\Win32Dircrypt.Trojan.Ransom.ABZ\119.unp,malware,Win32Dircrypt.Trojan.Ransom.ABZ,8,0,45056,20480,0,42288,4096,4194304,4096,4096,332,267,4,0,4,2.97,0,55061,65536,8,168,0,1,0,0,0,0,0,1,0,0,0,1,0,0,1,0
11fb52c96853e12f011b7b7894e9884e56eb5522,C:\samples\malware\Win32Dircrypt.Trojan.Ransom.ABZ\Win32Dircrypt.Trojan.Ransom.ABZ\11fb52c96853e12f011b7b7894e9884e56eb5522,malware,Win32Dircrypt.Trojan.Ransom.ABZ,6,0,20480,483328,0,21247,4096,4194304,4096,4096,332,267,4,0,4,4.471,1,491290,503808,4,27,0,1,0,0,0,0,0,0,0,0,0,0,0,0,0,1
dircrypt.deobf,C:\samples\malware\Win32Dircrypt.Trojan.Ransom.ABZ\Win32Dircrypt.Trojan.Ransom.ABZ\dircrypt.deobf,malware,Win32Dircrypt.Trojan.Ransom.ABZ,8,0,90112,225280,0,83152,4096,4194304,4096,4096,332,267,4,0,4,4.842,1,307904,315392,7,182,0,1,0,1,0,0,0,1,0,0,0,1,0,0,1,0
6f1c31f5944e46b063abbb6296b3a0d4c06037d4bdfd83ed05119e2505adabc5,C:\samples\malware\Win64.NukeSped\6f1c31f5944e46b063abbb6296b3a0d4c06037d4bdfd83ed05119e2505adabc5,malware,Win64.NukeSped,10,0,173568,75776,0,86768,4096,6442450944,4096,1024,34404,523,6,0,6,4.464,0,247969,240128,6,163,0,0,0,0,0,0,0,1,1,0,0,1,0,0,1,1
8390e210162d9b14d5b0b1ef9746c16853aa2d29d1dfc4eab6a051885e0333ed,C:\samples\malware\Win64.NukeSped\8390e210162d9b14d5b0b1ef9746c16853aa2d29d1dfc4eab6a051885e0333ed,malware,Win64.NukeSped,10,0,124928,51712,0,60839,4096,4194304,4096,1024,332,267,5,0,5,4.45,0,175268,168448,4,112,0,1,0,0,0,0,0,1,0,0,0,1,0,0,1,1
a880d7c77491fcc6f9c88bae064f075a339e6753ef9fa9410b928565887c13b7,C:\samples\malware\Win64.NukeSped\a880d7c77491fcc6f9c88bae064f075a339e6753ef9fa9410b928565887c13b7,malware,Win64.NukeSped,10,0,124928,64512,0,52628,4096,6442450944,4096,1024,34404,523,6,0,6,4.514,0,188251,180224,6,159,0,0,0,0,0,0,0,1,1,0,0,1,0,0,1,1
Win64.Trojan.GreenBug,C:\samples\malware\Win64.Trojan.GreenBug\Win64.Trojan.GreenBug,malware,Win64.Trojan.GreenBug,12,0,659456,283136,0,404148,4096,5352652800,4096,1024,34404,523,6,0,0,4.157,0,954368,954368,8,186,0,1,0,0,0,0,0,1,1,0,0,1,0,0,0,1
0d7d4dc173c88c4f72c8f9f419ae8473d044f4b3e8f32e4a0f34fe4bbc698776,C:\samples\malware\WinX.OperationDianxun\0d7d4dc173c88c4f72c8f9f419ae8473d044f4b3e8f32e4a0f34fe4bbc698776,malware,WinX.OperationDianxun,48,0,33280,4608,0,29062,8192,4194304,8192,512,332,267,3,0,3,3.864,0,37012,37888,1,1,0,0,0,0,0,0,0,0,0,0,0,0,0,0,0,0
260ebbf392498d00d767a5c5ba695e1a124057c1c01fff2ae76db7853fe4255b,C:\samples\malware\WinX.OperationDianxun\260ebbf392498d00d767a5c5ba695e1a124057c1c01fff2ae76db7853fe4255b,malware,WinX.OperationDianxun,14,27,659968,273408,0,476768,4096,5368709120,4096,1024,34404,523,7,1,7,4.458,0,931586,925184,11,191,0,0,0,1,0,0,0,1,0,0,0,1,0,0,1,1
2779937398506e8ad207f5b291ae53d8af82b9f2739b0508ae3e0cfc40ced092,C:\samples\malware\WinX.OperationDianxun\2779937398506e8ad207f5b291ae53d8af82b9f2739b0508ae3e0cfc40ced092,malware,WinX.OperationDianxun,14,0,12288,11776,0,13008,4096,6442450944,4096,1024,34404,523,6,0,6,3.8,0,22996,22528,7,56,0,1,1,1,0,0,0,0,0,0,0,1,0,0,1,0
740992d40b84b10aa9640214a4a490e989ea7b869cea27dbbdef544bb33b1048,C:\samples\malware\WinX.OperationDianxun\740992d40b84b10aa9640214a4a490e989ea7b869cea27dbbdef544bb33b1048,malware,WinX.OperationDianxun,14,0,54272,54784,0,14160,4096,6442450944,4096,1024,34404,523,6,0,6,4.598,0,107892,104960,4,80,0,1,0,1,0,0,0,1,0,0,0,1,0,0,1,0
75b30164a31d305f47f2c3c2121432e6d7b316cfb3deb6b39f78180168bc9472,C:\samples\malware\WinX.OperationDianxun\75b30164a31d305f47f2c3c2121432e6d7b316cfb3deb6b39f78180168bc9472,malware,WinX.OperationDianxun,14,28,545280,220672,0,348304,4096,5368709120,4096,1024,34404,523,7,1,7,4.592,0,764376,758272,9,175,0,1,0,1,0,0,0,1,0,0,0,1,0,0,1,1
9ccb4ed133be5c9c554027347ad8b722f0b4c3f14bfd947edfe75a015bf085e5,C:\samples\malware\WinX.OperationDianxun\9ccb4ed133be5c9c554027347ad8b722f0b4c3f14bfd947edfe75a015bf085e5,malware,WinX.OperationDianxun,14,14,647168,280576,0,474128,4096,5368709120,4096,1024,34404,523,6,0,6,4.863,0,926546,919552,11,185,0,0,0,1,0,0,0,1,0,0,0,1,0,0,1,1
9d4b4c39106f8e2fd036e798fc67bbd7b98284121724c0f845bca0a6d2ae3999,C:\samples\malware\WinX.OperationDianxun\9d4b4c39106f8e2fd036e798fc67bbd7b98284121724c0f845bca0a6d2ae3999,malware,WinX.OperationDianxun,14,27,560640,253440,0,378704,4096,5368709120,4096,1024,34404,523,7,1,7,4.504,0,812842,806400,11,194,0,0,0,1,0,0,0,1,0,0,0,1,0,0,1,1
b7f36159aec7f3512e00bfa8aa189cbb97f9cc4752a635bc272c7a5ac1710e0b,C:\samples\malware\WinX.OperationDianxun\b7f36159aec7f3512e00bfa8aa189cbb97f9cc4752a635bc272c7a5ac1710e0b,malware,WinX.OperationDianxun,14,27,556032,252928,0,374080,4096,5368709120,4096,1024,34404,523,7,1,7,4.518,0,807118,801280,10,185,0,0,0,1,0,0,0,1,0,0,0,1,0,0,1,1
cf4bf26b2d6f1c6055534bbe9decb579ef0180e0f8c467c1a26e2ead7567058a,C:\samples\malware\WinX.OperationDianxun\cf4bf26b2d6f1c6055534bbe9decb579ef0180e0f8c467c1a26e2ead7567058a,malware,WinX.OperationDianxun,48,0,30208,4608,0,26018,8192,4194304,8192,512,332,267,3,0,3,3.852,0,33968,34816,1,1,0,0,0,0,0,0,0,0,0,0,0,0,0,0,0,0
cf65cc6e4b2b0c3f602b16398c8c30c277b8cfaed689fe7cb61b92560d4e5b1b,C:\samples\malware\WinX.OperationDianxun\cf65cc6e4b2b0c3f602b16398c8c30c277b8cfaed689fe7cb61b92560d4e5b1b,malware,WinX.OperationDianxun,48,0,12800,9216,0,20562,8192,4194304,8192,512,332,267,3,0,3,3.76,0,20876,22016,1,1,0,0,0,0,0,0,0,0,0,0,0,0,0,0,0,0
d0dd9c624bb2b33de96c29b0ccb5aa5b43ce83a54e2842f1643247811487f8d9,C:\samples\malware\WinX.OperationDianxun\d0dd9c624bb2b33de96c29b0ccb5aa5b43ce83a54e2842f1643247811487f8d9,malware,WinX.OperationDianxun,14,27,538112,244736,0,363440,4096,5368709120,4096,1024,34404,523,7,1,7,4.44,0,781436,775168,11,185,0,0,0,1,0,0,0,1,0,0,0,1,0,0,1,1
d2642d3731508b52efa34adf57701f18e2f8b70addf31e33e445e75b9a909822,C:\samples\malware\WinX.OperationDianxun\d2642d3731508b52efa34adf57701f18e2f8b70addf31e33e445e75b9a909822,malware,WinX.OperationDianxun,1,0,221184,28672,4096,36864,4096,4194304,4096,696,332,267,8,4,8,3.151,1,222040,223744,2,54,0,0,0,0,0,0,0,0,0,0,0,1,0,0,1,1
db36ad77875bbf622d96ae8086f44924c37034dd95e9eb6d6369cc6accd2a40d,C:\samples\malware\WinX.OperationDianxun\db36ad77875bbf622d96ae8086f44924c37034dd95e9eb6d6369cc6accd2a40d,malware,WinX.OperationDianxun,14,27,603648,268800,0,421800,4096,5368709120,4096,1024,34404,523,7,1,7,4.606,0,870850,864256,7,175,0,0,0,0,0,0,0,1,0,0,0,1,0,0,1,1
e784e95fb5b0188f0c7c82add9a3c89c5bc379eaf356a4d3876d9493a986e343,C:\samples\malware\WinX.OperationDianxun\e784e95fb5b0188f0c7c82add9a3c89c5bc379eaf356a4d3876d9493a986e343,malware,WinX.OperationDianxun,14,27,560640,268288,0,374016,4096,5368709120,4096,1024,34404,523,7,1,7,4.456,0,827344,820736,10,185,0,0,0,1,0,0,0,1,0,0,0,1,0,0,1,1
01259a104a0199b794b0c61fcfc657eb766b2caeae68d5c6b164a53a97874257,C:\samples\malware\WMIGhost\01259a104a0199b794b0c61fcfc657eb766b2caeae68d5c6b164a53a97874257,malware,WMIGhost,6,0,8192,12288,0,10596,4096,4194304,4096,4096,332,267,3,0,3,4.097,0,15969,20480,6,69,0,0,0,1,0,0,0,0,0,0,0,0,0,0,0,1
05455efecab4a7931fa53a3c2008d04fc6b539c5e8f451f19b617bd9b3ebcd83,C:\samples\malware\WMIGhost\05455efecab4a7931fa53a3c2008d04fc6b539c5e8f451f19b617bd9b3ebcd83,malware,WMIGhost,6,0,16384,40960,0,8992,4096,4194304,4096,4096,332,267,4,0,4,4.487,0,48360,53248,2,62,0,1,0,0,0,0,0,1,0,0,0,1,0,0,1,1
084a220ba90622cc223b93f32130e9f2d072679f66d1816775bf14832d492b8a,C:\samples\malware\WMIGhost\084a220ba90622cc223b93f32130e9f2d072679f66d1816775bf14832d492b8a,malware,WMIGhost,6,0,4096,12288,0,7270,4096,4194304,4096,4096,332,267,3,0,3,4.162,0,11683,16384,4,36,0,0,0,1,0,0,0,0,0,0,0,0,0,0,0,1
0cfc34fa76228b1afc7ce63e284a23ce1cd2927e6159b9dea9702ad9cb2a6300,C:\samples\malware\WMIGhost\0cfc34fa76228b1afc7ce63e284a23ce1cd2927e6159b9dea9702ad9cb2a6300,malware,WMIGhost,6,0,4096,12288,0,7270,4096,4194304,4096,4096,332,267,3,0,3,4.207,0,11683,16384,4,36,0,0,0,1,0,0,0,0,0,0,0,0,0,0,0,1
0dc2ab0ccf783fb39028326a7e8b0ba4eaa148020ec05fc26313ef2bf70f700f,C:\samples\malware\WMIGhost\0dc2ab0ccf783fb39028326a7e8b0ba4eaa148020ec05fc26313ef2bf70f700f,malware,WMIGhost,6,0,8192,12288,0,11023,4096,4194304,4096,4096,332,267,3,0,3,4.261,0,16109,20480,6,73,0,0,0,1,0,0,0,0,0,0,0,0,0,0,0,1
0eb038e7e5edd6ac1b4eee8dd1c51b6d94da24d02ba705e7e7f10b41edf701c2,C:\samples\malware\WMIGhost\0eb038e7e5edd6ac1b4eee8dd1c51b6d94da24d02ba705e7e7f10b41edf701c2,malware,WMIGhost,6,0,16384,40960,0,8992,4096,4194304,4096,4096,332,267,4,0,4,4.492,0,48360,53248,2,62,0,1,0,0,0,0,0,1,0,0,0,1,0,0,1,1
6072a303039b032f1b3b0e596a3eb9a35568cef830a18404c18bb4fffef86fba,C:\samples\malware\WMIGhost\6072a303039b032f1b3b0e596a3eb9a35568cef830a18404c18bb4fffef86fba,malware,WMIGhost,6,0,28672,4096,90112,122336,94208,4194304,4096,4096,332,267,3,2,2,3.505,1,122880,29184,2,5,0,1,0,0,0,0,0,0,0,0,0,1,0,0,1,0
6b91fdb0992ca029c913092db7b4fd94c917c1473953d1ec77c74d030776fe9a,C:\samples\malware\WMIGhost\6b91fdb0992ca029c913092db7b4fd94c917c1473953d1ec77c74d030776fe9a,malware,WMIGhost,6,0,16384,40960,0,8992,4096,4194304,4096,4096,332,267,4,0,4,4.497,0,48360,53248,2,62,0,1,0,0,0,0,0,1,0,0,0,1,0,0,1,1
7249b1a5082c9d9654d9fac3bb5e965ea23e395554d3351b77dd4f29677426fe,C:\samples\malware\WMIGhost\7249b1a5082c9d9654d9fac3bb5e965ea23e395554d3351b77dd4f29677426fe,malware,WMIGhost,6,0,4096,12288,0,7218,4096,4194304,4096,4096,332,267,3,0,3,4.487,0,12025,16384,5,64,0,0,0,1,0,0,0,1,0,0,0,0,0,0,0,1
86bb737bd9a508be2ff9dc0dee7e7c40abea215088c61788a368948f9250fa4c,C:\samples\malware\WMIGhost\86bb737bd9a508be2ff9dc0dee7e7c40abea215088c61788a368948f9250fa4c,malware,WMIGhost,6,0,24576,24576,0,8921,4096,4194304,4096,4096,332,267,3,0,3,4.617,0,41359,45056,3,59,0,0,0,1,0,0,0,1,0,0,0,1,0,0,1,1
9c17f267f79597ee01515f5ef925375d8a19844830cc46917a3d1b5bcb0ba4c3,C:\samples\malware\WMIGhost\9c17f267f79597ee01515f5ef925375d8a19844830cc46917a3d1b5bcb0ba4c3,malware,WMIGhost,6,0,24576,65536,0,8503,4096,4194304,4096,4096,332,267,3,0,3,5.796,0,83560,90112,2,48,0,1,0,0,0,0,0,1,0,0,0,1,0,0,1,1
a3667153a6322fb8d4cf8869c094a05e995e2954fda833fe14304837ed4fd0bd,C:\samples\malware\WMIGhost\a3667153a6322fb8d4cf8869c094a05e995e2954fda833fe14304837ed4fd0bd,malware,WMIGhost,6,0,16384,40960,0,8992,4096,4194304,4096,4096,332,267,4,0,4,4.505,0,48360,53248,2,62,0,1,0,0,0,0,0,1,0,0,0,1,0,0,1,1
a38df3ec8b9fe52a32860cf5756d2fe345badafd7e74466cd349eb32ba5cc339,C:\samples\malware\WMIGhost\a38df3ec8b9fe52a32860cf5756d2fe345badafd7e74466cd349eb32ba5cc339,malware,WMIGhost,6,0,4096,12288,0,7270,4096,4194304,4096,4096,332,267,3,0,3,4.175,0,11683,16384,4,36,0,0,0,1,0,0,0,0,0,0,0,0,0,0,0,1
a6ff8dfe654da70390cd71626cdca8a6f6a0d7980cd7d82269373737b04fd206,C:\samples\malware\WMIGhost\a6ff8dfe654da70390cd71626cdca8a6f6a0d7980cd7d82269373737b04fd206,malware,WMIGhost,6,0,4096,12288,0,7218,4096,4194304,4096,4096,332,267,3,0,3,4.486,0,12025,16384,5,64,0,0,0,1,0,0,0,1,0,0,0,0,0,0,0,1
afa8d185de2f357082ed4042fc057a6d7300f603d3bfdbe7e6c351868e45e477,C:\samples\malware\WMIGhost\afa8d185de2f357082ed4042fc057a6d7300f603d3bfdbe7e6c351868e45e477,malware,WMIGhost,6,0,20480,20480,0,4288,4096,4194304,4096,4096,332,267,3,0,3,4.908,0,33412,40960,1,38,0,0,0,0,0,0,0,1,0,0,0,1,0,0,1,1
c7128e2772b4f8c59943028e205d1b23c07f36206c1c61a05645c7bf143b24ee,C:\samples\malware\WMIGhost\c7128e2772b4f8c59943028e205d1b23c07f36206c1c61a05645c7bf143b24ee,malware,WMIGhost,6,0,16384,40960,0,8992,4096,4194304,4096,4096,332,267,4,0,4,4.487,0,48360,53248,2,62,0,1,0,0,0,0,0,1,0,0,0,1,0,0,1,1
cff49c25b053f775db8980a431a958020bdf969ea08872de4cef5a5f344f534c,C:\samples\malware\WMIGhost\cff49c25b053f775db8980a431a958020bdf969ea08872de4cef5a5f344f534c,malware,WMIGhost,6,0,4096,12288,0,7270,4096,4194304,4096,4096,332,267,3,0,3,4.175,0,11683,16384,4,36,0,0,0,1,0,0,0,0,0,0,0,0,0,0,0,1
e1d852f2ea8436ac33bc8fe200aca4af4fb15f33ecda6441741589daa44115c5,C:\samples\malware\WMIGhost\e1d852f2ea8436ac33bc8fe200aca4af4fb15f33ecda6441741589daa44115c5,malware,WMIGhost,6,0,16384,40960,0,9040,4096,4194304,4096,4096,332,267,4,0,4,4.479,0,48408,53248,2,62,0,1,0,0,0,0,0,1,0,0,0,1,0,0,1,1
01259a104a0199b794b0c61fcfc657eb766b2caeae68d5c6b164a53a97874257,C:\samples\malware\WMIGhost\WMIGhost\01259a104a0199b794b0c61fcfc657eb766b2caeae68d5c6b164a53a97874257,malware,WMIGhost,6,0,8192,12288,0,10596,4096,4194304,4096,4096,332,267,3,0,3,4.097,0,15969,20480,6,69,0,0,0,1,0,0,0,0,0,0,0,0,0,0,0,1
05455efecab4a7931fa53a3c2008d04fc6b539c5e8f451f19b617bd9b3ebcd83,C:\samples\malware\WMIGhost\WMIGhost\05455efecab4a7931fa53a3c2008d04fc6b539c5e8f451f19b617bd9b3ebcd83,malware,WMIGhost,6,0,16384,40960,0,8992,4096,4194304,4096,4096,332,267,4,0,4,4.487,0,48360,53248,2,62,0,1,0,0,0,0,0,1,0,0,0,1,0,0,1,1
084a220ba90622cc223b93f32130e9f2d072679f66d1816775bf14832d492b8a,C:\samples\malware\WMIGhost\WMIGhost\084a220ba90622cc223b93f32130e9f2d072679f66d1816775bf14832d492b8a,malware,WMIGhost,6,0,4096,12288,0,7270,4096,4194304,4096,4096,332,267,3,0,3,4.162,0,11683,16384,4,36,0,0,0,1,0,0,0,0,0,0,0,0,0,0,0,1
0cfc34fa76228b1afc7ce63e284a23ce1cd2927e6159b9dea9702ad9cb2a6300,C:\samples\malware\WMIGhost\WMIGhost\0cfc34fa76228b1afc7ce63e284a23ce1cd2927e6159b9dea9702ad9cb2a6300,malware,WMIGhost,6,0,4096,12288,0,7270,4096,4194304,4096,4096,332,267,3,0,3,4.207,0,11683,16384,4,36,0,0,0,1,0,0,0,0,0,0,0,0,0,0,0,1
0dc2ab0ccf783fb39028326a7e8b0ba4eaa148020ec05fc26313ef2bf70f700f,C:\samples\malware\WMIGhost\WMIGhost\0dc2ab0ccf783fb39028326a7e8b0ba4eaa148020ec05fc26313ef2bf70f700f,malware,WMIGhost,6,0,8192,12288,0,11023,4096,4194304,4096,4096,332,267,3,0,3,4.261,0,16109,20480,6,73,0,0,0,1,0,0,0,0,0,0,0,0,0,0,0,1
0eb038e7e5edd6ac1b4eee8dd1c51b6d94da24d02ba705e7e7f10b41edf701c2,C:\samples\malware\WMIGhost\WMIGhost\0eb038e7e5edd6ac1b4eee8dd1c51b6d94da24d02ba705e7e7f10b41edf701c2,malware,WMIGhost,6,0,16384,40960,0,8992,4096,4194304,4096,4096,332,267,4,0,4,4.492,0,48360,53248,2,62,0,1,0,0,0,0,0,1,0,0,0,1,0,0,1,1
6072a303039b032f1b3b0e596a3eb9a35568cef830a18404c18bb4fffef86fba,C:\samples\malware\WMIGhost\WMIGhost\6072a303039b032f1b3b0e596a3eb9a35568cef830a18404c18bb4fffef86fba,malware,WMIGhost,6,0,28672,4096,90112,122336,94208,4194304,4096,4096,332,267,3,2,2,3.505,1,122880,29184,2,5,0,1,0,0,0,0,0,0,0,0,0,1,0,0,1,0
6b91fdb0992ca029c913092db7b4fd94c917c1473953d1ec77c74d030776fe9a,C:\samples\malware\WMIGhost\WMIGhost\6b91fdb0992ca029c913092db7b4fd94c917c1473953d1ec77c74d030776fe9a,malware,WMIGhost,6,0,16384,40960,0,8992,4096,4194304,4096,4096,332,267,4,0,4,4.497,0,48360,53248,2,62,0,1,0,0,0,0,0,1,0,0,0,1,0,0,1,1
7249b1a5082c9d9654d9fac3bb5e965ea23e395554d3351b77dd4f29677426fe,C:\samples\malware\WMIGhost\WMIGhost\7249b1a5082c9d9654d9fac3bb5e965ea23e395554d3351b77dd4f29677426fe,malware,WMIGhost,6,0,4096,12288,0,7218,4096,4194304,4096,4096,332,267,3,0,3,4.487,0,12025,16384,5,64,0,0,0,1,0,0,0,1,0,0,0,0,0,0,0,1
86bb737bd9a508be2ff9dc0dee7e7c40abea215088c61788a368948f9250fa4c,C:\samples\malware\WMIGhost\WMIGhost\86bb737bd9a508be2ff9dc0dee7e7c40abea215088c61788a368948f9250fa4c,malware,WMIGhost,6,0,24576,24576,0,8921,4096,4194304,4096,4096,332,267,3,0,3,4.617,0,41359,45056,3,59,0,0,0,1,0,0,0,1,0,0,0,1,0,0,1,1
9c17f267f79597ee01515f5ef925375d8a19844830cc46917a3d1b5bcb0ba4c3,C:\samples\malware\WMIGhost\WMIGhost\9c17f267f79597ee01515f5ef925375d8a19844830cc46917a3d1b5bcb0ba4c3,malware,WMIGhost,6,0,24576,65536,0,8503,4096,4194304,4096,4096,332,267,3,0,3,5.796,0,83560,90112,2,48,0,1,0,0,0,0,0,1,0,0,0,1,0,0,1,1
a3667153a6322fb8d4cf8869c094a05e995e2954fda833fe14304837ed4fd0bd,C:\samples\malware\WMIGhost\WMIGhost\a3667153a6322fb8d4cf8869c094a05e995e2954fda833fe14304837ed4fd0bd,malware,WMIGhost,6,0,16384,40960,0,8992,4096,4194304,4096,4096,332,267,4,0,4,4.505,0,48360,53248,2,62,0,1,0,0,0,0,0,1,0,0,0,1,0,0,1,1
a38df3ec8b9fe52a32860cf5756d2fe345badafd7e74466cd349eb32ba5cc339,C:\samples\malware\WMIGhost\WMIGhost\a38df3ec8b9fe52a32860cf5756d2fe345badafd7e74466cd349eb32ba5cc339,malware,WMIGhost,6,0,4096,12288,0,7270,4096,4194304,4096,4096,332,267,3,0,3,4.175,0,11683,16384,4,36,0,0,0,1,0,0,0,0,0,0,0,0,0,0,0,1
a6ff8dfe654da70390cd71626cdca8a6f6a0d7980cd7d82269373737b04fd206,C:\samples\malware\WMIGhost\WMIGhost\a6ff8dfe654da70390cd71626cdca8a6f6a0d7980cd7d82269373737b04fd206,malware,WMIGhost,6,0,4096,12288,0,7218,4096,4194304,4096,4096,332,267,3,0,3,4.486,0,12025,16384,5,64,0,0,0,1,0,0,0,1,0,0,0,0,0,0,0,1
afa8d185de2f357082ed4042fc057a6d7300f603d3bfdbe7e6c351868e45e477,C:\samples\malware\WMIGhost\WMIGhost\afa8d185de2f357082ed4042fc057a6d7300f603d3bfdbe7e6c351868e45e477,malware,WMIGhost,6,0,20480,20480,0,4288,4096,4194304,4096,4096,332,267,3,0,3,4.908,0,33412,40960,1,38,0,0,0,0,0,0,0,1,0,0,0,1,0,0,1,1
c7128e2772b4f8c59943028e205d1b23c07f36206c1c61a05645c7bf143b24ee,C:\samples\malware\WMIGhost\WMIGhost\c7128e2772b4f8c59943028e205d1b23c07f36206c1c61a05645c7bf143b24ee,malware,WMIGhost,6,0,16384,40960,0,8992,4096,4194304,4096,4096,332,267,4,0,4,4.487,0,48360,53248,2,62,0,1,0,0,0,0,0,1,0,0,0,1,0,0,1,1
cff49c25b053f775db8980a431a958020bdf969ea08872de4cef5a5f344f534c,C:\samples\malware\WMIGhost\WMIGhost\cff49c25b053f775db8980a431a958020bdf969ea08872de4cef5a5f344f534c,malware,WMIGhost,6,0,4096,12288,0,7270,4096,4194304,4096,4096,332,267,3,0,3,4.175,0,11683,16384,4,36,0,0,0,1,0,0,0,0,0,0,0,0,0,0,0,1
e1d852f2ea8436ac33bc8fe200aca4af4fb15f33ecda6441741589daa44115c5,C:\samples\malware\WMIGhost\WMIGhost\e1d852f2ea8436ac33bc8fe200aca4af4fb15f33ecda6441741589daa44115c5,malware,WMIGhost,6,0,16384,40960,0,9040,4096,4194304,4096,4096,332,267,4,0,4,4.479,0,48408,53248,2,62,0,1,0,0,0,0,0,1,0,0,0,1,0,0,1,1
wmighost.dll,C:\samples\malware\WMIGhost\WMIGhost\wmighost.dll,malware,WMIGhost,6,0,4096,12288,0,7218,4096,4194304,4096,4096,332,267,3,0,3,4.486,0,12025,16384,5,64,0,0,0,1,0,0,0,1,0,0,0,0,0,0,0,1
dumped.dll,C:\samples\malware\ZeroAccess\dumped.dll,malware,ZeroAccess,9,0,12800,13312,0,6021,4096,1781530624,4096,4096,332,267,4,0,0,4.42,0,25163,25163,5,95,0,0,0,0,0,0,0,0,0,0,0,1,0,0,1,0
ZeroAccess_xxx-porn-movie.avi.exe_,C:\samples\malware\ZeroAccess\ZeroAccess_xxx-porn-movie.avi.exe_,malware,ZeroAccess,6,0,150706,0,4096,13589,4096,4194304,4096,1024,332,267,4,0,4,4.159,1,161596,162816,4,82,0,0,0,1,0,0,0,1,0,0,0,1,0,0,1,1
zerolocker_d4c62215df74753371db33a19a69fccdc4b375c893a4b7f8b30172710fbd4cfa,C:\samples\malware\ZeroLocker\zerolocker_d4c62215df74753371db33a19a69fccdc4b375c893a4b7f8b30172710fbd4cfa,malware,ZeroLocker,11,0,209920,406528,0,218018,8192,4194304,8192,512,332,267,3,0,3,4.095,1,406212,407040,1,1,0,0,0,0,0,0,0,0,0,0,0,0,0,0,0,0
invoice_2318362983713_823931342io.pdf.exe,C:\samples\malware\ZeusBankingVersion_26Nov2013\invoice_2318362983713_823931342io.pdf.exe,malware,ZeusBankingVersion_26Nov2013,10,0,144384,107520,0,41910,4096,4194304,4096,1024,332,267,6,1,6,6.168,0,250379,251904,3,74,0,1,0,0,0,0,0,1,0,0,0,0,0,0,0,0
eqig unpacked.ex_,C:\samples\malware\ZeusGameover_Feb2014\eqig unpacked.ex_,malware,ZeusGameover_Feb2014,10,0,246784,20992,0,95631,4096,4194304,4096,1024,332,267,3,0,3,5.638,0,267186,260096,16,418,0,1,0,1,0,0,0,1,1,0,0,1,0,0,1,0
eqig.ex_,C:\samples\malware\ZeusGameover_Feb2014\eqig.ex_,malware,ZeusGameover_Feb2014,2,50,43008,274944,0,5136,4096,4194304,4096,1024,332,267,6,3,6,2.085,1,316340,317952,4,22,0,1,0,0,0,0,0,0,0,0,0,1,0,0,1,0
output.1301364 unpacked.old,C:\samples\malware\ZeusGameover_Feb2014\output.1301364 unpacked.old,malware,ZeusGameover_Feb2014,10,0,235520,20480,0,140583,4096,4194304,4096,1024,332,267,3,0,3,5.635,0,255486,248320,14,406,0,1,0,1,0,0,0,1,1,0,0,1,0,0,1,0
output.1301364.old,C:\samples\malware\ZeusGameover_Feb2014\output.1301364.old,malware,ZeusGameover_Feb2014,2,50,268288,14848,0,4096,4096,4194304,4096,1024,332,267,8,4,8,4.094,1,281780,283136,4,70,0,0,0,0,0,0,0,0,0,0,0,0,0,0,0,0
010Editor.exe,C:\samples\benign\program_files\010Editor.exe,benign,Benign,14,29,5893632,9614848,0,4566,4096,4194304,4096,1024,332,267,8,2,8,3.466,0,15506054,15501824,24,2955,0,1,1,0,0,0,0,1,0,0,0,1,0,1,1,0
4DDiG Partition Manager.exe,C:\samples\benign\program_files\4DDiG Partition Manager.exe,benign,Benign,6,0,10184192,158720,0,10191982,8192,4194304,8192,1024,332,267,4,1,4,4.426,1,10341280,10342912,1,1,0,0,0,0,0,0,0,0,0,0,0,0,0,0,0,0
7z.exe,C:\samples\benign\program_files\7z.exe,benign,Benign,6,0,223744,73728,0,211676,4096,4194304,4096,1024,332,267,6,1,6,3.912,0,295586,288768,5,127,0,1,0,1,0,0,0,1,0,0,0,1,0,0,0,1
7zFM.exe,C:\samples\benign\program_files\7zFM.exe,benign,Benign,14,35,418816,484352,0,388482,4096,4194304,4096,1024,332,267,5,0,5,5.031,0,901936,572416,10,289,0,1,0,1,0,0,0,1,1,0,0,1,1,1,0,1
7zG.exe,C:\samples\benign\program_files\7zG.exe,benign,Benign,14,35,325120,439808,0,303683,4096,4194304,4096,1024,332,267,5,0,5,4.828,0,763904,427520,10,205,0,1,0,1,0,0,0,1,0,0,0,1,0,1,0,1
AccCheckConsole.exe,C:\samples\benign\program_files\AccCheckConsole.exe,benign,Benign,48,0,15360,2560,0,23338,8192,4194304,8192,512,332,267,3,0,3,2.909,0,16784,17920,1,1,0,0,0,0,0,0,0,0,0,0,0,0,0,0,0,0
acccheckui.exe,C:\samples\benign\program_files\acccheckui.exe,benign,Benign,48,0,95744,2560,0,103514,8192,4194304,8192,512,332,267,3,0,3,3.184,0,96936,98304,1,1,0,0,0,0,0,0,0,0,0,0,0,0,0,0,0,0
accevent.exe,C:\samples\benign\program_files\accevent.exe,benign,Benign,14,13,100864,36864,0,77584,4096,4194304,4096,1024,332,267,5,0,5,4.818,0,136046,133120,13,174,0,1,0,1,0,0,0,1,0,0,0,1,0,0,0,0
ActivateApplication.exe,C:\samples\benign\program_files\ActivateApplication.exe,benign,Benign,48,0,5632,3072,0,13578,8192,4194304,8192,512,332,267,3,0,3,3.47,0,7752,8704,1,1,0,0,0,0,0,0,0,0,0,0,0,0,0,0,0,0
AddBootMenu.exe,C:\samples\benign\program_files\AddBootMenu.exe,benign,Benign,12,0,14336,73216,0,14436,4096,4194304,4096,1024,332,267,5,0,5,5.484,1,86632,87040,8,263,0,0,0,0,0,0,0,0,0,0,0,0,0,0,0,0
adig.exe,C:\samples\benign\program_files\adig.exe,benign,Benign,2,43,41472,69632,3584,5152,4096,4194304,4096,1024,332,267,10,4,10,3.298,0,69748,69632,4,137,0,0,0,0,0,0,0,0,0,0,0,1,0,0,1,1
adpcmencode3.exe,C:\samples\benign\program_files\adpcmencode3.exe,benign,Benign,14,13,65024,147968,0,66720,4096,4194304,4096,1024,332,267,5,0,5,5.584,1,212174,212480,13,72,0,0,0,0,0,0,0,1,0,0,0,0,0,0,0,0
AgentService.exe,C:\samples\benign\program_files\AgentService.exe,benign,Benign,12,0,460800,240640,0,381946,4096,4194304,4096,1024,332,267,6,0,6,4.471,0,699806,699904,18,1028,0,0,0,1,0,0,0,0,0,0,0,0,0,0,0,0
ahost.exe,C:\samples\benign\program_files\ahost.exe,benign,Benign,2,43,34304,53248,3072,5152,4096,4194304,4096,1024,332,267,10,4,10,3.252,0,52756,53248,4,79,0,0,0,0,0,0,0,0,0,0,0,1,0,0,1,1
aitstatic.exe,C:\samples\benign\program_files\aitstatic.exe,benign,Benign,14,13,1000448,1704448,0,999072,4096,4194304,4096,1024,332,267,6,1,6,4.949,1,2702898,2702848,8,161,0,0,0,1,0,0,0,1,0,0,0,1,0,0,0,0
AntiDDoS.exe,C:\samples\benign\program_files\AntiDDoS.exe,benign,Benign,6,0,417792,1036288,0,197059,4096,4194304,4096,4096,332,267,4,0,4,5.357,0,1448705,1437696,16,494,0,1,0,1,0,0,0,1,0,0,0,1,0,0,1,1
antiword.exe,C:\samples\benign\program_files\antiword.exe,benign,Benign,2,39,187904,301568,39936,5296,4096,4194304,4096,1024,332,267,10,4,10,3.802,0,339292,301568,2,95,0,0,0,0,0,0,0,0,0,0,0,1,0,0,1,1
appcert.exe,C:\samples\benign\program_files\appcert.exe,benign,Benign,48,0,35328,3584,0,43358,8192,4194304,8192,512,332,267,3,0,3,3.402,0,38072,38912,1,1,0,0,0,0,0,0,0,0,0,0,0,0,0,0,0,0
appcertui.exe,C:\samples\benign\program_files\appcertui.exe,benign,Benign,48,0,124928,60416,0,132910,8192,4194304,8192,512,332,267,3,0,3,4.654,1,184488,185344,1,1,0,0,0,0,0,0,0,0,0,0,0,0,0,0,0,0
apphost.exe,C:\samples\benign\program_files\apphost.exe,benign,Benign,14,29,78848,38400,0,66368,4096,4194304,4096,1024,332,267,4,0,4,4.935,0,115694,115200,12,114,0,1,0,0,0,0,0,0,0,0,0,1,0,0,1,0
appletviewer.exe,C:\samples\benign\program_files\appletviewer.exe,benign,Benign,10,0,2560,6144,0,4988,4096,4194304,4096,1024,332,267,5,0,5,4.354,0,8312,8704,3,49,0,0,0,0,0,0,0,0,0,0,0,0,0,0,0,0
arch.exe,C:\samples\benign\program_files\arch.exe,benign,Benign,2,39,16896,32256,5632,4096,4096,4194304,4096,1024,332,267,9,3,9,3.478,0,35673,32256,3,63,0,0,0,0,0,0,0,0,0,0,0,1,0,0,1,1
assistant.exe,C:\samples\benign\program_files\assistant.exe,benign,Benign,14,24,208896,456192,0,209358,4096,4194304,4096,1024,332,267,5,0,5,5.553,0,663960,663552,14,1841,0,0,1,0,0,0,0,0,0,0,0,1,0,0,0,0
AutoHotkey.exe,C:\samples\benign\program_files\AutoHotkey.exe,benign,Benign,14,39,745984,243712,0,637865,4096,4194304,4096,1024,332,267,4,0,4,5.368,0,989318,977408,16,475,0,1,0,1,0,0,0,1,1,0,0,1,1,1,1,0
AutoHotkey32.exe,C:\samples\benign\program_files\AutoHotkey32.exe,benign,Benign,14,39,745984,243712,0,637865,4096,4194304,4096,1024,332,267,4,0,4,5.368,0,989318,977408,16,475,0,1,0,1,0,0,0,1,1,0,0,1,1,1,1,0
AutoHotkey32_UIA.exe,C:\samples\benign\program_files\AutoHotkey32_UIA.exe,benign,Benign,14,39,745984,231424,0,637865,4096,4194304,4096,1024,332,267,4,0,4,5.381,0,989234,977408,16,475,0,1,0,1,0,0,0,1,1,0,0,1,1,1,1,0
AutoHotkey64.exe,C:\samples\benign\program_files\AutoHotkey64.exe,benign,Benign,14,39,929792,367616,0,781372,4096,5368709120,4096,1024,34404,523,6,1,6,5.228,0,1296984,1278464,16,484,0,1,0,1,0,0,0,1,1,0,0,1,1,1,1,0
AutoHotkey64_UIA.exe,C:\samples\benign\program_files\AutoHotkey64_UIA.exe,benign,Benign,14,39,929792,348672,0,781372,4096,5368709120,4096,1024,34404,523,6,1,6,5.237,0,1296900,1278464,16,484,0,1,0,1,0,0,0,1,1,0,0,1,1,1,1,0
AutoHotkeyA32.exe,C:\samples\benign\program_files\AutoHotkeyA32.exe,benign,Benign,10,0,670208,142848,0,615863,4096,4194304,4096,1024,332,267,4,0,4,5.447,0,812069,791040,14,474,0,1,0,1,0,0,0,1,0,0,0,1,1,1,1,1
AutoHotkeyU32.exe,C:\samples\benign\program_files\AutoHotkeyU32.exe,benign,Benign,10,0,702976,232448,0,642432,4096,4194304,4096,1024,332,267,4,0,4,5.304,0,934049,911360,14,470,0,1,0,1,0,0,0,1,1,0,0,1,1,1,1,0
AutoHotkeyU64.exe,C:\samples\benign\program_files\AutoHotkeyU64.exe,benign,Benign,10,0,968192,377344,0,893204,4096,5368709120,4096,1024,34404,523,7,2,7,5.545,0,1344127,1315328,14,476,0,1,0,1,0,0,0,1,1,0,0,1,1,1,1,0
AutoHotkeyUX.exe,C:\samples\benign\program_files\AutoHotkeyUX.exe,benign,Benign,14,39,745984,243712,0,637865,4096,4194304,4096,1024,332,267,4,0,4,5.368,0,989318,977408,16,475,0,1,0,1,0,0,0,1,1,0,0,1,1,1,1,0
awk.exe,C:\samples\benign\program_files\awk.exe,benign,Benign,2,30,466944,607744,15360,4096,4096,4194304,4096,1024,332,267,8,3,7,3.984,0,621425,607744,7,300,0,0,0,0,0,0,0,0,0,0,0,1,0,0,1,1
b2sum.exe,C:\samples\benign\program_files\b2sum.exe,benign,Benign,2,39,50688,71680,5632,4096,4096,4194304,4096,1024,332,267,9,3,8,3.607,0,74909,71680,4,83,0,0,0,0,0,0,0,0,0,0,0,1,0,0,1,1
BackgroundDownload.exe,C:\samples\benign\program_files\BackgroundDownload.exe,benign,Benign,48,0,64512,180224,0,72690,8192,4194304,8192,512,332,267,3,0,3,3.947,0,243812,244736,1,1,0,0,0,0,0,0,0,0,0,0,0,0,0,0,0,0
base32.exe,C:\samples\benign\program_files\base32.exe,benign,Benign,2,39,22528,40448,5632,4096,4096,4194304,4096,1024,332,267,9,3,9,3.496,0,43273,40448,3,72,0,0,0,0,0,0,0,0,0,0,0,1,0,0,1,1
base64.exe,C:\samples\benign\program_files\base64.exe,benign,Benign,2,39,22528,40448,5632,4096,4096,4194304,4096,1024,332,267,9,3,9,3.494,0,42977,40448,3,72,0,0,0,0,0,0,0,0,0,0,0,1,0,0,1,1
basename.exe,C:\samples\benign\program_files\basename.exe,benign,Benign,2,39,17408,32768,5632,4096,4096,4194304,4096,1024,332,267,9,3,9,3.432,0,35709,32768,3,63,0,0,0,0,0,0,0,0,0,0,0,1,0,0,1,1
basenc.exe,C:\samples\benign\program_files\basenc.exe,benign,Benign,2,39,27648,49152,5632,4096,4096,4194304,4096,1024,332,267,9,3,9,3.525,0,52265,49152,3,72,0,0,0,0,0,0,0,0,0,0,0,1,0,0,1,1
bash.exe,C:\samples\benign\program_files\bash.exe,benign,Benign,2,36,930304,2171904,50176,4096,4096,4194304,4096,1024,332,267,10,4,10,4.358,1,2219621,2171904,2,262,0,0,0,0,0,0,0,0,0,0,1,1,0,0,1,1
bcdboot.exe,C:\samples\benign\program_files\bcdboot.exe,benign,Benign,14,20,176640,28160,0,178096,4096,4194304,4096,1024,332,267,5,0,5,4.586,0,203610,203776,7,221,0,0,0,0,0,0,0,1,0,0,0,1,0,0,0,0
betest.exe,C:\samples\benign\program_files\betest.exe,benign,Benign,14,13,220672,27136,0,199808,4096,4194304,4096,1024,332,267,5,0,5,4.899,0,246244,241152,11,170,0,1,0,1,0,0,0,1,0,0,0,1,0,0,0,0
blocked-file-util.exe,C:\samples\benign\program_files\blocked-file-util.exe,benign,Benign,2,44,32768,16896,3072,5152,4096,4194304,4096,1024,332,267,9,3,9,3.549,0,49932,49664,3,72,0,0,0,0,0,0,0,0,0,0,0,1,0,0,1,1
BlockerService.exe,C:\samples\benign\program_files\BlockerService.exe,benign,Benign,6,0,69632,45056,0,14459,4096,4194304,4096,4096,332,267,3,0,3,4.667,0,106106,98304,10,251,0,1,0,0,0,0,0,1,0,0,0,1,0,0,1,1
bootsect.exe,C:\samples\benign\program_files\bootsect.exe,benign,Benign,14,20,39936,51712,0,41984,4096,4194304,4096,1024,332,267,5,0,5,5.028,0,90020,86528,4,107,0,0,0,0,0,0,0,1,0,0,0,1,0,0,0,0
BootTrigger.exe,C:\samples\benign\program_files\BootTrigger.exe,benign,Benign,12,0,10752,162304,0,12663,4096,4194304,4096,1024,332,267,5,0,4,5.157,0,171971,172032,6,81,0,0,0,1,0,0,0,0,0,0,0,0,0,0,0,0
brotli.exe,C:\samples\benign\program_files\brotli.exe,benign,Benign,2,43,44032,67072,3072,5088,4096,4194304,4096,1024,332,267,10,4,10,3.325,0,66964,67072,4,92,0,0,0,0,0,0,0,0,0,0,0,1,0,0,1,1
BrowserCore.exe,C:\samples\benign\program_files\BrowserCore.exe,benign,Benign,14,20,32768,36864,0,28608,4096,4194304,4096,1024,332,267,6,1,6,3.969,0,67852,68608,26,114,0,0,0,0,0,0,0,0,0,0,0,0,0,0,0,0
bscmake.exe,C:\samples\benign\program_files\bscmake.exe,benign,Benign,14,15,58880,16896,0,58167,4096,4194304,4096,1024,332,267,5,0,5,4.628,0,161534,75776,15,146,0,0,1,0,0,0,0,0,1,0,0,1,0,0,0,0
BsSndRpt.exe,C:\samples\benign\program_files\BsSndRpt.exe,benign,Benign,14,16,270848,112128,0,115221,4096,4194304,4096,1024,332,267,4,0,4,4.993,0,381968,378880,12,247,0,1,0,1,0,0,0,1,0,0,0,1,0,0,0,0
BsSndRpt64.exe,C:\samples\benign\program_files\BsSndRpt64.exe,benign,Benign,14,16,335872,175104,0,158196,4096,5368709120,4096,1024,34404,523,5,0,5,4.953,0,510232,503808,12,253,0,1,0,1,0,0,0,1,0,0,0,1,0,0,0,0
bulkmetadatapackagingwizard.exe,C:\samples\benign\program_files\bulkmetadatapackagingwizard.exe,benign,Benign,48,0,54272,303616,0,62110,8192,4194304,8192,512,332,267,3,0,3,3.843,0,356616,357888,1,1,0,0,0,0,0,0,0,0,0,0,0,0,0,0,0,0
bunzip2.exe,C:\samples\benign\program_files\bunzip2.exe,benign,Benign,2,37,16384,33280,5120,4096,4096,4194304,4096,1024,332,267,9,3,9,3.471,0,35593,33280,3,73,0,0,0,0,0,0,0,0,0,0,0,1,0,0,1,1
bzcat.exe,C:\samples\benign\program_files\bzcat.exe,benign,Benign,2,37,16384,33280,5120,4096,4096,4194304,4096,1024,332,267,9,3,9,3.471,0,35593,33280,3,73,0,0,0,0,0,0,0,0,0,0,0,1,0,0,1,1
bzip2.exe,C:\samples\benign\program_files\bzip2.exe,benign,Benign,2,37,16384,33280,5120,4096,4096,4194304,4096,1024,332,267,9,3,9,3.471,0,35593,33280,3,73,0,0,0,0,0,0,0,0,0,0,0,1,0,0,1,1
bzip2recover.exe,C:\samples\benign\program_files\bzip2recover.exe,benign,Benign,2,37,5632,13312,1606656,4096,4096,4194304,4096,1024,332,267,9,3,9,3.212,0,1617189,13312,2,39,0,0,0,0,0,0,0,0,0,0,0,1,0,0,1,1
captoinfo.exe,C:\samples\benign\program_files\captoinfo.exe,benign,Benign,2,43,46592,81408,512,4096,4096,4194304,4096,1024,332,267,9,3,9,3.574,0,79209,81408,4,122,0,0,0,0,0,0,0,0,0,0,0,1,0,0,1,1
cat.exe,C:\samples\benign\program_files\cat.exe,benign,Benign,2,39,19456,36352,5632,4096,4096,4194304,4096,1024,332,267,9,3,9,3.501,0,39121,36352,3,75,0,0,0,0,0,0,0,0,0,0,0,1,0,0,1,1
cert2spc.exe,C:\samples\benign\program_files\cert2spc.exe,benign,Benign,14,13,4096,12800,0,6672,4096,4194304,4096,1024,332,267,5,0,5,3.974,0,16350,9216,4,47,0,1,0,0,0,0,0,0,0,0,0,0,0,0,0,1
certmgr.exe,C:\samples\benign\program_files\certmgr.exe,benign,Benign,14,13,33280,39936,0,35632,4096,4194304,4096,1024,332,267,5,0,5,4.408,0,72206,64000,6,112,0,1,0,0,0,0,0,1,0,0,0,0,0,0,0,1
chattr.exe,C:\samples\benign\program_files\chattr.exe,benign,Benign,2,36,4608,12288,512,4096,4096,4194304,4096,1536,332,267,17,11,17,3.272,0,53246,56832,2,40,0,0,0,0,0,0,0,0,0,0,0,1,0,0,1,1
chcon.exe,C:\samples\benign\program_files\chcon.exe,benign,Benign,2,39,34816,58880,5632,4096,4096,4194304,4096,1024,332,267,9,3,9,3.573,0,62117,58880,4,90,0,0,0,0,0,0,0,0,0,0,0,1,0,0,1,1
CheckHyperVHost.exe,C:\samples\benign\program_files\CheckHyperVHost.exe,benign,Benign,14,16,52224,35328,0,4880,4096,4194304,4096,1024,332,267,5,0,5,4.745,0,86052,84480,1,64,0,0,0,0,0,0,0,1,0,0,0,1,0,0,0,0
chgrp.exe,C:\samples\benign\program_files\chgrp.exe,benign,Benign,2,39,40960,67072,5632,4096,4096,4194304,4096,1024,332,267,9,3,9,3.616,0,70533,67072,4,106,0,0,0,0,0,0,0,0,0,0,0,1,0,0,1,1
chmod.exe,C:\samples\benign\program_files\chmod.exe,benign,Benign,2,39,35840,58368,5632,4096,4096,4194304,4096,1024,332,267,9,3,9,3.622,0,61121,58368,4,85,0,0,0,0,0,0,0,0,0,0,0,1,0,0,1,1
chown.exe,C:\samples\benign\program_files\chown.exe,benign,Benign,2,39,41472,68608,5632,4096,4096,4194304,4096,1024,332,267,9,3,9,3.61,0,71909,68608,4,108,0,0,0,0,0,0,0,0,0,0,0,1,0,0,1,1
chrmstp.exe,C:\samples\benign\program_files\chrmstp.exe,benign,Benign,14,0,4132864,1351680,0,2517280,4096,4194304,4096,1024,332,267,9,4,9,3.684,0,5585219,5485568,18,396,0,1,0,1,0,0,0,1,1,0,0,1,0,0,0,1
chrome.exe,C:\samples\benign\program_files\chrome.exe,benign,Benign,14,0,1958912,717312,0,1189104,4096,4194304,4096,1024,332,267,8,3,8,4.462,0,2754977,2677760,4,230,0,0,0,0,0,0,0,1,1,0,0,1,0,0,0,1
chrome_proxy.exe,C:\samples\benign\program_files\chrome_proxy.exe,benign,Benign,14,0,706560,140288,0,410080,4096,4194304,4096,1024,332,267,6,1,6,4.459,0,920739,846848,7,143,0,1,0,0,0,0,0,1,1,0,0,1,0,0,0,1
chrome_pwa_launcher.exe,C:\samples\benign\program_files\chrome_pwa_launcher.exe,benign,Benign,14,0,742400,420352,0,426048,4096,4194304,4096,1024,332,267,6,1,6,4.329,0,1238123,1162752,8,154,0,1,0,0,0,0,0,1,1,0,0,1,0,0,0,1
chroot.exe,C:\samples\benign\program_files\chroot.exe,benign,Benign,2,39,24064,42496,5632,4096,4096,4194304,4096,1024,332,267,9,3,9,3.498,0,45161,42496,3,87,0,0,0,0,0,0,0,0,0,0,0,1,0,0,1,1
cksum.exe,C:\samples\benign\program_files\cksum.exe,benign,Benign,2,39,17920,34304,5632,4096,4096,4194304,4096,1024,332,267,9,3,9,3.526,0,36913,34304,3,68,0,0,0,0,0,0,0,0,0,0,0,1,0,0,1,1
cl.exe,C:\samples\benign\program_files\cl.exe,benign,Benign,14,15,314880,32768,0,187202,4096,4194304,4096,1024,332,267,5,0,5,4.953,0,364192,347648,18,256,0,0,1,0,0,0,0,1,1,0,0,1,0,0,0,0
clear.exe,C:\samples\benign\program_files\clear.exe,benign,Benign,2,43,3584,10752,512,4096,4096,4194304,4096,1024,332,267,9,3,9,2.878,0,8213,10752,3,42,0,0,0,0,0,0,0,0,0,0,0,1,0,0,1,1
cmake.exe,C:\samples\benign\program_files\cmake.exe,benign,Benign,14,14,6761472,1538560,0,6081,4096,4194304,4096,1024,332,267,8,2,8,3.68,0,8297711,8285696,25,620,0,1,1,1,0,0,0,1,1,0,0,1,0,0,1,1
cmcldeps.exe,C:\samples\benign\program_files\cmcldeps.exe,benign,Benign,14,14,1130496,257024,0,5401,4096,4194304,4096,1024,332,267,8,2,8,3.739,0,1385393,1378304,22,434,0,1,1,0,0,0,0,1,1,0,0,1,0,0,1,1
cmp.exe,C:\samples\benign\program_files\cmp.exe,benign,Benign,2,40,31232,51712,69632,4096,4096,4194304,4096,1024,332,267,10,4,10,3.354,0,118606,51712,5,99,0,0,0,0,0,0,0,0,0,0,0,1,0,0,1,1
column.exe,C:\samples\benign\program_files\column.exe,benign,Benign,2,43,24064,41472,512,4096,4096,4194304,4096,1024,332,267,9,3,9,3.488,0,39533,41472,5,115,0,0,0,0,0,0,0,0,0,0,0,1,0,0,1,1
comm.exe,C:\samples\benign\program_files\comm.exe,benign,Benign,2,39,19968,37376,5632,4096,4096,4194304,4096,1024,332,267,9,3,8,3.504,0,40905,37376,3,73,0,0,0,0,0,0,0,0,0,0,0,1,0,0,1,1
ComparePackage.exe,C:\samples\benign\program_files\ComparePackage.exe,benign,Benign,48,0,34304,2560,0,42006,8192,4194304,8192,512,332,267,3,0,3,3.177,0,35672,36864,1,1,0,0,0,0,0,0,0,0,0,0,0,0,0,0,0,0
compat-bash.exe,C:\samples\benign\program_files\compat-bash.exe,benign,Benign,2,44,15872,17920,262656,5136,4096,4194304,4096,1536,332,267,11,5,10,3.121,0,293372,33604,5,87,0,1,0,0,0,0,0,0,1,0,0,1,0,0,1,1
computerhardwareids.exe,C:\samples\benign\program_files\computerhardwareids.exe,benign,Benign,14,13,34304,5120,0,36720,4096,4194304,4096,1024,332,267,5,0,5,3.524,0,38316,38912,4,49,0,0,0,0,0,0,0,0,0,0,0,0,0,0,0,0
ConfigSecurityPolicy.exe,C:\samples\benign\program_files\ConfigSecurityPolicy.exe,benign,Benign,14,20,176128,47616,0,154512,4096,4194304,4096,1024,332,267,5,0,5,5.537,0,222894,222208,25,282,0,1,0,1,0,0,0,1,1,0,0,1,0,0,0,0
connect.exe,C:\samples\benign\program_files\connect.exe,benign,Benign,2,40,52736,80896,20992,5104,4096,4194304,4096,1024,332,267,10,4,10,3.465,0,98420,80896,5,116,0,0,0,0,0,0,0,1,0,0,0,1,0,0,1,1
conversionpixel.exe,C:\samples\benign\program_files\conversionpixel.exe,benign,Benign,12,0,8192,9216,0,9961,4096,4194304,4096,1024,332,267,5,0,5,4.737,0,15889,16384,5,91,0,0,0,0,0,0,0,0,0,0,0,0,0,0,0,0
convert-moftoprovider.exe,C:\samples\benign\program_files\convert-moftoprovider.exe,benign,Benign,14,13,105472,20480,0,25440,4096,4194304,4096,1024,332,267,5,0,5,5.06,0,124244,118784,3,82,0,1,0,0,0,0,0,1,0,0,0,1,0,0,0,1
cookie_exporter.exe,C:\samples\benign\program_files\cookie_exporter.exe,benign,Benign,14,0,49152,33280,0,4800,4096,4194304,4096,1024,332,267,5,0,5,4.861,0,84364,82432,1,67,0,0,0,0,0,0,0,1,0,0,0,1,0,0,0,0
CornerTips.exe,C:\samples\benign\program_files\CornerTips.exe,benign,Benign,14,29,17408,190464,0,16449,4096,4194304,4096,1024,332,267,5,0,5,5.884,0,206858,207360,14,182,0,0,1,0,0,0,0,0,0,0,0,0,0,0,0,0
cp.exe,C:\samples\benign\program_files\cp.exe,benign,Benign,2,39,77312,118272,6656,4096,4096,4194304,4096,1024,332,267,9,3,9,3.678,0,123141,118272,4,172,0,0,0,0,0,0,0,0,0,0,0,1,0,0,1,1
cpack.exe,C:\samples\benign\program_files\cpack.exe,benign,Benign,14,14,6962176,1552384,0,6146,4096,4194304,4096,1024,332,267,8,2,8,3.675,0,8512240,8500224,26,609,0,1,1,1,0,0,0,1,1,0,0,1,0,0,1,1
cppwinrt.exe,C:\samples\benign\program_files\cppwinrt.exe,benign,Benign,14,14,573952,612352,0,378202,4096,4194304,4096,1024,332,267,5,0,5,5.335,0,1184793,1182208,24,115,0,0,0,1,0,0,0,1,0,0,0,1,0,0,0,0
create-shortcut.exe,C:\samples\benign\program_files\create-shortcut.exe,benign,Benign,2,44,45568,83968,5120,5152,4096,4194304,4096,1024,332,267,9,3,9,3.954,1,131600,129536,4,67,0,0,0,0,0,0,0,0,0,0,0,1,0,0,1,1
createdump.exe,C:\samples\benign\program_files\createdump.exe,benign,Benign,14,42,23040,16896,0,13168,4096,4194304,4096,1024,332,267,5,0,5,4.821,0,38454,38912,11,81,0,0,0,0,0,0,0,0,0,0,0,1,0,0,0,0
csc.exe,C:\samples\benign\program_files\csc.exe,benign,Benign,48,0,38400,2560,0,46470,8192,4194304,8192,512,332,267,3,0,3,3.147,0,39844,40960,1,1,0,0,0,0,0,0,0,0,0,0,0,0,0,0,0,0
csi.exe,C:\samples\benign\program_files\csi.exe,benign,Benign,48,0,4096,2560,0,12018,8192,4194304,8192,512,332,267,3,0,3,3.071,0,5392,6656,1,1,0,0,0,0,0,0,0,0,0,0,0,0,0,0,0,0
csplit.exe,C:\samples\benign\program_files\csplit.exe,benign,Benign,2,39,83456,113664,5632,4096,4096,4194304,4096,1024,332,267,9,3,9,3.657,0,116869,113664,4,101,0,0,0,0,0,0,0,0,0,0,0,1,0,0,1,1
ctest.exe,C:\samples\benign\program_files\ctest.exe,benign,Benign,14,14,7618048,1674752,0,6256,4096,4194304,4096,1024,332,267,8,2,8,3.692,0,9290847,9278464,25,615,0,1,1,1,0,0,0,1,1,0,0,1,0,0,1,1
ctrpp.exe,C:\samples\benign\program_files\ctrpp.exe,benign,Benign,14,13,150528,137216,0,140672,4096,4194304,4096,1024,332,267,5,0,5,5.252,0,286764,286720,7,135,0,1,0,1,0,0,0,1,0,0,0,0,0,0,0,0
curl.exe,C:\samples\benign\program_files\curl.exe,benign,Benign,2,44,159232,168448,5120,5152,4096,4194304,4096,1536,332,267,10,4,9,3.894,1,329776,327380,5,206,0,0,0,0,0,0,0,0,0,0,0,1,0,0,1,1
cut.exe,C:\samples\benign\program_files\cut.exe,benign,Benign,2,39,23552,41984,5632,4096,4096,4194304,4096,1024,332,267,9,3,9,3.571,0,45477,41984,3,81,0,0,0,0,0,0,0,0,0,0,0,1,0,0,1,1
cvtres.exe,C:\samples\benign\program_files\cvtres.exe,benign,Benign,14,15,19968,10752,0,20535,4096,4194304,4096,1024,332,267,5,0,5,4.777,0,30360,30720,14,115,0,0,1,0,0,0,0,0,0,0,0,1,0,0,0,0
cygcheck.exe,C:\samples\benign\program_files\cygcheck.exe,benign,Benign,2,35,164864,229888,81920,5312,4096,4194304,4096,1536,332,267,17,12,17,3.719,0,796159,719872,7,184,0,1,0,0,0,0,0,0,0,0,0,1,0,0,1,1
cygpath.exe,C:\samples\benign\program_files\cygpath.exe,benign,Benign,2,36,12800,25088,1024,4096,4096,4194304,4096,1536,332,267,17,11,17,3.647,0,101702,105472,5,87,0,0,0,0,0,0,0,0,0,0,0,1,0,0,1,1
cygwin-console-helper.exe,C:\samples\benign\program_files\cygwin-console-helper.exe,benign,Benign,2,35,30208,44032,3072,5312,4096,4194304,4096,1536,332,267,17,12,17,3.35,0,218276,220160,2,63,0,0,0,0,0,0,0,1,0,0,0,1,0,0,1,1
d2u.exe,C:\samples\benign\program_files\d2u.exe,benign,Benign,2,41,28672,55808,512,4096,4096,4194304,4096,1024,332,267,9,3,9,3.799,0,53269,55808,3,62,0,0,0,0,0,0,0,0,0,0,0,1,0,0,1,1
dash.exe,C:\samples\benign\program_files\dash.exe,benign,Benign,2,40,71168,108544,3584,4096,4096,4194304,4096,1024,332,267,9,3,9,3.782,0,109405,108544,2,105,0,0,0,0,0,0,0,0,0,0,0,1,0,0,1,1
datacollector.arm64.exe,C:\samples\benign\program_files\datacollector.arm64.exe,benign,Benign,48,0,14848,2048,0,0,8192,5368709120,8192,512,43620,523,2,0,2,4.609,0,16327,16896,0,0,0,0,0,0,0,0,0,0,0,0,0,0,0,0,0,0
datacollector.exe,C:\samples\benign\program_files\datacollector.exe,benign,Benign,48,0,9216,2560,0,17230,8192,4194304,8192,512,332,267,3,0,3,3.037,0,10612,11776,1,1,0,0,0,0,0,0,0,0,0,0,0,0,0,0,0,0
DataScanService.exe,C:\samples\benign\program_files\DataScanService.exe,benign,Benign,14,16,948736,254976,0,685982,4096,4194304,4096,1024,332,267,5,0,5,5.33,0,1202715,1198592,4,124,0,0,0,0,0,0,0,1,0,0,0,1,0,0,0,1
date.exe,C:\samples\benign\program_files\date.exe,benign,Benign,2,39,93184,131584,5632,4096,4096,4194304,4096,1024,332,267,9,3,9,3.698,0,134677,131584,4,95,0,0,0,0,0,0,0,0,0,0,0,1,0,0,1,1
dd.exe,C:\samples\benign\program_files\dd.exe,benign,Benign,2,39,67072,97280,6144,4096,4096,4194304,4096,1024,332,267,9,3,9,3.771,0,100933,97280,4,105,0,0,0,0,0,0,0,0,0,0,0,1,0,0,1,1
DeployUtil.exe,C:\samples\benign\program_files\DeployUtil.exe,benign,Benign,12,10,20992,5632,0,23040,4096,4194304,4096,1024,332,267,4,0,4,4.252,0,25782,26112,15,66,0,0,0,1,0,0,0,0,0,0,0,0,0,0,0,1
DeviceMetadataWizard.exe,C:\samples\benign\program_files\DeviceMetadataWizard.exe,benign,Benign,48,0,285184,88576,0,293334,8192,4194304,8192,512,332,267,3,0,3,4.712,1,373204,373760,1,1,0,0,0,0,0,0,0,0,0,0,0,0,0,0,0,0
DeviceViewerService.exe,C:\samples\benign\program_files\DeviceViewerService.exe,benign,Benign,14,16,2470912,481792,0,47961,4096,4194304,4096,1024,332,267,8,2,8,3.463,0,2950969,2943488,4,151,0,0,0,0,0,0,0,1,0,0,0,1,0,0,0,1
df.exe,C:\samples\benign\program_files\df.exe,benign,Benign,2,39,77312,109568,5632,4096,4096,4194304,4096,1024,332,267,9,3,9,3.758,0,112413,109568,4,113,0,0,0,0,0,0,0,0,0,0,0,1,0,0,1,1
diff.exe,C:\samples\benign\program_files\diff.exe,benign,Benign,2,40,157184,214528,70656,4096,4096,4194304,4096,1024,332,267,10,4,10,3.539,0,282803,214528,4,153,0,0,0,0,0,0,0,0,0,0,0,1,0,0,1,1
diff3.exe,C:\samples\benign\program_files\diff3.exe,benign,Benign,2,40,37376,61952,69632,4096,4096,4194304,4096,1024,332,267,10,4,10,3.345,0,128676,61952,4,104,0,0,0,0,0,0,0,0,0,0,0,1,0,0,1,1
dir.exe,C:\samples\benign\program_files\dir.exe,benign,Benign,2,39,99328,155136,9728,4096,4096,4194304,4096,1024,332,267,9,3,9,3.884,0,162865,155136,4,146,0,0,0,0,0,0,0,0,0,0,0,1,0,0,1,1
dircolors.exe,C:\samples\benign\program_files\dircolors.exe,benign,Benign,2,39,30720,54784,5632,4096,4096,4194304,4096,1024,332,267,9,3,9,3.663,0,57921,54784,3,84,0,0,0,0,0,0,0,0,0,0,0,1,0,0,1,1
dirmngr-client.exe,C:\samples\benign\program_files\dirmngr-client.exe,benign,Benign,2,36,59904,83456,1024,4096,4096,4194304,4096,1024,332,267,9,3,9,3.477,0,81857,83456,8,195,0,0,0,0,0,0,0,0,0,0,1,1,0,0,1,1
dirmngr.exe,C:\samples\benign\program_files\dirmngr.exe,benign,Benign,2,36,260096,352256,3584,4096,4096,4194304,4096,1024,332,267,9,3,9,3.59,0,353237,352256,11,490,0,0,0,0,0,0,0,0,0,0,0,1,0,0,1,1
dirname.exe,C:\samples\benign\program_files\dirname.exe,benign,Benign,2,39,16896,32256,5632,4096,4096,4194304,4096,1024,332,267,9,3,9,3.392,0,34785,32256,3,62,0,0,0,0,0,0,0,0,0,0,0,1,0,0,1,1
diskspd32.exe,C:\samples\benign\program_files\diskspd32.exe,benign,Benign,14,0,196096,84992,0,106822,4096,4194304,4096,1024,332,267,6,1,6,4.789,0,279908,278016,4,109,0,0,0,1,0,0,0,1,0,0,0,1,0,0,0,0
diskspd64.exe,C:\samples\benign\program_files\diskspd64.exe,benign,Benign,14,0,216576,121856,0,120144,4096,5368709120,4096,1024,34404,523,7,1,7,4.526,0,336318,333312,4,112,0,0,0,1,0,0,0,1,0,0,0,1,0,0,0,0
dism.exe,C:\samples\benign\program_files\dism.exe,benign,Benign,9,0,152576,264704,0,107200,4096,16777216,4096,1024,332,267,4,0,4,5.06,0,416418,201728,8,193,0,1,0,1,0,0,0,1,0,0,0,1,0,0,0,1
dos2unix.exe,C:\samples\benign\program_files\dos2unix.exe,benign,Benign,2,41,28672,55808,512,4096,4096,4194304,4096,1024,332,267,9,3,9,3.799,0,53269,55808,3,62,0,0,0,0,0,0,0,0,0,0,0,1,0,0,1,1
dotnet.exe,C:\samples\benign\program_files\dotnet.exe,benign,Benign,14,42,42496,72192,0,32272,4096,4194304,4096,1024,332,267,5,0,5,4.861,0,113072,112640,9,85,0,0,0,0,0,0,0,0,0,0,0,1,0,0,1,0
DTUDriver.exe,C:\samples\benign\program_files\DTUDriver.exe,benign,Benign,14,20,71168,89600,0,67584,4096,4194304,4096,1024,332,267,6,1,6,4.05,0,158532,159232,41,141,0,0,0,1,0,0,0,1,0,0,0,1,0,0,0,0
du.exe,C:\samples\benign\program_files\du.exe,benign,Benign,2,39,128512,175104,5632,4096,4096,4194304,4096,1024,332,267,9,3,9,3.727,0,178093,175104,4,134,0,0,0,0,0,0,0,0,0,0,0,1,0,0,1,1
dump64.exe,C:\samples\benign\program_files\dump64.exe,benign,Benign,48,0,31232,1536,0,0,8192,5368709120,8192,512,34404,523,2,0,2,5.208,0,32352,32768,0,0,0,0,0,0,0,0,0,0,0,0,0,0,0,0,0,0
dump64a.exe,C:\samples\benign\program_files\dump64a.exe,benign,Benign,48,0,36352,1536,0,0,8192,5368709120,8192,512,43620,523,2,0,2,5.2,0,37309,37888,0,0,0,0,0,0,0,0,0,0,0,0,0,0,0,0,0,0
dumpbin.exe,C:\samples\benign\program_files\dumpbin.exe,benign,Benign,14,15,5120,5120,0,6231,4096,4194304,4096,1024,332,267,5,0,5,4.076,0,9598,10240,9,47,0,0,1,0,0,0,0,0,0,0,0,0,0,0,0,0
DumpMinitool.arm64.exe,C:\samples\benign\program_files\DumpMinitool.arm64.exe,benign,Benign,48,0,7168,2048,0,14958,8192,4194304,8192,512,332,267,3,0,3,3.179,0,8148,9216,1,1,0,0,0,0,0,0,0,0,0,0,0,0,0,0,0,0
DumpMinitool.exe,C:\samples\benign\program_files\DumpMinitool.exe,benign,Benign,48,0,7168,2048,0,14914,8192,4194304,8192,512,332,267,3,0,3,3.148,0,8068,9216,1,1,0,0,0,0,0,0,0,0,0,0,0,0,0,0,0,0
DumpMinitool.x86.exe,C:\samples\benign\program_files\DumpMinitool.x86.exe,benign,Benign,48,0,7168,2048,0,14946,8192,4194304,8192,512,332,267,3,0,3,3.178,0,8124,9216,1,1,0,0,0,0,0,0,0,0,0,0,0,0,0,0,0,0
dumpsexp.exe,C:\samples\benign\program_files\dumpsexp.exe,benign,Benign,2,36,6656,14336,512,4096,4096,4194304,4096,1024,332,267,9,3,9,2.816,0,11973,14336,2,31,0,0,0,0,0,0,0,0,0,0,0,1,0,0,1,1
dxc.exe,C:\samples\benign\program_files\dxc.exe,benign,Benign,14,13,97792,13824,0,87408,4096,4194304,4096,1024,332,267,5,0,5,4.797,0,110282,110592,14,121,0,0,0,1,0,0,0,1,0,0,0,1,0,0,0,0
dxcapsviewer.exe,C:\samples\benign\program_files\dxcapsviewer.exe,benign,Benign,14,13,94208,65024,0,95696,4096,4194304,4096,1024,332,267,5,0,5,5.32,0,157206,156672,13,146,0,1,0,0,0,0,0,1,0,0,0,1,0,1,0,1
echo.exe,C:\samples\benign\program_files\echo.exe,benign,Benign,2,39,17408,32768,5632,4096,4096,4194304,4096,1024,332,267,9,3,9,3.517,0,36489,32768,3,60,0,0,0,0,0,0,0,0,0,0,0,1,0,0,1,1
edit-git-bash.exe,C:\samples\benign\program_files\edit-git-bash.exe,benign,Benign,2,44,6656,10752,512,5136,4096,4194304,4096,1536,332,267,20,14,20,3.336,0,79921,86016,2,42,0,0,0,0,0,0,0,0,0,0,0,1,0,0,1,1
editbin.exe,C:\samples\benign\program_files\editbin.exe,benign,Benign,14,15,5120,5120,0,6231,4096,4194304,4096,1024,332,267,5,0,5,4.075,0,9598,10240,9,47,0,0,1,0,0,0,0,0,0,0,0,0,0,0,0,0
edit_test.exe,C:\samples\benign\program_files\edit_test.exe,benign,Benign,2,43,31232,47104,3072,5088,4096,4194304,4096,1024,332,267,10,4,10,3.128,0,46388,47104,3,56,0,0,0,0,0,0,0,0,0,0,0,1,0,0,1,1
edit_test_dll.exe,C:\samples\benign\program_files\edit_test_dll.exe,benign,Benign,2,43,32256,49152,3072,5088,4096,4194304,4096,1024,332,267,10,4,10,3.2,0,48500,49152,2,62,0,0,0,0,0,0,0,0,0,0,0,1,0,0,1,1
elevated_tracing_service.exe,C:\samples\benign\program_files\elevated_tracing_service.exe,benign,Benign,14,0,2663936,442368,0,2483168,4096,4194304,4096,1024,332,267,8,3,8,3.901,0,3194286,3106816,17,396,0,1,0,0,0,0,0,1,0,0,0,1,0,0,0,1
elevation_service.exe,C:\samples\benign\program_files\elevation_service.exe,benign,Benign,14,0,1366528,236544,0,1201760,4096,4194304,4096,1024,332,267,7,2,6,4.294,0,1686864,1603584,9,198,0,0,0,1,0,0,0,1,1,0,0,1,0,0,0,1
env.exe,C:\samples\benign\program_files\env.exe,benign,Benign,2,39,22528,41472,5632,4096,4096,4194304,4096,1024,332,267,9,3,9,3.495,0,44565,41472,3,79,0,0,0,0,0,0,0,0,0,0,0,1,0,0,1,1
envsubst.exe,C:\samples\benign\program_files\envsubst.exe,benign,Benign,2,43,85504,148992,8704,5152,4096,4194304,4096,1024,332,267,10,4,10,3.374,0,154516,148992,4,106,0,0,0,0,0,0,0,0,0,0,0,1,0,0,1,1
errlook.exe,C:\samples\benign\program_files\errlook.exe,benign,Benign,14,15,23552,17920,0,20490,4096,4194304,4096,1024,332,267,5,0,5,4.935,0,40590,40448,12,95,0,1,1,0,0,0,0,0,0,0,0,1,0,1,0,0
esd2iso.exe,C:\samples\benign\program_files\esd2iso.exe,benign,Benign,14,29,796160,168960,0,4611,4096,4194304,4096,1024,332,267,7,1,7,3.879,0,963830,957952,4,122,0,0,0,0,0,0,0,1,1,0,0,1,0,0,0,0
espexe.exe,C:\samples\benign\program_files\espexe.exe,benign,Benign,14,13,21504,15360,0,23168,4096,4194304,4096,1024,332,267,5,0,5,5.244,0,35686,35840,5,108,0,1,0,0,0,0,0,0,0,0,0,1,0,0,0,0
ex.exe,C:\samples\benign\program_files\ex.exe,benign,Benign,2,36,2705920,3259904,46592,4096,4096,4194304,4096,1024,332,267,10,4,9,3.49,0,3304100,3259904,7,278,0,1,0,0,0,0,0,0,0,0,1,1,0,1,1,1
expand.exe,C:\samples\benign\program_files\expand.exe,benign,Benign,2,39,19968,36864,5632,4096,4096,4194304,4096,1024,332,267,9,3,9,3.478,0,39917,36864,4,71,0,0,0,0,0,0,0,0,0,0,0,1,0,0,1,1
expediteupdater.exe,C:\samples\benign\program_files\expediteupdater.exe,benign,Benign,14,20,210944,27648,0,187024,4096,4194304,4096,1024,332,267,5,0,5,5.43,0,237486,236032,42,203,0,0,0,1,0,0,0,0,0,0,0,1,0,0,0,0
experience.exe,C:\samples\benign\program_files\experience.exe,benign,Benign,12,0,124416,73728,0,122340,4096,4194304,4096,1024,332,267,5,0,5,5.475,0,196951,197120,11,783,0,1,0,1,0,0,0,0,0,0,0,0,0,0,0,0
experience_01.exe,C:\samples\benign\program_files\experience_01.exe,benign,Benign,14,39,97280,53760,0,22501,4096,4194304,4096,1024,332,267,5,0,5,5.238,0,149504,148480,4,93,0,1,0,0,0,0,0,1,0,0,0,1,0,0,0,0
expr.exe,C:\samples\benign\program_files\expr.exe,benign,Benign,2,39,80384,109056,5632,4096,4096,4194304,4096,1024,332,267,9,3,9,3.591,0,111697,109056,4,89,0,0,0,0,0,0,0,0,0,0,0,1,0,0,1,1
extcheck.exe,C:\samples\benign\program_files\extcheck.exe,benign,Benign,10,0,2560,6144,0,4988,4096,4194304,4096,1024,332,267,5,0,5,4.359,0,8292,8704,3,49,0,0,0,0,0,0,0,0,0,0,0,0,0,0,0,0
ExtExport.exe,C:\samples\benign\program_files\ExtExport.exe,benign,Benign,14,20,35840,10240,0,37824,4096,4194304,4096,1024,332,267,5,0,5,4.38,0,44618,44032,8,93,0,1,0,0,0,0,0,1,0,0,0,1,0,0,0,0
extidgen.exe,C:\samples\benign\program_files\extidgen.exe,benign,Benign,14,13,4096,3584,0,6448,4096,4194304,4096,1024,332,267,5,0,5,3.476,0,6634,7168,3,32,0,0,0,0,0,0,0,0,0,0,0,0,0,0,0,0
factor.exe,C:\samples\benign\program_files\factor.exe,benign,Benign,2,39,55808,90112,5632,4096,4096,4194304,4096,1024,332,267,9,3,9,3.825,1,93133,90112,6,107,0,0,0,0,0,0,0,0,0,0,0,1,0,0,1,1
false.exe,C:\samples\benign\program_files\false.exe,benign,Benign,2,39,15872,30208,5632,4096,4096,4194304,4096,1024,332,267,9,3,9,3.374,0,33129,30208,3,58,0,0,0,0,0,0,0,0,0,0,0,1,0,0,1,1
feedback.exe,C:\samples\benign\program_files\feedback.exe,benign,Benign,48,0,280064,20480,0,288082,8192,4194304,8192,512,332,267,3,0,3,3.962,0,299652,300544,1,1,0,0,0,0,0,0,0,0,0,0,0,0,0,0,0,0
file.exe,C:\samples\benign\program_files\file.exe,benign,Benign,2,43,8192,21504,512,4096,4096,4194304,4096,1024,332,267,9,3,9,3.484,0,19521,21504,3,58,0,0,0,0,0,0,0,0,0,0,0,1,0,0,1,1
filetypeverifier.exe,C:\samples\benign\program_files\filetypeverifier.exe,benign,Benign,14,13,90624,362496,0,91168,4096,4194304,4096,1024,332,267,5,0,5,4.95,0,452194,452096,13,182,0,1,0,0,0,0,0,0,0,0,0,1,1,0,0,0
filtdump.exe,C:\samples\benign\program_files\filtdump.exe,benign,Benign,14,13,15872,6144,0,17776,4096,4194304,4096,1024,332,267,5,0,4,3.782,0,21090,21504,16,52,0,0,0,0,0,0,0,1,0,0,0,0,0,0,0,0
filtreg.exe,C:\samples\benign\program_files\filtreg.exe,benign,Benign,14,13,7168,4608,0,9536,4096,4194304,4096,1024,332,267,5,0,5,3.712,0,10336,11264,3,35,0,0,0,0,0,0,0,0,0,0,0,0,0,0,0,0
find.exe,C:\samples\benign\program_files\find.exe,benign,Benign,2,42,209408,320512,6144,4096,4096,4194304,4096,1024,332,267,10,4,10,3.564,0,323987,320512,4,179,0,0,0,0,0,0,0,0,0,0,0,1,0,0,1,1
fmt.exe,C:\samples\benign\program_files\fmt.exe,benign,Benign,2,39,24576,43008,38912,4096,4096,4194304,4096,1024,332,267,9,3,9,3.519,0,78629,43008,3,71,0,0,0,0,0,0,0,0,0,0,0,1,0,0,1,1
fold.exe,C:\samples\benign\program_files\fold.exe,benign,Benign,2,39,20480,36864,5632,4096,4096,4194304,4096,1024,332,267,9,3,9,3.486,0,40009,36864,3,71,0,0,0,0,0,0,0,0,0,0,0,1,0,0,1,1
frcode.exe,C:\samples\benign\program_files\frcode.exe,benign,Benign,2,42,19456,35840,4096,4096,4096,4194304,4096,1024,332,267,10,4,9,3.268,0,36877,35840,3,61,0,0,0,0,0,0,0,0,0,0,0,1,0,0,1,1
ftquery.exe,C:\samples\benign\program_files\ftquery.exe,benign,Benign,48,0,44544,2560,0,52318,8192,4194304,8192,512,332,267,3,0,3,2.891,0,45732,47104,1,1,0,0,0,0,0,0,0,0,0,0,0,0,0,0,0,0
funzip.exe,C:\samples\benign\program_files\funzip.exe,benign,Benign,2,41,16384,26112,70144,4096,4096,4194304,4096,1024,332,267,9,3,9,3.378,0,93661,26112,2,39,0,0,0,0,0,0,0,0,0,0,0,1,0,0,1,1
fxc.exe,C:\samples\benign\program_files\fxc.exe,benign,Benign,14,13,84480,60928,0,85216,4096,4194304,4096,1024,332,267,5,0,5,4.892,0,144116,125440,5,94,0,0,0,0,0,0,0,0,0,0,0,0,0,0,0,0
FxCopCmd.exe,C:\samples\benign\program_files\FxCopCmd.exe,benign,Benign,48,0,73728,3072,0,81586,8192,4194304,8192,512,332,267,3,0,3,3.414,0,75680,76800,1,1,0,0,0,0,0,0,0,0,0,0,0,0,0,0,0,0
gamesaveutil.exe,C:\samples\benign\program_files\gamesaveutil.exe,benign,Benign,14,13,254976,134144,0,215280,4096,5368709120,4096,1024,34404,523,7,1,7,4.91,0,387515,386048,38,181,0,0,0,1,0,0,0,1,0,0,0,0,0,0,0,0
gawk-5.0.0.exe,C:\samples\benign\program_files\gawk-5.0.0.exe,benign,Benign,2,30,466944,607744,15360,4096,4096,4194304,4096,1024,332,267,8,3,7,3.984,0,621425,607744,7,300,0,0,0,0,0,0,0,0,0,0,0,1,0,0,1,1
gawk.exe,C:\samples\benign\program_files\gawk.exe,benign,Benign,2,30,466944,607744,15360,4096,4096,4194304,4096,1024,332,267,8,3,7,3.984,0,621425,607744,7,300,0,0,0,0,0,0,0,0,0,0,0,1,0,0,1,1
gc.exe,C:\samples\benign\program_files\gc.exe,benign,Benign,14,13,51712,15872,0,16528,4096,4194304,4096,1024,332,267,5,0,5,4.73,0,66874,60416,2,73,0,0,0,0,0,0,0,1,0,0,0,1,0,0,0,0
gencat.exe,C:\samples\benign\program_files\gencat.exe,benign,Benign,2,36,6144,12288,1536,4096,4096,4194304,4096,1536,332,267,17,11,17,3.358,0,60538,63488,2,35,0,0,0,0,0,0,0,0,0,0,0,1,0,0,1,1
genmanifest.exe,C:\samples\benign\program_files\genmanifest.exe,benign,Benign,14,13,93184,13824,0,91888,4096,4194304,4096,1024,332,267,5,0,5,4.593,0,105260,105984,7,95,0,0,0,1,0,0,0,1,0,0,0,1,0,0,0,1
getconf.exe,C:\samples\benign\program_files\getconf.exe,benign,Benign,2,36,3584,22016,512,4096,4096,4194304,4096,1536,332,267,17,11,17,3.141,0,57634,62464,2,32,0,0,0,0,0,0,0,0,0,0,0,1,0,0,1,1
getfacl.exe,C:\samples\benign\program_files\getfacl.exe,benign,Benign,2,36,3584,11264,1024,4096,4096,4194304,4096,1536,332,267,17,11,17,3.244,0,51866,54784,2,41,0,0,0,0,0,0,0,0,0,0,0,1,0,0,1,1
getopt.exe,C:\samples\benign\program_files\getopt.exe,benign,Benign,2,43,5632,15360,512,4096,4096,4194304,4096,1024,332,267,9,3,9,3.127,0,12953,15360,3,55,0,0,0,0,0,0,0,0,0,0,0,1,0,0,1,1
getprocaddr32.exe,C:\samples\benign\program_files\getprocaddr32.exe,benign,Benign,2,35,31744,47104,3072,5312,4096,4194304,4096,1536,332,267,17,12,17,3.342,0,217221,220160,3,76,0,0,0,0,0,0,0,0,0,0,0,1,0,0,1,1
getprocaddr64.exe,C:\samples\benign\program_files\getprocaddr64.exe,benign,Benign,2,35,30208,44032,3072,5344,4096,4194304,4096,1536,34404,523,18,12,18,3.269,0,253237,255488,3,73,0,0,0,0,0,0,0,0,0,0,0,1,0,0,0,1
gettext.exe,C:\samples\benign\program_files\gettext.exe,benign,Benign,2,43,80896,142336,8704,5152,4096,4194304,4096,1024,332,267,10,4,10,3.365,0,148232,142336,4,103,0,0,0,0,0,0,0,0,0,0,0,1,0,0,1,1
git-askpass.exe,C:\samples\benign\program_files\git-askpass.exe,benign,Benign,2,44,31744,16384,3072,5136,4096,4194304,4096,1024,332,267,9,3,9,3.449,0,47728,48128,3,61,0,1,0,0,0,0,0,0,0,0,0,1,0,0,1,1
git-askyesno.exe,C:\samples\benign\program_files\git-askyesno.exe,benign,Benign,2,44,6656,10240,512,5136,4096,4194304,4096,1024,332,267,9,3,9,3.156,0,14072,16896,3,41,0,1,0,0,0,0,0,0,0,0,0,1,0,0,1,1
git-bash.exe,C:\samples\benign\program_files\git-bash.exe,benign,Benign,2,44,15872,109568,262656,5136,4096,4194304,4096,1536,332,267,11,5,10,3.516,1,384977,125212,5,87,0,1,0,0,0,0,0,0,1,0,0,1,0,0,1,1
git-cmd.exe,C:\samples\benign\program_files\git-cmd.exe,benign,Benign,2,44,15872,109056,262656,5136,4096,4194304,4096,1536,332,267,11,5,10,3.533,1,384504,124724,5,87,0,1,0,0,0,0,0,0,1,0,0,1,0,0,1,1
git-credential-helper-selector.exe,C:\samples\benign\program_files\git-credential-helper-selector.exe,benign,Benign,2,44,41984,22528,3584,5136,4096,4194304,4096,1024,332,267,9,3,9,3.34,0,65280,64512,5,112,0,1,0,0,0,0,0,0,1,0,0,1,0,0,1,1
git-credential-manager.exe,C:\samples\benign\program_files\git-credential-manager.exe,benign,Benign,48,0,62976,60416,0,70654,8192,4194304,8192,512,332,267,3,0,3,3.477,0,122348,123392,1,1,0,0,0,0,0,0,0,0,0,0,0,0,0,0,0,0
git-credential-wincred.exe,C:\samples\benign\program_files\git-credential-wincred.exe,benign,Benign,2,44,35840,18944,5120,5152,4096,4194304,4096,1536,332,267,10,4,10,3.766,0,57500,54972,3,78,0,0,0,0,0,0,0,0,0,0,0,1,0,0,1,1
git-daemon.exe,C:\samples\benign\program_files\git-daemon.exe,benign,Benign,2,44,1995776,674816,136192,5136,4096,4194304,4096,1536,332,267,11,5,10,3.669,0,2804467,2670724,11,387,0,1,0,0,0,0,0,1,1,0,0,1,0,0,1,1
git-gui.exe,C:\samples\benign\program_files\git-gui.exe,benign,Benign,2,44,15872,108544,262656,5136,4096,4194304,4096,1536,332,267,11,5,10,3.525,1,384192,124428,5,87,0,1,0,0,0,0,0,0,1,0,0,1,0,0,1,1
git-http-backend.exe,C:\samples\benign\program_files\git-http-backend.exe,benign,Benign,2,44,1992192,673792,136192,5136,4096,4194304,4096,1536,332,267,11,5,10,3.687,0,2800249,2666116,11,383,0,1,0,0,0,0,0,1,1,0,0,1,0,0,1,1
git-http-fetch.exe,C:\samples\benign\program_files\git-http-fetch.exe,benign,Benign,2,44,2032128,687616,135680,5136,4096,4194304,4096,1536,332,267,11,5,9,3.668,0,2853603,2719876,11,388,0,1,0,0,0,0,0,1,1,0,0,1,0,0,1,1
git-http-push.exe,C:\samples\benign\program_files\git-http-push.exe,benign,Benign,2,44,2040320,691200,136192,5136,4096,4194304,4096,1536,332,267,11,5,10,3.663,0,2865238,2731652,12,396,0,1,0,0,0,0,0,1,1,0,0,1,0,0,1,1
git-imap-send.exe,C:\samples\benign\program_files\git-imap-send.exe,benign,Benign,2,44,2036736,690176,135680,5136,4096,4194304,4096,1536,332,267,11,5,10,3.676,0,2860614,2727044,13,418,0,1,0,0,0,0,0,1,1,0,0,1,0,0,1,1
git-lfs.exe,C:\samples\benign\program_files\git-lfs.exe,benign,Benign,3,0,5391872,407040,0,488416,4096,4194304,4096,1024,332,267,7,1,7,4.64,0,11493653,11294720,1,44,0,0,0,0,0,0,0,1,0,0,0,1,0,0,0,0
git-receive-pack.exe,C:\samples\benign\program_files\git-receive-pack.exe,benign,Benign,2,44,3269632,1218048,202240,5136,4096,4194304,4096,1536,332,267,11,5,10,3.674,0,4688432,4487796,11,404,0,1,0,0,0,0,0,1,1,0,0,1,0,0,1,1
git-remote-ftp.exe,C:\samples\benign\program_files\git-remote-ftp.exe,benign,Benign,2,44,2046976,691200,135680,5136,4096,4194304,4096,1536,332,267,11,5,10,3.674,0,2872072,2738308,11,388,0,1,0,0,0,0,0,1,1,0,0,1,0,0,1,1
git-remote-ftps.exe,C:\samples\benign\program_files\git-remote-ftps.exe,benign,Benign,2,44,2046976,691200,135680,5136,4096,4194304,4096,1536,332,267,11,5,10,3.674,0,2872072,2738308,11,388,0,1,0,0,0,0,0,1,1,0,0,1,0,0,1,1
git-remote-http.exe,C:\samples\benign\program_files\git-remote-http.exe,benign,Benign,2,44,2046976,691200,135680,5136,4096,4194304,4096,1536,332,267,11,5,10,3.674,0,2872072,2738308,11,388,0,1,0,0,0,0,0,1,1,0,0,1,0,0,1,1
git-remote-https.exe,C:\samples\benign\program_files\git-remote-https.exe,benign,Benign,2,44,2046976,691200,135680,5136,4096,4194304,4096,1536,332,267,11,5,10,3.674,0,2872072,2738308,11,388,0,1,0,0,0,0,0,1,1,0,0,1,0,0,1,1
git-sh-i18n--envsubst.exe,C:\samples\benign\program_files\git-sh-i18n--envsubst.exe,benign,Benign,2,44,1985024,670208,135168,5136,4096,4194304,4096,1536,332,267,11,5,10,3.693,0,2787798,2655364,11,383,0,1,0,0,0,0,0,1,1,0,0,1,0,0,1,1
git-upload-archive.exe,C:\samples\benign\program_files\git-upload-archive.exe,benign,Benign,2,44,3269632,1218048,202240,5136,4096,4194304,4096,1536,332,267,11,5,10,3.674,0,4688432,4487796,11,404,0,1,0,0,0,0,0,1,1,0,0,1,0,0,1,1
git-upload-pack.exe,C:\samples\benign\program_files\git-upload-pack.exe,benign,Benign,2,44,3269632,1218048,202240,5136,4096,4194304,4096,1536,332,267,11,5,10,3.674,0,4688432,4487796,11,404,0,1,0,0,0,0,0,1,1,0,0,1,0,0,1,1
git-wrapper.exe,C:\samples\benign\program_files\git-wrapper.exe,benign,Benign,2,44,15872,17408,262656,5136,4096,4194304,4096,1536,332,267,11,5,10,3.118,0,293180,33412,5,87,0,1,0,0,0,0,0,0,1,0,0,1,0,0,1,1
git.exe,C:\samples\benign\program_files\git.exe,benign,Benign,2,44,3269632,1218048,202240,5136,4096,4194304,4096,1536,332,267,11,5,10,3.674,0,4688432,4487796,11,404,0,1,0,0,0,0,0,1,1,0,0,1,0,0,1,1
gitk.exe,C:\samples\benign\program_files\gitk.exe,benign,Benign,2,44,15872,108544,262656,5136,4096,4194304,4096,1536,332,267,11,5,10,3.517,1,384189,124428,5,87,0,1,0,0,0,0,0,0,1,0,0,1,0,0,1,1
gkill.exe,C:\samples\benign\program_files\gkill.exe,benign,Benign,2,39,17920,33792,5632,4096,4096,4194304,4096,1024,332,267,9,3,9,3.519,0,36957,33792,3,68,0,0,0,0,0,0,0,0,0,0,0,1,0,0,1,1
gmondump.exe,C:\samples\benign\program_files\gmondump.exe,benign,Benign,2,36,4096,10240,512,4096,4096,4194304,4096,1536,332,267,17,11,17,3.188,0,50563,54272,2,36,0,0,0,0,0,0,0,0,0,0,0,1,0,0,1,1
GoogleUpdate.exe,C:\samples\benign\program_files\GoogleUpdate.exe,benign,Benign,14,0,4224000,1542144,0,2281216,4096,4194304,4096,1024,332,267,8,3,8,3.934,0,5853591,5766656,20,535,0,1,0,1,0,0,0,1,1,0,0,1,0,0,0,1
gpg-agent.exe,C:\samples\benign\program_files\gpg-agent.exe,benign,Benign,2,36,275456,368128,1536,4096,4096,4194304,4096,1024,332,267,9,3,9,3.554,0,367109,368128,9,403,0,0,0,0,0,0,0,0,0,0,0,1,0,0,1,1
gpg-auth.exe,C:\samples\benign\program_files\gpg-auth.exe,benign,Benign,2,36,62464,86528,1024,4096,4096,4194304,4096,1024,332,267,9,3,9,3.356,0,85181,86528,8,205,0,0,0,0,0,0,0,0,0,0,1,1,0,0,1,1
gpg-card.exe,C:\samples\benign\program_files\gpg-card.exe,benign,Benign,2,36,155136,208896,1536,4096,4096,4194304,4096,1024,332,267,9,3,9,3.415,0,207717,208896,9,297,0,0,0,0,0,0,0,0,0,0,1,1,0,0,1,1
gpg-check-pattern.exe,C:\samples\benign\program_files\gpg-check-pattern.exe,benign,Benign,2,36,51712,75776,1024,4096,4096,4194304,4096,1024,332,267,9,3,9,3.312,0,73877,75776,7,168,0,0,0,0,0,0,0,0,0,0,1,1,0,0,1,1
gpg-connect-agent.exe,C:\samples\benign\program_files\gpg-connect-agent.exe,benign,Benign,2,36,78848,109056,2048,4096,4096,4194304,4096,1024,332,267,9,3,9,3.324,0,107721,109056,9,243,0,0,0,0,0,0,0,0,0,0,1,1,0,0,1,1
gpg-error.exe,C:\samples\benign\program_files\gpg-error.exe,benign,Benign,2,36,6656,29696,512,4096,4096,4194304,4096,1024,332,267,9,3,9,2.731,0,26673,29696,4,50,0,0,0,0,0,0,0,0,0,0,0,1,0,0,1,1
gpg-pair-tool.exe,C:\samples\benign\program_files\gpg-pair-tool.exe,benign,Benign,2,36,67584,92672,1024,4096,4096,4194304,4096,1024,332,267,9,3,9,3.415,0,91473,92672,7,202,0,0,0,0,0,0,0,0,0,0,1,1,0,0,1,1
gpg-preset-passphrase.exe,C:\samples\benign\program_files\gpg-preset-passphrase.exe,benign,Benign,2,36,39424,55808,1024,4096,4096,4194304,4096,1024,332,267,9,3,9,3.215,0,53705,55808,8,155,0,0,0,0,0,0,0,0,0,0,1,1,0,0,1,1
gpg-protect-tool.exe,C:\samples\benign\program_files\gpg-protect-tool.exe,benign,Benign,2,36,115712,148480,1536,4096,4096,4194304,4096,1024,332,267,9,3,9,3.429,0,146933,148480,8,277,0,0,0,0,0,0,0,0,0,0,1,1,0,0,1,1
gpg-wks-client.exe,C:\samples\benign\program_files\gpg-wks-client.exe,benign,Benign,2,36,133120,175104,1024,4096,4096,4194304,4096,1024,332,267,9,3,9,3.446,0,173541,175104,8,244,0,0,0,0,0,0,0,0,0,0,1,1,0,0,1,1
gpg-wks-server.exe,C:\samples\benign\program_files\gpg-wks-server.exe,benign,Benign,2,36,115200,152064,1024,4096,4096,4194304,4096,1024,332,267,9,3,8,3.525,0,150673,152064,7,213,0,0,0,0,0,0,0,0,0,0,1,1,0,0,1,1
gpg.exe,C:\samples\benign\program_files\gpg.exe,benign,Benign,2,36,815616,1068544,9216,4096,4096,4194304,4096,1024,332,267,9,3,9,3.616,0,1074753,1068544,13,478,0,0,0,0,0,0,0,0,0,0,0,1,0,0,1,1
gpgconf.exe,C:\samples\benign\program_files\gpgconf.exe,benign,Benign,2,36,90112,127488,1024,4096,4096,4194304,4096,1024,332,267,9,3,9,3.424,0,126361,127488,7,211,0,0,0,0,0,0,0,0,0,0,1,1,0,0,1,1
gpgparsemail.exe,C:\samples\benign\program_files\gpgparsemail.exe,benign,Benign,2,36,14336,23552,512,4096,4096,4194304,4096,1024,332,267,9,3,8,2.823,0,21285,23552,2,59,0,0,0,0,0,0,0,0,0,0,0,1,0,0,1,1
gpgscm.exe,C:\samples\benign\program_files\gpgscm.exe,benign,Benign,2,36,148480,205312,1024,4096,4096,4194304,4096,1024,332,267,9,3,9,2.99,0,203689,205312,8,214,0,0,0,0,0,0,0,0,0,0,1,1,0,0,1,1
gpgsm.exe,C:\samples\benign\program_files\gpgsm.exe,benign,Benign,2,36,390656,521216,2048,4096,4096,4194304,4096,1024,332,267,9,3,9,3.625,0,520661,521216,11,520,0,0,0,0,0,0,0,0,0,0,0,1,0,0,1,1
gpgsplit.exe,C:\samples\benign\program_files\gpgsplit.exe,benign,Benign,2,36,37888,54272,1024,4096,4096,4194304,4096,1024,332,267,9,3,9,3.177,0,52481,54272,9,152,0,0,0,0,0,0,0,0,0,0,1,1,0,0,1,1
gpgtar.exe,C:\samples\benign\program_files\gpgtar.exe,benign,Benign,2,36,73728,99840,1536,4096,4096,4194304,4096,1024,332,267,9,3,9,3.436,0,98801,99840,7,200,0,0,0,0,0,0,0,0,0,0,1,1,0,0,1,1
gpgv.exe,C:\samples\benign\program_files\gpgv.exe,benign,Benign,2,36,379904,476672,8704,4096,4096,4194304,4096,1024,332,267,9,3,9,3.491,0,482937,476672,11,366,0,0,0,0,0,0,0,0,0,0,0,1,0,0,1,1
graphedt.exe,C:\samples\benign\program_files\graphedt.exe,benign,Benign,14,13,150016,89088,0,137696,4096,4194304,4096,1024,332,267,5,0,5,5.349,0,238038,217600,13,206,0,1,0,1,0,0,0,1,0,0,0,1,0,0,1,0
grcat.exe,C:\samples\benign\program_files\grcat.exe,benign,Benign,2,30,2048,7168,512,4096,4096,4194304,4096,1024,332,267,8,3,8,2.687,0,5693,7168,3,23,0,0,0,0,0,0,0,0,0,0,0,1,0,0,1,1
grep.exe,C:\samples\benign\program_files\grep.exe,benign,Benign,2,44,164864,52736,4096,4096,4096,4194304,4096,1024,332,267,9,3,9,3.781,0,218393,217600,6,139,0,0,0,0,0,0,0,0,0,0,0,1,0,0,1,1
groups.exe,C:\samples\benign\program_files\groups.exe,benign,Benign,2,39,18432,34304,5632,4096,4096,4194304,4096,1024,332,267,9,3,9,3.404,0,37097,34304,3,75,0,0,0,0,0,0,0,0,0,0,0,1,0,0,1,1
guidgen.exe,C:\samples\benign\program_files\guidgen.exe,benign,Benign,14,15,12288,14848,0,11101,4096,4194304,4096,1024,332,267,5,0,5,4.799,0,26172,26112,11,77,0,1,1,0,0,0,0,0,0,0,0,1,0,1,0,0
GUP.exe,C:\samples\benign\program_files\GUP.exe,benign,Benign,14,40,493056,132608,0,225756,4096,4194304,4096,1024,332,267,5,0,5,5.397,0,624537,621056,7,144,0,1,0,0,0,0,0,1,0,0,0,1,0,0,0,0
gzip.exe,C:\samples\benign\program_files\gzip.exe,benign,Benign,2,36,75776,98304,816640,4096,4096,4194304,4096,1024,332,267,9,3,9,3.382,0,912145,98304,3,101,0,0,0,0,0,0,0,0,0,0,0,1,0,0,1,1
head.exe,C:\samples\benign\program_files\head.exe,benign,Benign,2,39,27648,46592,5632,4096,4096,4194304,4096,1024,332,267,9,3,9,3.484,0,49593,46592,3,75,0,0,0,0,0,0,0,0,0,0,0,1,0,0,1,1
headless-git.exe,C:\samples\benign\program_files\headless-git.exe,benign,Benign,2,44,7168,12288,512,5136,4096,4194304,4096,1536,332,267,11,5,10,3.064,0,17585,19588,2,52,0,0,0,0,0,0,0,0,1,0,0,1,0,0,1,1
hmac256.exe,C:\samples\benign\program_files\hmac256.exe,benign,Benign,2,36,7168,13824,512,4096,4096,4194304,4096,1024,332,267,9,3,9,3.323,0,11885,13824,2,33,0,0,0,0,0,0,0,0,0,0,0,1,0,0,1,1
hostid.exe,C:\samples\benign\program_files\hostid.exe,benign,Benign,2,39,16384,30720,5632,4096,4096,4194304,4096,1024,332,267,9,3,9,3.411,0,33781,30720,3,62,0,0,0,0,0,0,0,0,0,0,0,1,0,0,1,1
hostname.exe,C:\samples\benign\program_files\hostname.exe,benign,Benign,2,39,16896,31744,5632,4096,4096,4194304,4096,1024,332,267,9,3,9,3.404,0,34417,31744,3,64,0,0,0,0,0,0,0,0,0,0,0,1,0,0,1,1
HxD.exe,C:\samples\benign\program_files\HxD.exe,benign,Benign,2,25,3623936,1068032,0,3630144,4096,4194304,4096,1024,332,267,10,4,10,3.825,0,4719966,4691968,17,661,0,1,0,1,0,0,0,1,1,0,0,1,1,1,1,0
i686-w64-mingw32-agrep.exe,C:\samples\benign\program_files\i686-w64-mingw32-agrep.exe,benign,Benign,2,43,14336,32256,512,5088,4096,4194304,4096,1024,332,267,10,4,10,3.146,0,29512,32256,4,73,0,0,0,0,0,0,0,0,0,0,0,1,0,0,1,1
iconv.exe,C:\samples\benign\program_files\iconv.exe,benign,Benign,2,43,13312,33280,512,4096,4096,4194304,4096,1024,332,267,9,3,9,3.216,0,31277,33280,4,55,0,0,0,0,0,0,0,0,0,0,0,1,0,0,1,1
id.exe,C:\samples\benign\program_files\id.exe,benign,Benign,2,39,23040,41984,5632,4096,4096,4194304,4096,1024,332,267,9,3,9,3.488,0,44573,41984,3,83,0,0,0,0,0,0,0,0,0,0,0,1,0,0,1,1
ida64.exe,C:\samples\benign\program_files\ida64.exe,benign,Benign,14,29,2476032,2167296,0,2404680,4096,5368709120,4096,1536,34404,523,6,0,6,5.668,0,4641465,4617728,25,3723,0,1,1,1,0,0,0,0,0,0,0,1,0,0,1,0
identity_helper.exe,C:\samples\benign\program_files\identity_helper.exe,benign,Benign,14,0,631808,145920,0,486480,4096,4194304,4096,1024,332,267,6,1,6,4.126,0,851247,777728,9,167,0,1,0,1,0,0,0,1,0,0,0,1,0,0,0,1
idlj.exe,C:\samples\benign\program_files\idlj.exe,benign,Benign,10,0,2560,6144,0,4988,4096,4194304,4096,1024,332,267,5,0,5,4.366,0,8288,8704,3,49,0,0,0,0,0,0,0,0,0,0,0,0,0,0,0,0
iediagcmd.exe,C:\samples\benign\program_files\iediagcmd.exe,benign,Benign,14,20,423936,86016,0,427954,4096,4194304,4096,1024,332,267,5,0,5,4.756,1,509086,508928,8,43,0,1,0,1,0,0,0,0,0,0,0,1,0,0,0,1
ieinstal.exe,C:\samples\benign\program_files\ieinstal.exe,benign,Benign,14,20,54784,425472,0,56912,4096,4194304,4096,1024,332,267,5,0,5,4.899,0,479450,479232,11,196,0,1,0,1,0,0,0,0,1,0,0,1,0,0,0,0
ielowutil.exe,C:\samples\benign\program_files\ielowutil.exe,benign,Benign,14,20,8192,212992,0,10400,4096,4194304,4096,1024,332,267,5,0,5,4.265,0,219570,220672,6,74,0,1,0,0,0,0,0,0,0,0,0,1,0,0,0,0
iexplore.exe,C:\samples\benign\program_files\iexplore.exe,benign,Benign,14,20,36352,783872,0,14928,4096,4194304,4096,1024,332,267,6,1,6,4.196,0,818234,818688,8,106,0,1,0,0,0,0,0,0,1,0,0,1,0,0,0,0
ie_to_edge_stub.exe,C:\samples\benign\program_files\ie_to_edge_stub.exe,benign,Benign,14,0,311808,87552,0,144912,4096,4194304,4096,1024,332,267,6,1,6,4.396,0,404923,399360,9,118,0,1,0,1,0,0,0,1,1,0,0,1,0,0,0,0
ifc.exe,C:\samples\benign\program_files\ifc.exe,benign,Benign,14,15,138240,12288,0,45358,4096,4194304,4096,1024,332,267,5,0,5,5.245,0,152486,150528,1,71,0,0,0,0,0,0,0,1,0,0,0,1,0,0,0,0
ifilttst.exe,C:\samples\benign\program_files\ifilttst.exe,benign,Benign,14,13,66048,9216,0,66528,4096,4194304,4096,1024,332,267,5,0,5,4.191,0,73812,74240,5,107,0,0,0,0,0,0,0,0,0,0,0,1,0,0,0,0
ImagingDevices.exe,C:\samples\benign\program_files\ImagingDevices.exe,benign,Benign,14,20,6144,80896,0,8496,4096,4194304,4096,1024,332,267,5,0,5,4.689,1,85756,86528,9,50,0,1,0,1,0,0,0,0,0,0,0,1,0,0,0,0
infocmp.exe,C:\samples\benign\program_files\infocmp.exe,benign,Benign,2,43,30720,56832,512,4096,4096,4194304,4096,1024,332,267,9,3,9,3.524,0,54809,56832,4,86,0,0,0,0,0,0,0,0,0,0,0,1,0,0,1,1
infotocap.exe,C:\samples\benign\program_files\infotocap.exe,benign,Benign,2,43,46592,81408,512,4096,4096,4194304,4096,1024,332,267,9,3,9,3.574,0,79209,81408,4,122,0,0,0,0,0,0,0,0,0,0,0,1,0,0,1,1
initsrv.exe,C:\samples\benign\program_files\initsrv.exe,benign,Benign,12,0,30720,18944,0,17878,4096,4194304,4096,1024,332,267,6,0,6,3.103,0,47960,48640,4,89,0,0,0,0,0,0,0,0,0,0,0,0,0,0,0,0
InputPersonalization.exe,C:\samples\benign\program_files\InputPersonalization.exe,benign,Benign,14,20,229888,64512,0,206512,4096,4194304,4096,1024,332,267,6,1,6,4.742,0,292616,290304,24,265,0,1,0,1,0,0,0,1,0,0,0,1,0,0,0,0
inspect.exe,C:\samples\benign\program_files\inspect.exe,benign,Benign,14,13,159744,78336,0,85440,4096,4194304,4096,1024,332,267,6,1,6,4.149,0,236418,237056,10,243,0,1,0,1,0,0,0,0,0,0,0,1,1,0,0,0
install.exe,C:\samples\benign\program_files\install.exe,benign,Benign,2,39,112128,157696,14848,4096,4096,4194304,4096,1024,332,267,9,3,9,3.757,0,170413,157696,4,190,0,0,0,0,0,0,0,0,0,0,0,1,0,0,1,1
InstallCleanup.exe,C:\samples\benign\program_files\InstallCleanup.exe,benign,Benign,48,0,39424,2560,0,47386,8192,4194304,8192,512,332,267,3,0,3,3.467,0,41160,41984,1,1,0,0,0,0,0,0,0,0,0,0,0,0,0,0,0,0
IPBlockerDemon.exe,C:\samples\benign\program_files\IPBlockerDemon.exe,benign,Benign,6,0,57344,36864,0,10976,4096,4194304,4096,4096,332,267,3,0,3,4.449,0,88724,81920,8,204,0,1,0,0,0,0,0,1,0,0,0,1,0,0,1,1
isxps.exe,C:\samples\benign\program_files\isxps.exe,benign,Benign,48,0,315392,2560,0,323226,8192,4194304,8192,512,332,267,3,0,3,3.164,0,316632,317952,1,1,0,0,0,0,0,0,0,0,0,0,0,0,0,0,0,0
jabswitch.exe,C:\samples\benign\program_files\jabswitch.exe,benign,Benign,14,29,14336,19456,0,12656,4096,5368709120,4096,1024,34404,523,6,0,6,3.84,0,33770,33792,13,96,0,1,1,0,0,0,0,0,0,0,0,1,0,0,0,0
jaccessinspector.exe,C:\samples\benign\program_files\jaccessinspector.exe,benign,Benign,14,29,62976,32256,0,64872,4096,5368709120,4096,1024,34404,523,6,0,6,4.164,0,96491,95232,14,128,0,1,1,0,0,0,0,0,0,0,0,1,0,0,1,0
jaccesswalker.exe,C:\samples\benign\program_files\jaccesswalker.exe,benign,Benign,14,29,35328,24064,0,36388,4096,5368709120,4096,1024,34404,523,6,0,6,3.931,0,60305,59392,14,102,0,1,1,0,0,0,0,0,0,0,0,1,0,0,1,0
jar.exe,C:\samples\benign\program_files\jar.exe,benign,Benign,10,0,2560,6144,0,4988,4096,4194304,4096,1024,332,267,5,0,5,4.348,0,8248,8704,3,49,0,0,0,0,0,0,0,0,0,0,0,0,0,0,0,0
jarsigner.exe,C:\samples\benign\program_files\jarsigner.exe,benign,Benign,10,0,2560,6144,0,4988,4096,4194304,4096,1024,332,267,5,0,5,4.359,0,8308,8704,3,49,0,0,0,0,0,0,0,0,0,0,0,0,0,0,0,0
jaureg.exe,C:\samples\benign\program_files\jaureg.exe,benign,Benign,10,0,270848,160768,0,161121,4096,4194304,4096,1024,332,267,5,0,5,5.535,0,430181,421888,8,136,0,1,0,1,0,0,0,1,0,0,0,1,0,0,0,0
java-rmi.exe,C:\samples\benign\program_files\java-rmi.exe,benign,Benign,10,0,2560,6144,0,5000,4096,4194304,4096,1024,332,267,5,0,5,4.302,0,8244,8704,3,49,0,0,0,0,0,0,0,0,0,0,0,0,0,0,0,0
java.exe,C:\samples\benign\program_files\java.exe,benign,Benign,14,29,3584,34816,0,5152,4096,5368709120,4096,1024,34404,523,6,0,6,3.326,0,36470,38400,9,50,0,0,1,0,0,0,0,0,0,0,0,0,0,0,0,0
javac.exe,C:\samples\benign\program_files\javac.exe,benign,Benign,10,0,2560,6144,0,4988,4096,4194304,4096,1024,332,267,5,0,5,4.353,0,8272,8704,3,49,0,0,0,0,0,0,0,0,0,0,0,0,0,0,0,0
javacpl.exe,C:\samples\benign\program_files\javacpl.exe,benign,Benign,10,0,17920,49664,0,18234,4096,4194304,4096,1024,332,267,5,0,5,4.719,0,65972,66560,5,124,0,1,0,1,0,0,0,0,1,0,0,1,0,0,1,0
javadoc.exe,C:\samples\benign\program_files\javadoc.exe,benign,Benign,10,0,2560,6144,0,4988,4096,4194304,4096,1024,332,267,5,0,5,4.355,0,8284,8704,3,49,0,0,0,0,0,0,0,0,0,0,0,0,0,0,0,0
javafxpackager.exe,C:\samples\benign\program_files\javafxpackager.exe,benign,Benign,14,10,80896,37376,0,13999,4096,4194304,4096,1024,332,267,5,0,5,5.098,0,119300,118272,2,78,0,0,0,0,0,0,0,1,0,0,0,1,0,0,1,0
javah.exe,C:\samples\benign\program_files\javah.exe,benign,Benign,10,0,2560,6144,0,4988,4096,4194304,4096,1024,332,267,5,0,5,4.355,0,8272,8704,3,49,0,0,0,0,0,0,0,0,0,0,0,0,0,0,0,0
javap.exe,C:\samples\benign\program_files\javap.exe,benign,Benign,10,0,2560,6144,0,4988,4096,4194304,4096,1024,332,267,5,0,5,4.354,0,8272,8704,3,49,0,0,0,0,0,0,0,0,0,0,0,0,0,0,0,0
javapackager.exe,C:\samples\benign\program_files\javapackager.exe,benign,Benign,14,10,80896,37376,0,13999,4096,4194304,4096,1024,332,267,5,0,5,5.098,0,119300,118272,2,78,0,0,0,0,0,0,0,1,0,0,0,1,0,0,1,0
javaw.exe,C:\samples\benign\program_files\javaw.exe,benign,Benign,14,29,3584,34816,0,5160,4096,5368709120,4096,1024,34404,523,6,0,6,3.343,0,36530,38400,9,52,0,0,1,0,0,0,0,0,0,0,0,0,0,0,0,0
javaws.exe,C:\samples\benign\program_files\javaws.exe,benign,Benign,10,0,183296,203264,0,93022,4096,4194304,4096,1024,332,267,5,0,5,5.328,0,385258,292864,5,161,0,1,0,1,0,0,0,1,1,0,0,1,0,0,1,0
jcmd.exe,C:\samples\benign\program_files\jcmd.exe,benign,Benign,10,0,2560,6144,0,4988,4096,4194304,4096,1024,332,267,5,0,5,4.35,0,8256,8704,3,49,0,0,0,0,0,0,0,0,0,0,0,0,0,0,0,0
jconsole.exe,C:\samples\benign\program_files\jconsole.exe,benign,Benign,10,0,2560,6656,0,5082,4096,4194304,4096,1024,332,267,5,0,5,4.322,0,8536,9216,3,52,0,0,0,0,0,0,0,0,0,0,0,0,0,0,0,0
jdb.exe,C:\samples\benign\program_files\jdb.exe,benign,Benign,10,0,2560,6144,0,4986,4096,4194304,4096,1024,332,267,5,0,5,4.39,0,8282,8704,3,49,0,0,0,0,0,0,0,0,0,0,0,0,0,0,0,0
jdeps.exe,C:\samples\benign\program_files\jdeps.exe,benign,Benign,10,0,2560,6144,0,4988,4096,4194304,4096,1024,332,267,5,0,5,4.353,0,8272,8704,3,49,0,0,0,0,0,0,0,0,0,0,0,0,0,0,0,0
jfr.exe,C:\samples\benign\program_files\jfr.exe,benign,Benign,14,29,3584,8704,0,5156,4096,5368709120,4096,1024,34404,523,6,0,6,3.194,0,10778,12288,9,50,0,0,1,0,0,0,0,0,0,0,0,0,0,0,0,0
jhat.exe,C:\samples\benign\program_files\jhat.exe,benign,Benign,10,0,2560,6144,0,4988,4096,4194304,4096,1024,332,267,5,0,5,4.349,0,8256,8704,3,49,0,0,0,0,0,0,0,0,0,0,0,0,0,0,0,0
jinfo.exe,C:\samples\benign\program_files\jinfo.exe,benign,Benign,10,0,2560,6656,0,4986,4096,4194304,4096,1024,332,267,5,0,5,4.3,0,8390,9216,3,49,0,0,0,0,0,0,0,0,0,0,0,0,0,0,0,0
jjs.exe,C:\samples\benign\program_files\jjs.exe,benign,Benign,10,0,2560,6144,0,4988,4096,4194304,4096,1024,332,267,5,0,5,4.351,0,8248,8704,3,49,0,0,0,0,0,0,0,0,0,0,0,0,0,0,0,0
jmap.exe,C:\samples\benign\program_files\jmap.exe,benign,Benign,10,0,2560,6656,0,4986,4096,4194304,4096,1024,332,267,5,0,5,4.299,0,8390,9216,3,49,0,0,0,0,0,0,0,0,0,0,0,0,0,0,0,0
jmc.exe,C:\samples\benign\program_files\jmc.exe,benign,Benign,10,0,11264,301568,0,13494,4096,4194304,4096,1024,332,267,5,0,5,4.796,0,311252,311808,4,84,0,1,0,0,0,0,0,0,0,0,0,1,0,0,0,0
join.exe,C:\samples\benign\program_files\join.exe,benign,Benign,2,39,28672,50688,5632,4096,4096,4194304,4096,1024,332,267,9,3,9,3.574,0,54017,50688,3,80,0,0,0,0,0,0,0,0,0,0,0,1,0,0,1,1
jp2launcher.exe,C:\samples\benign\program_files\jp2launcher.exe,benign,Benign,10,0,50688,41984,0,49649,4096,4194304,4096,1024,332,267,5,0,5,5.411,0,91292,84992,5,164,0,1,0,1,0,0,0,0,0,0,0,1,0,0,1,1
jps.exe,C:\samples\benign\program_files\jps.exe,benign,Benign,10,0,2560,6144,0,4988,4096,4194304,4096,1024,332,267,5,0,5,4.348,0,8248,8704,3,49,0,0,0,0,0,0,0,0,0,0,0,0,0,0,0,0
jrunscript.exe,C:\samples\benign\program_files\jrunscript.exe,benign,Benign,14,29,3584,8704,0,5156,4096,5368709120,4096,1024,34404,523,6,0,6,3.222,0,10842,12288,9,50,0,0,1,0,0,0,0,0,0,0,0,0,0,0,0,0
jsadebugd.exe,C:\samples\benign\program_files\jsadebugd.exe,benign,Benign,10,0,2560,6144,0,4986,4096,4194304,4096,1024,332,267,5,0,5,4.391,0,8326,8704,3,49,0,0,0,0,0,0,0,0,0,0,0,0,0,0,0,0
jsconstraintdebug.exe,C:\samples\benign\program_files\jsconstraintdebug.exe,benign,Benign,14,13,27648,7680,0,28000,4096,4194304,4096,1024,332,267,5,0,5,4.76,0,34122,34304,7,80,0,0,0,1,0,0,0,0,1,0,0,1,0,0,0,0
jstack.exe,C:\samples\benign\program_files\jstack.exe,benign,Benign,10,0,2560,6656,0,4986,4096,4194304,4096,1024,332,267,5,0,5,4.301,0,8398,9216,3,49,0,0,0,0,0,0,0,0,0,0,0,0,0,0,0,0
jstat.exe,C:\samples\benign\program_files\jstat.exe,benign,Benign,10,0,2560,6144,0,4988,4096,4194304,4096,1024,332,267,5,0,5,4.348,0,8256,8704,3,49,0,0,0,0,0,0,0,0,0,0,0,0,0,0,0,0
jstatd.exe,C:\samples\benign\program_files\jstatd.exe,benign,Benign,10,0,2560,6144,0,4988,4096,4194304,4096,1024,332,267,5,0,5,4.348,0,8264,8704,3,49,0,0,0,0,0,0,0,0,0,0,0,0,0,0,0,0
jucheck.exe,C:\samples\benign\program_files\jucheck.exe,benign,Benign,10,0,460288,486400,0,318573,4096,4194304,4096,1024,332,267,5,0,5,5.533,0,945138,935936,14,285,0,1,0,1,0,0,0,1,0,0,0,1,1,0,1,1
jusched.exe,C:\samples\benign\program_files\jusched.exe,benign,Benign,10,0,348672,255488,0,235795,4096,4194304,4096,1024,332,267,5,0,5,5.54,0,603226,593408,11,220,0,1,0,1,0,0,0,1,0,0,0,1,1,0,1,1
jvisualvm.exe,C:\samples\benign\program_files\jvisualvm.exe,benign,Benign,2,22,91136,189440,19456,4784,4096,4194304,4096,1024,332,267,7,3,7,2.512,0,206568,189440,5,103,0,1,0,0,0,0,0,0,0,0,0,1,0,0,1,1
kbxutil.exe,C:\samples\benign\program_files\kbxutil.exe,benign,Benign,2,36,111616,142848,1024,4096,4096,4194304,4096,1024,332,267,9,3,9,3.325,0,140809,142848,8,219,0,0,0,0,0,0,0,0,0,0,1,1,0,0,1,1
keyboxd.exe,C:\samples\benign\program_files\keyboxd.exe,benign,Benign,2,36,173568,231936,1536,4096,4096,4194304,4096,1024,332,267,9,3,9,3.472,0,230877,231936,11,343,0,0,0,0,0,0,0,0,0,0,0,1,0,0,1,1
keytool.exe,C:\samples\benign\program_files\keytool.exe,benign,Benign,14,29,3584,8704,0,5156,4096,5368709120,4096,1024,34404,523,6,0,6,3.194,0,10806,12288,9,50,0,0,1,0,0,0,0,0,0,0,0,0,0,0,0,0
kill.exe,C:\samples\benign\program_files\kill.exe,benign,Benign,2,36,6656,14848,512,4096,4096,4194304,4096,1536,332,267,17,11,17,3.488,0,75309,78848,3,59,0,0,0,0,0,0,0,0,1,0,0,1,0,0,1,1
kinit.exe,C:\samples\benign\program_files\kinit.exe,benign,Benign,14,29,3584,8704,0,5156,4096,5368709120,4096,1024,34404,523,6,0,6,3.199,0,10794,12288,9,50,0,0,1,0,0,0,0,0,0,0,0,0,0,0,0,0
klist.exe,C:\samples\benign\program_files\klist.exe,benign,Benign,14,29,3584,8704,0,5156,4096,5368709120,4096,1024,34404,523,6,0,6,3.2,0,10794,12288,9,50,0,0,1,0,0,0,0,0,0,0,0,0,0,0,0,0
ktab.exe,C:\samples\benign\program_files\ktab.exe,benign,Benign,14,29,3584,8704,0,5156,4096,5368709120,4096,1024,34404,523,6,0,6,3.199,0,10782,12288,9,50,0,0,1,0,0,0,0,0,0,0,0,0,0,0,0,0
ldd.exe,C:\samples\benign\program_files\ldd.exe,benign,Benign,2,36,6656,15360,512,4096,4096,4194304,4096,1536,332,267,17,11,17,3.334,0,73371,77824,3,63,0,0,0,0,0,0,0,0,1,0,0,1,0,0,1,1
ldh.exe,C:\samples\benign\program_files\ldh.exe,benign,Benign,2,35,6144,14848,512,5312,4096,4194304,4096,1536,332,267,17,12,17,3.079,0,81188,86016,2,43,0,0,0,0,0,0,0,0,0,0,0,1,0,0,1,1
less.exe,C:\samples\benign\program_files\less.exe,benign,Benign,2,36,120320,179200,19968,4096,4096,4194304,4096,1024,332,267,9,3,9,3.622,0,196793,179200,5,103,0,0,0,0,0,0,0,0,0,0,0,1,0,0,1,1
lessecho.exe,C:\samples\benign\program_files\lessecho.exe,benign,Benign,2,36,3584,9216,512,4096,4096,4194304,4096,1024,332,267,9,3,9,2.816,0,7373,9216,2,26,0,0,0,0,0,0,0,0,0,0,0,1,0,0,1,1
lesskey.exe,C:\samples\benign\program_files\lesskey.exe,benign,Benign,2,36,7680,15872,512,4096,4096,4194304,4096,1024,332,267,9,3,9,3.212,0,14097,15872,2,33,0,0,0,0,0,0,0,0,0,0,0,1,0,0,1,1
lib.exe,C:\samples\benign\program_files\lib.exe,benign,Benign,14,15,5120,5120,0,6231,4096,4194304,4096,1024,332,267,5,0,5,4.074,0,9578,10240,9,47,0,0,1,0,0,0,0,0,0,0,0,0,0,0,0,0
lib_USBFormatSDK.exe,C:\samples\benign\program_files\lib_USBFormatSDK.exe,benign,Benign,14,16,19968,13824,0,18925,4096,4194304,4096,1024,332,267,5,0,5,4.787,0,32187,32768,13,90,0,0,1,0,0,0,0,1,1,0,0,0,0,0,0,0
link.exe,C:\samples\benign\program_files\link.exe,benign,Benign,14,15,1245184,158208,0,450832,4096,4194304,4096,1024,332,267,5,0,5,5.192,0,1476114,1403392,18,331,0,0,1,0,0,0,0,1,1,0,0,1,0,0,0,0
ln.exe,C:\samples\benign\program_files\ln.exe,benign,Benign,2,39,47616,77824,5632,4096,4096,4194304,4096,1024,332,267,9,3,9,3.639,0,80685,77824,4,130,0,0,0,0,0,0,0,0,0,0,0,1,0,0,1,1
locale.exe,C:\samples\benign\program_files\locale.exe,benign,Benign,2,36,8704,20992,512,4096,4096,4194304,4096,1536,332,267,17,11,17,3.688,0,83075,86016,3,63,0,1,0,0,0,0,0,0,0,0,0,1,0,0,1,1
locate.exe,C:\samples\benign\program_files\locate.exe,benign,Benign,2,42,121856,180736,4096,4096,4096,4194304,4096,1024,332,267,10,4,9,3.29,0,183089,180736,4,133,0,0,0,0,0,0,0,0,0,0,0,1,0,0,1,1
logname.exe,C:\samples\benign\program_files\logname.exe,benign,Benign,2,39,16384,30720,5632,4096,4096,4194304,4096,1024,332,267,9,3,9,3.42,0,33849,30720,3,63,0,0,0,0,0,0,0,0,0,0,0,1,0,0,1,1
ls.exe,C:\samples\benign\program_files\ls.exe,benign,Benign,2,39,99328,155136,9728,4096,4096,4194304,4096,1024,332,267,9,3,9,3.884,0,162865,155136,4,146,0,0,0,0,0,0,0,0,0,0,0,1,0,0,1,1
lsattr.exe,C:\samples\benign\program_files\lsattr.exe,benign,Benign,2,36,4608,12800,512,4096,4096,4194304,4096,1536,332,267,17,11,17,3.241,0,52355,56320,2,40,0,0,0,0,0,0,0,0,0,0,0,1,0,0,1,1
lzmadec.exe,C:\samples\benign\program_files\lzmadec.exe,benign,Benign,2,43,36864,58368,3072,5152,4096,4194304,4096,1024,332,267,10,4,9,3.251,0,58828,58368,3,69,0,0,0,0,0,0,0,0,0,0,0,1,0,0,1,1
lzmainfo.exe,C:\samples\benign\program_files\lzmainfo.exe,benign,Benign,2,43,36864,57344,3072,5152,4096,4194304,4096,1024,332,267,10,4,10,3.246,0,58064,57344,3,68,0,0,0,0,0,0,0,0,0,0,0,1,0,0,1,1
mac2unix.exe,C:\samples\benign\program_files\mac2unix.exe,benign,Benign,2,41,28672,55808,512,4096,4096,4194304,4096,1024,332,267,9,3,9,3.799,0,53269,55808,3,62,0,0,0,0,0,0,0,0,0,0,0,1,0,0,1,1
makeappx.exe,C:\samples\benign\program_files\makeappx.exe,benign,Benign,14,13,386048,23552,0,386032,4096,4194304,4096,1024,332,267,6,1,6,4.143,0,408158,408576,12,136,0,0,0,1,0,0,0,0,1,0,0,1,0,0,0,0
makecat.exe,C:\samples\benign\program_files\makecat.exe,benign,Benign,14,13,11264,8192,0,13504,4096,4194304,4096,1024,332,267,5,0,5,3.758,0,17716,18944,4,57,0,1,0,0,0,0,0,1,0,0,0,0,0,0,0,1
makecert.exe,C:\samples\benign\program_files\makecert.exe,benign,Benign,14,13,25600,30720,0,27936,4096,4194304,4096,1024,332,267,5,0,5,5.097,0,55392,47616,9,118,0,1,0,1,0,0,0,1,0,0,0,1,0,0,1,1
makehm.exe,C:\samples\benign\program_files\makehm.exe,benign,Benign,14,15,13824,6656,0,13102,4096,4194304,4096,1024,332,267,5,0,5,4.788,0,20194,20480,9,58,0,0,1,0,0,0,0,0,0,0,0,0,0,0,0,0
makepri.exe,C:\samples\benign\program_files\makepri.exe,benign,Benign,14,13,1099776,103424,0,787872,4096,4194304,4096,1024,332,267,5,0,5,5.202,0,1201925,1201664,8,225,0,1,0,1,0,0,0,1,0,0,0,1,0,0,0,0
mbidgenerator.exe,C:\samples\benign\program_files\mbidgenerator.exe,benign,Benign,48,0,15872,2560,0,23554,8192,4194304,8192,512,332,267,3,0,3,3.078,0,17080,18432,1,1,0,0,0,0,0,0,0,0,0,0,0,0,0,0,0,0
mc.exe,C:\samples\benign\program_files\mc.exe,benign,Benign,14,13,491008,231936,0,436816,4096,4194304,4096,1024,332,267,5,0,5,5.347,0,721676,636928,9,177,0,1,0,1,0,0,0,1,0,0,0,0,0,0,0,0
md5sum.exe,C:\samples\benign\program_files\md5sum.exe,benign,Benign,2,39,25600,44544,5632,4096,4096,4194304,4096,1024,332,267,9,3,9,3.576,0,47677,44544,4,79,0,0,0,0,0,0,0,0,0,0,0,1,0,0,1,1
mdmerge.exe,C:\samples\benign\program_files\mdmerge.exe,benign,Benign,14,13,409600,46080,0,275808,4096,4194304,4096,1024,332,267,5,0,5,5.251,0,454416,451072,6,116,0,0,0,1,0,0,0,1,0,0,0,1,0,0,0,0
mftrace.exe,C:\samples\benign\program_files\mftrace.exe,benign,Benign,14,13,261120,24064,0,261824,4096,4194304,4096,1024,332,267,6,1,6,3.541,0,283648,284160,32,145,0,0,0,1,0,0,0,0,1,0,0,1,0,0,0,0
Microsoft.VisualStudio.Setup.ToastNotification.exe,C:\samples\benign\program_files\Microsoft.VisualStudio.Setup.ToastNotification.exe,benign,Benign,48,0,18432,177152,0,26590,8192,4194304,8192,512,332,267,3,0,3,3.849,0,194844,195584,1,1,0,0,0,0,0,0,0,0,0,0,0,0,0,0,0,0
microsoft.windows.softwarelogo.appxlauncher.exe,C:\samples\benign\program_files\microsoft.windows.softwarelogo.appxlauncher.exe,benign,Benign,14,13,4096,5632,0,6384,4096,4194304,4096,1024,332,267,5,0,5,3.905,0,8728,9216,4,32,0,0,0,1,0,0,0,0,0,0,0,0,0,0,0,0
microsoft.windows.softwarelogo.taskengine.exe,C:\samples\benign\program_files\microsoft.windows.softwarelogo.taskengine.exe,benign,Benign,48,0,5120,3584,0,12902,8192,4194304,8192,512,332,267,3,0,3,3.305,0,7540,8704,1,1,0,0,0,0,0,0,0,0,0,0,0,0,0,0,0,0
MicrosoftEdgeComRegisterShellARM64.exe,C:\samples\benign\program_files\MicrosoftEdgeComRegisterShellARM64.exe,benign,Benign,14,31,84480,99328,0,31840,4096,5368709120,4096,1024,43620,523,7,1,7,3.769,0,181864,175104,1,101,0,0,0,0,0,0,0,1,0,0,0,1,0,0,0,0
MicrosoftEdgeUpdate.exe,C:\samples\benign\program_files\MicrosoftEdgeUpdate.exe,benign,Benign,14,31,89600,108544,0,46912,4096,4194304,4096,1024,332,267,6,1,6,4.018,0,195866,195072,2,78,0,0,0,0,0,0,0,1,1,0,0,1,0,0,0,0
MicrosoftEdgeUpdateBroker.exe,C:\samples\benign\program_files\MicrosoftEdgeUpdateBroker.exe,benign,Benign,14,31,44032,48128,0,5296,4096,4194304,4096,1024,332,267,6,1,6,4.107,0,90175,89600,1,68,0,0,0,0,0,0,0,1,1,0,0,1,0,0,0,0
MicrosoftEdgeUpdateComRegisterShell64.exe,C:\samples\benign\program_files\MicrosoftEdgeUpdateComRegisterShell64.exe,benign,Benign,14,31,93696,124416,0,24032,4096,5368709120,4096,1024,34404,523,8,2,7,3.875,0,216212,208896,1,101,0,0,0,0,0,0,0,1,0,0,0,1,0,0,0,0
MicrosoftEdgeUpdateCore.exe,C:\samples\benign\program_files\MicrosoftEdgeUpdateCore.exe,benign,Benign,14,31,130560,133120,0,53456,4096,4194304,4096,1024,332,267,6,1,6,4.301,0,261454,257024,6,180,0,1,0,0,0,0,0,1,1,0,0,1,0,1,0,0
MicrosoftEdgeUpdateOnDemand.exe,C:\samples\benign\program_files\MicrosoftEdgeUpdateOnDemand.exe,benign,Benign,14,31,44032,48128,0,5296,4096,4194304,4096,1024,332,267,6,1,6,4.107,0,90239,89600,1,68,0,0,0,0,0,0,0,1,1,0,0,1,0,0,0,0
MicrosoftEdgeUpdateSetup.exe,C:\samples\benign\program_files\MicrosoftEdgeUpdateSetup.exe,benign,Benign,14,31,110592,1527808,0,33776,4096,4194304,4096,1024,332,267,6,1,6,4.808,1,1639946,1638400,5,142,0,1,0,0,0,0,0,1,1,0,0,1,0,0,0,0
MicrosoftEdgeUpdateSetup_X86_1.3.195.49.exe,C:\samples\benign\program_files\MicrosoftEdgeUpdateSetup_X86_1.3.195.49.exe,benign,Benign,14,31,110592,1527808,0,33776,4096,4194304,4096,1024,332,267,6,1,6,4.808,1,1639946,1638400,5,142,0,1,0,0,0,0,0,1,1,0,0,1,0,0,0,0
MicrosoftEdgeWebview2Setup.exe,C:\samples\benign\program_files\MicrosoftEdgeWebview2Setup.exe,benign,Benign,14,31,110592,1512960,0,33776,4096,4194304,4096,1024,332,267,6,1,6,4.808,1,1624790,1623552,5,142,0,1,0,0,0,0,0,1,1,0,0,1,0,0,0,0
MicrosoftEdge_X86_135.0.3179.85.exe,C:\samples\benign\program_files\MicrosoftEdge_X86_135.0.3179.85.exe,benign,Benign,14,0,13824,154427904,0,15680,4096,4194304,4096,1024,332,267,5,0,5,5.012,1,154440958,154441728,3,71,0,0,0,0,0,0,0,1,1,0,0,1,0,0,0,0
midl.exe,C:\samples\benign\program_files\midl.exe,benign,Benign,14,13,94208,11264,0,78672,4096,4194304,4096,1024,332,267,5,0,5,5.646,0,104128,104448,3,96,0,0,0,0,0,0,0,0,1,0,0,1,0,0,0,1
midlc.exe,C:\samples\benign\program_files\midlc.exe,benign,Benign,14,13,847872,110080,0,841408,4096,4194304,4096,1024,332,267,6,1,6,4.644,0,956482,947712,2,144,0,0,0,0,0,0,0,0,0,0,0,1,0,0,1,1
midlrt.exe,C:\samples\benign\program_files\midlrt.exe,benign,Benign,14,13,1336832,197632,0,1204320,4096,4194304,4096,1024,332,267,5,0,5,5.679,0,1533206,1520640,9,162,0,0,0,1,0,0,0,1,1,0,0,1,0,0,0,1
minidumper.exe,C:\samples\benign\program_files\minidumper.exe,benign,Benign,2,36,3584,10240,512,4096,4096,4194304,4096,1536,332,267,17,11,17,3.245,0,56098,59904,3,38,0,0,0,0,0,0,0,0,0,0,0,1,0,0,1,1
MiniIPBlocker.exe,C:\samples\benign\program_files\MiniIPBlocker.exe,benign,Benign,6,0,184320,397312,0,65101,4096,4194304,4096,4096,332,267,4,0,4,5.301,0,573593,561152,18,384,0,1,0,1,0,0,0,1,0,0,0,1,0,0,1,1
mintty.exe,C:\samples\benign\program_files\mintty.exe,benign,Benign,2,36,475136,1067520,87552,4096,4096,4194304,4096,1024,332,267,9,3,9,3.747,0,1152889,1067520,15,478,0,1,0,0,0,0,0,0,0,0,1,1,1,1,1,1
mip.exe,C:\samples\benign\program_files\mip.exe,benign,Benign,14,20,823296,467968,0,799776,4096,4194304,4096,1024,332,267,5,0,5,5.729,0,1289582,1287680,16,493,0,1,0,1,0,0,0,0,0,0,0,1,1,1,0,0
mkdir.exe,C:\samples\benign\program_files\mkdir.exe,benign,Benign,2,39,50688,72704,5632,4096,4096,4194304,4096,1024,332,267,9,3,9,3.613,0,75397,72704,4,96,0,0,0,0,0,0,0,0,0,0,0,1,0,0,1,1
mkfifo.exe,C:\samples\benign\program_files\mkfifo.exe,benign,Benign,2,39,18432,34304,5632,4096,4096,4194304,4096,1024,332,267,9,3,9,3.459,0,37069,34304,3,70,0,0,0,0,0,0,0,0,0,0,0,1,0,0,1,1
mkgroup.exe,C:\samples\benign\program_files\mkgroup.exe,benign,Benign,2,36,9216,18944,5120,4096,4096,4194304,4096,1536,332,267,17,11,17,3.453,0,83845,83456,4,64,0,0,0,0,0,0,0,0,0,0,0,1,0,0,1,1
mknod.exe,C:\samples\benign\program_files\mknod.exe,benign,Benign,2,39,21504,38912,5632,4096,4096,4194304,4096,1024,332,267,9,3,9,3.525,0,42141,38912,3,74,0,0,0,0,0,0,0,0,0,0,0,1,0,0,1,1
mkpasswd.exe,C:\samples\benign\program_files\mkpasswd.exe,benign,Benign,2,36,9216,19456,1024,4096,4096,4194304,4096,1536,332,267,17,11,17,3.506,0,77366,80384,4,66,0,0,0,0,0,0,0,0,0,0,0,1,0,0,1,1
mktemp.exe,C:\samples\benign\program_files\mktemp.exe,benign,Benign,2,39,22528,41472,5632,4096,4096,4194304,4096,1024,332,267,9,3,8,3.504,0,44753,41472,4,90,0,0,0,0,0,0,0,0,0,0,0,1,0,0,1,1
ml.exe,C:\samples\benign\program_files\ml.exe,benign,Benign,14,15,374272,99840,0,373991,4096,4194304,4096,1024,332,267,5,0,5,5.134,0,564202,474112,15,147,0,0,1,0,0,0,0,0,1,0,0,1,0,0,0,0
ml64.exe,C:\samples\benign\program_files\ml64.exe,benign,Benign,14,15,342016,93184,0,341827,4096,4194304,4096,1024,332,267,5,0,5,5.045,0,525070,435200,15,146,0,0,1,0,0,0,0,0,1,0,0,1,0,0,0,0
mlgen.exe,C:\samples\benign\program_files\mlgen.exe,benign,Benign,14,13,138240,19968,0,123568,4096,4194304,4096,1024,332,267,5,0,5,5.019,0,156934,156672,10,127,0,0,0,1,0,0,0,0,0,0,0,0,0,0,0,0
Monitor.exe,C:\samples\benign\program_files\Monitor.exe,benign,Benign,14,16,12288,106496,0,13328,4096,4194304,4096,1024,332,267,5,0,5,4.463,0,116729,117248,12,96,0,1,1,0,0,0,0,0,0,0,0,1,0,0,0,0
mosquitto.exe,C:\samples\benign\program_files\mosquitto.exe,benign,Benign,14,37,334336,84992,0,335081,4096,4194304,4096,1024,332,267,5,0,5,5.584,0,418084,416256,18,404,0,0,1,0,0,0,0,1,0,0,0,1,0,0,1,0
mosquitto_ctrl.exe,C:\samples\benign\program_files\mosquitto_ctrl.exe,benign,Benign,14,37,41472,22528,0,42895,4096,4194304,4096,1024,332,267,5,0,5,4.689,0,63080,63488,13,128,0,0,1,0,0,0,0,0,0,0,0,1,0,0,1,0
mosquitto_passwd.exe,C:\samples\benign\program_files\mosquitto_passwd.exe,benign,Benign,14,37,10752,9728,0,11746,4096,4194304,4096,1024,332,267,5,0,5,4.39,0,19410,19968,12,102,0,0,1,0,0,0,0,0,0,0,0,0,0,0,0,0
mosquitto_pub.exe,C:\samples\benign\program_files\mosquitto_pub.exe,benign,Benign,14,37,26112,24576,0,27458,4096,4194304,4096,1024,332,267,5,0,5,4.513,0,49258,49664,10,113,0,0,1,0,0,0,0,0,0,0,0,0,0,0,0,0
mosquitto_rr.exe,C:\samples\benign\program_files\mosquitto_rr.exe,benign,Benign,14,37,45056,28160,0,46409,4096,4194304,4096,1024,332,267,5,0,5,4.624,0,71638,72192,12,132,0,0,1,0,0,0,0,0,0,0,0,0,0,0,0,0
mosquitto_sub.exe,C:\samples\benign\program_files\mosquitto_sub.exe,benign,Benign,14,37,45056,29184,0,46681,4096,4194304,4096,1024,332,267,5,0,5,4.622,0,73196,73216,12,136,0,0,1,0,0,0,0,0,0,0,0,0,0,0,0,0
mount.exe,C:\samples\benign\program_files\mount.exe,benign,Benign,2,36,7680,15872,4096,4096,4096,4194304,4096,1536,332,267,17,11,17,3.407,0,86776,87040,2,55,0,0,0,0,0,0,0,0,0,0,0,1,0,0,1,1
MountDriveImageService.exe,C:\samples\benign\program_files\MountDriveImageService.exe,benign,Benign,12,0,30208,25088,0,29732,4096,4194304,4096,1024,332,267,5,0,4,5.208,0,54007,54272,7,190,0,0,0,0,0,0,0,0,0,0,0,0,0,0,0,0
MpCmdRun.exe,C:\samples\benign\program_files\MpCmdRun.exe,benign,Benign,14,20,307200,84992,0,280720,4096,4194304,4096,1024,332,267,6,1,6,4.415,0,390088,390656,18,272,0,0,0,1,0,0,0,1,0,0,0,1,0,0,0,0
mpicalc.exe,C:\samples\benign\program_files\mpicalc.exe,benign,Benign,2,36,5632,14848,2560,4096,4096,4194304,4096,1024,332,267,9,3,9,2.765,0,14313,14848,4,53,0,0,0,0,0,0,0,0,0,0,0,1,0,0,1,1
MSBuild.exe,C:\samples\benign\program_files\MSBuild.exe,benign,Benign,48,0,284160,17408,0,0,8192,5368709120,8192,512,34404,523,2,0,2,6.181,0,301183,301568,0,0,0,0,0,0,0,0,0,0,0,0,0,0,0,0,0,0
MSBuildTaskHost.exe,C:\samples\benign\program_files\MSBuildTaskHost.exe,benign,Benign,48,0,195072,12288,0,0,8192,5368709120,8192,512,34404,523,2,0,2,5.89,0,206903,207360,0,0,0,0,0,0,0,0,0,0,0,0,0,0,0,0,0,0
msedge.exe,C:\samples\benign\program_files\msedge.exe,benign,Benign,14,0,2099200,1122304,0,1915776,4096,4194304,4096,1024,332,267,8,3,8,4.194,0,3301059,3223040,3,250,0,0,0,0,0,0,0,1,1,0,0,1,0,0,0,1
msedgewebview2.exe,C:\samples\benign\program_files\msedgewebview2.exe,benign,Benign,14,0,2099200,549376,0,1915776,4096,4194304,4096,1024,332,267,8,3,8,4.022,0,2727811,2650112,3,250,0,0,0,0,0,0,0,1,1,0,0,1,0,0,0,1
msedge_proxy.exe,C:\samples\benign\program_files\msedge_proxy.exe,benign,Benign,14,0,638976,160768,0,494272,4096,4194304,4096,1024,332,267,6,1,6,4.365,0,874641,799744,4,142,0,0,0,1,0,0,0,1,1,0,0,1,0,0,0,1
msedge_pwa_launcher.exe,C:\samples\benign\program_files\msedge_pwa_launcher.exe,benign,Benign,14,0,759808,440832,0,602672,4096,4194304,4096,1024,332,267,6,1,6,4.867,0,1276583,1200640,8,159,0,1,0,0,0,0,0,1,1,0,0,1,0,0,0,1
MsiCert.exe,C:\samples\benign\program_files\MsiCert.exe,benign,Benign,14,13,51712,17920,0,20464,4096,4194304,4096,1024,332,267,5,0,5,4.697,0,67956,62464,4,70,0,0,0,0,0,0,0,1,0,0,0,1,0,0,0,0
MsiDb.exe,C:\samples\benign\program_files\MsiDb.exe,benign,Benign,14,13,60928,87552,0,23024,4096,4194304,4096,1024,332,267,5,0,5,4.477,0,146716,140800,5,94,0,1,0,0,0,0,0,1,0,0,0,1,0,0,0,0
MsiFiler.exe,C:\samples\benign\program_files\MsiFiler.exe,benign,Benign,14,13,50688,17920,0,20112,4096,4194304,4096,1024,332,267,5,0,5,4.741,0,67162,61440,4,73,0,0,0,0,0,0,0,1,0,0,0,1,0,0,1,0
MsiInfo.exe,C:\samples\benign\program_files\MsiInfo.exe,benign,Benign,14,13,76288,85504,0,26080,4096,4194304,4096,1024,332,267,5,0,5,5.049,0,160456,88576,6,78,0,1,0,0,0,0,0,1,0,0,0,1,0,0,0,0
Msimerg.exe,C:\samples\benign\program_files\Msimerg.exe,benign,Benign,14,13,43008,16896,0,12880,4096,4194304,4096,1024,332,267,5,0,5,4.755,0,58476,52736,5,68,0,1,0,0,0,0,0,1,0,0,0,1,0,0,0,0
MsiMsp.exe,C:\samples\benign\program_files\MsiMsp.exe,benign,Benign,14,13,44544,17920,0,13088,4096,4194304,4096,1024,332,267,5,0,4,4.794,0,61686,55296,4,72,0,1,0,0,0,0,0,1,0,0,0,1,0,0,1,0
msinfo32.exe,C:\samples\benign\program_files\msinfo32.exe,benign,Benign,14,20,158208,195584,0,137776,4096,4194304,4096,1024,332,267,5,0,5,5.409,1,352190,337920,17,232,0,1,0,1,0,0,0,0,0,0,0,1,0,1,0,0
MsiTran.exe,C:\samples\benign\program_files\MsiTran.exe,benign,Benign,14,13,45568,17408,0,15360,4096,4194304,4096,1024,332,267,5,0,5,4.72,0,61334,55808,6,69,0,1,0,0,0,0,0,1,0,0,0,1,0,0,0,0
MsMpEng.exe,C:\samples\benign\program_files\MsMpEng.exe,benign,Benign,14,20,60928,15360,0,46800,4096,4194304,4096,1024,332,267,5,0,5,5.323,0,74750,74752,12,113,0,0,0,0,0,0,0,0,0,0,0,1,0,0,0,0
mspdbcmf.exe,C:\samples\benign\program_files\mspdbcmf.exe,benign,Benign,14,15,1156096,73728,0,140937,4096,4194304,4096,1024,332,267,5,0,5,4.848,0,1235440,1229824,4,116,0,0,0,0,0,0,0,1,1,0,0,1,0,0,0,0
mspdbsrv.exe,C:\samples\benign\program_files\mspdbsrv.exe,benign,Benign,14,15,107520,13824,0,107344,4096,4194304,4096,1024,332,267,5,0,5,4.981,0,122548,121344,14,128,0,0,1,0,0,0,0,0,1,0,0,0,0,0,0,0
MsSense.exe,C:\samples\benign\program_files\MsSense.exe,benign,Benign,14,36,306176,78336,0,253968,4096,4194304,4096,1024,332,267,6,1,6,4.508,0,382740,377856,36,228,0,0,0,0,0,0,0,0,0,0,0,1,0,0,0,0
mt.exe,C:\samples\benign\program_files\mt.exe,benign,Benign,14,13,834560,110080,0,835120,4096,4194304,4096,1024,332,267,5,0,5,5.047,0,943304,937984,11,212,0,1,0,1,0,0,0,1,0,0,0,1,0,0,1,0
MTMediaBuilder.exe,C:\samples\benign\program_files\MTMediaBuilder.exe,benign,Benign,12,0,629248,1329152,0,574389,4096,4194304,4096,1024,332,267,5,0,5,5.859,1,1957100,1685504,17,1165,0,1,0,1,0,0,0,1,1,0,0,1,0,0,0,1
MTPELoader.exe,C:\samples\benign\program_files\MTPELoader.exe,benign,Benign,12,0,34304,52736,0,32234,4096,4194304,4096,1024,332,267,5,0,5,4.916,0,86652,86016,9,399,0,1,0,0,0,0,0,0,0,0,0,1,0,0,0,0
muirct.exe,C:\samples\benign\program_files\muirct.exe,benign,Benign,14,13,121856,13824,0,119392,4096,4194304,4096,1024,332,267,5,0,5,4.665,0,134204,134656,7,125,0,1,0,0,0,0,0,1,0,0,0,1,0,0,0,0
mv.exe,C:\samples\benign\program_files\mv.exe,benign,Benign,2,39,87552,128512,6656,4096,4096,4194304,4096,1024,332,267,9,3,9,3.667,0,132737,128512,4,175,0,0,0,0,0,0,0,0,0,0,0,1,0,0,1,1
nano.exe,C:\samples\benign\program_files\nano.exe,benign,Benign,2,36,279552,342528,1536,4096,4096,4194304,4096,1024,332,267,9,3,9,3.505,0,341769,342528,6,225,0,0,0,0,0,0,0,0,0,0,0,1,0,0,1,1
nasm.exe,C:\samples\benign\program_files\nasm.exe,benign,Benign,2,40,346112,1581056,3072,5104,4096,4194304,4096,1024,332,267,10,4,10,3.007,0,1580740,1581056,2,108,0,0,0,0,0,0,0,0,0,0,0,1,0,0,1,1
native2ascii.exe,C:\samples\benign\program_files\native2ascii.exe,benign,Benign,10,0,2560,6144,0,4988,4096,4194304,4096,1024,332,267,5,0,5,4.359,0,8328,8704,3,49,0,0,0,0,0,0,0,0,0,0,0,0,0,0,0,0
nbexec.exe,C:\samples\benign\program_files\nbexec.exe,benign,Benign,2,22,70656,151040,19456,4752,4096,4194304,4096,1024,332,267,7,3,7,2.304,0,167904,151040,4,89,0,1,0,0,0,0,0,0,0,0,0,1,0,0,1,1
nbexec64.exe,C:\samples\benign\program_files\nbexec64.exe,benign,Benign,2,22,101376,209408,5120,5344,4096,4194304,4096,1024,34404,523,8,3,8,2.116,0,212456,209408,4,105,0,1,0,0,0,0,0,0,0,0,0,1,0,0,1,1
ndisasm.exe,C:\samples\benign\program_files\ndisasm.exe,benign,Benign,2,40,58368,945152,3072,5104,4096,4194304,4096,1024,332,267,10,4,9,2.924,0,945100,945152,2,87,0,0,0,0,0,0,0,0,0,0,0,1,0,0,1,1
NetFrameCheck.exe,C:\samples\benign\program_files\NetFrameCheck.exe,benign,Benign,14,16,3953152,1036800,0,3502736,4096,4194304,4096,1024,332,267,5,0,5,5.669,0,4988043,4958720,24,721,0,1,0,1,0,0,0,1,1,0,0,1,1,1,1,1
nettle-hash.exe,C:\samples\benign\program_files\nettle-hash.exe,benign,Benign,2,43,7680,16384,512,4096,4096,4194304,4096,1024,332,267,9,3,9,3.262,0,14453,16384,3,40,0,0,0,0,0,0,0,0,0,0,0,1,0,0,1,1
nettle-lfib-stream.exe,C:\samples\benign\program_files\nettle-lfib-stream.exe,benign,Benign,2,43,2560,8192,512,4096,4096,4194304,4096,1024,332,267,9,3,9,2.74,0,6081,8192,3,23,0,0,0,0,0,0,0,0,0,0,0,1,0,0,1,1
nettle-pbkdf2.exe,C:\samples\benign\program_files\nettle-pbkdf2.exe,benign,Benign,2,43,7680,15872,512,4096,4096,4194304,4096,1024,332,267,9,3,9,3.236,0,13889,15872,3,40,0,0,0,0,0,0,0,0,0,0,0,1,0,0,1,1
new_edge_proxy.exe,C:\samples\benign\program_files\new_edge_proxy.exe,benign,Benign,14,0,638976,160768,0,494272,4096,4194304,4096,1024,332,267,6,1,6,4.365,0,874641,799744,4,142,0,0,0,1,0,0,0,1,1,0,0,1,0,0,0,1
new_msedge.exe,C:\samples\benign\program_files\new_msedge.exe,benign,Benign,14,0,2099200,1122304,0,1915776,4096,4194304,4096,1024,332,267,8,3,8,4.194,0,3301059,3223040,3,250,0,0,0,0,0,0,0,1,1,0,0,1,0,0,0,1
new_pwahelper.exe,C:\samples\benign\program_files\new_pwahelper.exe,benign,Benign,14,0,614400,144896,0,470288,4096,4194304,4096,1024,332,267,6,1,6,4.272,0,832545,759296,7,133,0,0,0,1,0,0,0,1,0,0,0,1,0,0,0,1
nice.exe,C:\samples\benign\program_files\nice.exe,benign,Benign,2,39,18432,33792,5632,4096,4096,4194304,4096,1024,332,267,9,3,9,3.493,0,36909,33792,3,66,0,0,0,0,0,0,0,0,0,0,0,1,0,0,1,1
ninja.exe,C:\samples\benign\program_files\ninja.exe,benign,Benign,14,11,383488,126464,0,218564,4096,5368709120,4096,1024,34404,523,5,0,5,5.123,0,508726,503296,1,120,0,0,0,0,0,0,0,1,0,0,0,1,0,0,1,0
NisSrv.exe,C:\samples\benign\program_files\NisSrv.exe,benign,Benign,14,20,1434112,717312,0,930320,4096,4194304,4096,1024,332,267,5,0,5,6.183,1,2149726,2107904,31,363,0,1,0,1,0,0,0,0,0,0,0,1,0,0,0,1
nl.exe,C:\samples\benign\program_files\nl.exe,benign,Benign,2,39,76288,103424,6656,4096,4096,4194304,4096,1024,332,267,9,3,9,3.723,0,108173,103424,4,83,0,0,0,0,0,0,0,0,0,0,0,1,0,0,1,1
nmake.exe,C:\samples\benign\program_files\nmake.exe,benign,Benign,14,15,67072,22528,0,68028,4096,4194304,4096,1024,332,267,5,0,5,4.879,0,240336,89600,14,161,0,0,1,0,0,0,0,0,1,0,0,1,0,0,0,0
node.exe,C:\samples\benign\program_files\node.exe,benign,Benign,14,29,18217984,47583232,0,17892966,4096,4194304,4096,1024,332,267,5,0,5,6.046,0,65799658,63015424,13,390,0,1,0,0,0,0,0,1,1,0,0,1,0,0,1,1
nohup.exe,C:\samples\benign\program_files\nohup.exe,benign,Benign,2,39,18432,34816,5632,4096,4096,4194304,4096,1024,332,267,9,3,9,3.395,0,37485,34816,3,71,0,0,0,0,0,0,0,0,0,0,0,1,0,0,1,1
notepad++.exe,C:\samples\benign\program_files\notepad++.exe,benign,Benign,14,40,3935744,3661824,0,3553254,4096,4194304,4096,1024,332,267,5,0,5,6.109,1,7596151,7581184,19,570,0,1,0,1,0,0,0,1,0,0,0,1,1,1,1,0
notification_click_helper.exe,C:\samples\benign\program_files\notification_click_helper.exe,benign,Benign,14,0,800768,182272,0,638640,4096,4194304,4096,1024,332,267,7,2,7,3.545,0,1059579,983040,4,166,0,0,0,0,0,0,0,1,0,0,0,1,0,0,0,1
notification_helper.exe,C:\samples\benign\program_files\notification_helper.exe,benign,Benign,14,0,800768,182272,0,638640,4096,4194304,4096,1024,332,267,7,2,7,3.545,0,1059579,983040,4,166,0,0,0,0,0,0,0,1,0,0,0,1,0,0,0,1
NPFInstall.exe,C:\samples\benign\program_files\NPFInstall.exe,benign,Benign,14,40,165888,83456,0,45648,4096,4194304,4096,1024,332,267,5,0,5,4.834,0,247358,246272,10,141,0,1,0,1,0,0,0,1,1,0,0,1,0,0,0,0
nproc.exe,C:\samples\benign\program_files\nproc.exe,benign,Benign,2,39,19456,35328,5632,4096,4096,4194304,4096,1024,332,267,9,3,9,3.519,0,38553,35328,4,67,0,0,0,0,0,0,0,0,0,0,0,1,0,0,1,1
numfmt.exe,C:\samples\benign\program_files\numfmt.exe,benign,Benign,2,39,34816,60928,5632,4096,4096,4194304,4096,1024,332,267,9,3,9,3.636,0,63901,60928,3,77,0,0,0,0,0,0,0,0,0,0,0,1,0,0,1,1
od.exe,C:\samples\benign\program_files\od.exe,benign,Benign,2,39,62976,91136,6144,4096,4096,4194304,4096,1024,332,267,9,3,9,3.739,0,94957,91136,4,88,0,0,0,0,0,0,0,0,0,0,0,1,0,0,1,1
odt2txt.exe,C:\samples\benign\program_files\odt2txt.exe,benign,Benign,2,39,39424,63488,3072,5296,4096,4194304,4096,1024,332,267,10,4,10,3.444,0,62960,63488,5,87,0,0,0,0,0,0,0,0,0,0,0,1,0,0,1,1
OfflineScannerShell.exe,C:\samples\benign\program_files\OfflineScannerShell.exe,benign,Benign,14,20,233472,134656,0,208128,4096,4194304,4096,1024,332,267,5,0,5,5.182,0,366788,366080,33,388,0,1,0,1,0,0,0,1,1,0,0,1,0,0,0,0
old_syslinux.exe,C:\samples\benign\program_files\old_syslinux.exe,benign,Benign,2,56,14336,29184,1024,4096,4096,4194304,4096,1024,332,267,5,1,5,4.037,0,28544,29184,2,44,0,0,0,0,0,0,0,1,0,0,0,0,0,0,0,0
oleview.exe,C:\samples\benign\program_files\oleview.exe,benign,Benign,14,13,136704,61440,0,127456,4096,4194304,4096,1024,332,267,5,0,4,5.283,0,197076,196096,11,167,0,1,0,1,0,0,0,0,0,0,0,1,0,1,0,0
openssl.exe,C:\samples\benign\program_files\openssl.exe,benign,Benign,2,44,470016,420864,11776,4096,4096,4194304,4096,1024,332,267,9,3,9,4.547,1,899897,890880,4,1650,0,0,0,0,0,0,0,0,0,0,0,1,0,0,1,1
orbd.exe,C:\samples\benign\program_files\orbd.exe,benign,Benign,10,0,2560,6656,0,4986,4096,4194304,4096,1024,332,267,5,0,5,4.315,0,8422,9216,3,49,0,0,0,0,0,0,0,0,0,0,0,0,0,0,0,0
oscdimg.exe,C:\samples\benign\program_files\oscdimg.exe,benign,Benign,9,0,105984,281600,0,95787,4096,16777216,4096,1024,332,267,4,0,4,4.983,0,386422,117248,2,141,0,0,0,0,0,0,0,1,0,0,0,1,0,0,0,1
os_update_handler.exe,C:\samples\benign\program_files\os_update_handler.exe,benign,Benign,14,0,985600,252928,0,585616,4096,4194304,4096,1024,332,267,7,2,7,3.892,0,1315529,1238528,9,203,0,1,0,1,0,0,0,1,1,0,0,1,0,0,0,1
p11-kit-remote.exe,C:\samples\benign\program_files\p11-kit-remote.exe,benign,Benign,2,42,9216,20480,1024,4096,4096,4194304,4096,1024,332,267,9,3,9,3.328,0,19025,20480,4,69,0,0,0,0,0,0,0,0,0,0,0,1,0,0,1,1
p11-kit-server.exe,C:\samples\benign\program_files\p11-kit-server.exe,benign,Benign,2,42,17408,33792,1024,4096,4096,4194304,4096,1024,332,267,9,3,9,3.479,0,31789,33792,4,107,0,0,0,0,0,0,0,0,0,0,0,1,0,0,1,1
p11-kit.exe,C:\samples\benign\program_files\p11-kit.exe,benign,Benign,2,42,69120,154112,1024,4096,4096,4194304,4096,1024,332,267,9,3,9,3.773,0,153205,154112,5,141,0,0,0,0,0,0,0,0,0,0,0,1,0,0,1,1
pack200.exe,C:\samples\benign\program_files\pack200.exe,benign,Benign,10,0,2560,6144,0,4988,4096,4194304,4096,1024,332,267,5,0,5,4.364,0,8300,8704,3,49,0,0,0,0,0,0,0,0,0,0,0,0,0,0,0,0
PackageEditor.exe,C:\samples\benign\program_files\PackageEditor.exe,benign,Benign,48,0,25600,2560,0,33630,8192,4194304,8192,512,332,267,3,0,3,3.166,0,27288,28160,1,1,0,0,0,0,0,0,0,0,0,0,0,0,0,0,0,0
PartitionAssistantService.exe,C:\samples\benign\program_files\PartitionAssistantService.exe,benign,Benign,14,29,1059840,226816,0,4671,4096,4194304,4096,1024,332,267,8,2,8,3.428,0,1284410,1278976,4,156,0,0,0,0,0,0,0,1,0,0,0,1,0,0,0,0
PartitionManagerService.exe,C:\samples\benign\program_files\PartitionManagerService.exe,benign,Benign,14,16,2990080,614912,0,43366,4096,4194304,4096,1024,332,267,8,2,8,3.48,0,3602755,3594752,19,274,0,1,0,1,0,0,0,1,0,0,0,1,0,0,0,1
PartitionScanSevice.exe,C:\samples\benign\program_files\PartitionScanSevice.exe,benign,Benign,14,29,2355200,462848,0,5141,4096,4194304,4096,1024,332,267,8,2,8,3.431,0,2815809,2806272,6,184,0,0,0,0,0,0,0,1,0,0,0,1,0,0,0,0
partitionwizard.exe,C:\samples\benign\program_files\partitionwizard.exe,benign,Benign,12,0,40960,392192,0,4914,4096,4194304,4096,1024,332,267,5,0,5,5.184,0,431532,425472,2,61,0,0,0,0,0,0,0,1,0,0,0,1,0,0,0,0
passwd.exe,C:\samples\benign\program_files\passwd.exe,benign,Benign,2,36,8704,20480,512,4096,4096,4194304,4096,1536,332,267,17,11,17,3.416,0,75262,78848,4,61,0,0,0,0,0,0,0,0,0,0,0,1,0,0,1,1
paste.exe,C:\samples\benign\program_files\paste.exe,benign,Benign,2,39,19968,35328,5632,4096,4096,4194304,4096,1024,332,267,9,3,9,3.503,0,38533,35328,3,68,0,0,0,0,0,0,0,0,0,0,0,1,0,0,1,1
patch.exe,C:\samples\benign\program_files\patch.exe,benign,Benign,2,43,150528,210944,2560,4096,4096,4194304,4096,1024,332,267,9,3,9,3.55,0,211169,210944,3,159,0,0,0,0,0,0,0,0,0,0,0,1,0,0,1,1
pathchk.exe,C:\samples\benign\program_files\pathchk.exe,benign,Benign,2,39,17408,32256,5632,4096,4096,4194304,4096,1024,332,267,9,3,9,3.44,0,35493,32256,3,64,0,0,0,0,0,0,0,0,0,0,0,1,0,0,1,1
pdftotext.exe,C:\samples\benign\program_files\pdftotext.exe,benign,Benign,2,30,967168,1439744,5632,5280,4096,4194304,4096,1024,332,267,9,4,9,3.428,0,1442360,1439744,5,153,0,0,0,0,0,0,0,0,0,0,0,1,0,0,1,1
perl.exe,C:\samples\benign\program_files\perl.exe,benign,Benign,2,36,3072,9728,512,4096,4096,4194304,4096,1024,332,267,10,4,10,2.707,0,7354,9728,3,43,0,0,0,0,0,0,0,0,0,0,0,1,0,0,1,1
perl5.38.2.exe,C:\samples\benign\program_files\perl5.38.2.exe,benign,Benign,2,36,3072,9728,512,4096,4096,4194304,4096,1024,332,267,10,4,10,2.707,0,7354,9728,3,43,0,0,0,0,0,0,0,0,0,0,0,1,0,0,1,1
pgocvt.exe,C:\samples\benign\program_files\pgocvt.exe,benign,Benign,14,15,19968,25088,0,11030,4096,4194304,4096,1024,332,267,5,0,5,5.025,0,52096,45056,15,133,0,0,1,0,0,0,0,1,1,0,0,1,0,0,0,0
pgomgr.exe,C:\samples\benign\program_files\pgomgr.exe,benign,Benign,14,15,48640,26112,0,37850,4096,4194304,4096,1024,332,267,5,0,5,4.792,0,220942,74752,16,137,0,0,1,0,0,0,0,1,1,0,0,1,0,0,0,0
pgosweep.exe,C:\samples\benign\program_files\pgosweep.exe,benign,Benign,14,15,24576,25600,0,15179,4096,4194304,4096,1024,332,267,5,0,5,4.619,0,187492,50176,17,150,0,1,1,0,0,0,0,1,1,0,0,1,0,0,0,1
picture_decoder.exe,C:\samples\benign\program_files\picture_decoder.exe,benign,Benign,14,29,6656,14848,0,6856,4096,5368709120,4096,1024,34404,523,6,0,6,3.78,0,20028,19456,11,100,0,0,1,0,0,0,0,1,0,0,0,0,0,0,0,0
pinentry-w32.exe,C:\samples\benign\program_files\pinentry-w32.exe,benign,Benign,2,42,33280,75264,5632,4096,4096,4194304,4096,1024,332,267,9,3,9,3.672,0,78021,75264,6,127,0,1,0,0,0,0,0,0,0,0,1,1,0,0,1,1
pinentry.exe,C:\samples\benign\program_files\pinentry.exe,benign,Benign,2,42,33280,75264,5632,4096,4096,4194304,4096,1024,332,267,9,3,9,3.672,0,78021,75264,6,127,0,1,0,0,0,0,0,0,0,0,1,1,0,0,1,1
pinky.exe,C:\samples\benign\program_files\pinky.exe,benign,Benign,2,39,20992,37376,5632,4096,4096,4194304,4096,1024,332,267,9,3,9,3.573,0,41265,37376,3,83,0,0,0,0,0,0,0,0,0,0,0,1,0,0,1,1
pipanel.exe,C:\samples\benign\program_files\pipanel.exe,benign,Benign,14,20,3584,3584,0,5824,4096,4194304,4096,1024,332,267,5,0,4,3.412,0,6140,6656,2,27,0,0,0,0,0,0,0,0,0,0,0,0,0,0,0,0
pkcs1-conv.exe,C:\samples\benign\program_files\pkcs1-conv.exe,benign,Benign,2,43,9728,19456,512,4096,4096,4194304,4096,1024,332,267,9,3,9,3.409,0,17689,19456,5,63,0,0,0,0,0,0,0,0,0,0,0,1,0,0,1,1
pktextract.exe,C:\samples\benign\program_files\pktextract.exe,benign,Benign,14,13,8192,5120,0,10384,4096,4194304,4096,1024,332,267,5,0,5,4.093,0,12472,12800,4,51,0,0,0,0,0,0,0,0,0,0,0,0,0,0,0,0
pldd.exe,C:\samples\benign\program_files\pldd.exe,benign,Benign,2,36,3072,9728,512,4096,4096,4194304,4096,1536,332,267,17,11,17,2.939,0,46068,50688,3,34,0,0,0,0,0,0,0,0,0,0,0,1,0,0,1,1
pluginviewer.exe,C:\samples\benign\program_files\pluginviewer.exe,benign,Benign,2,36,5632,13824,512,4096,4096,4194304,4096,1024,332,267,9,3,9,2.748,0,11517,13824,3,44,0,0,0,0,0,0,0,0,0,0,0,1,0,0,1,1
PLUGScheduler.exe,C:\samples\benign\program_files\PLUGScheduler.exe,benign,Benign,14,20,182784,98816,0,164288,4096,4194304,4096,1024,332,267,6,1,6,4.368,0,280230,280064,36,178,0,0,0,1,0,0,0,0,1,0,0,1,0,0,0,0
pmnative.exe,C:\samples\benign\program_files\pmnative.exe,benign,Benign,14,29,120832,10983936,0,4432,4096,4194304,4096,1024,332,267,5,0,5,4.696,0,11103740,602624,1,80,0,0,0,0,0,0,0,0,0,0,0,0,0,0,0,0
PMParseRecord.exe,C:\samples\benign\program_files\PMParseRecord.exe,benign,Benign,14,16,257024,76800,0,240974,4096,4194304,4096,1024,332,267,5,0,5,5.194,0,332191,332288,16,215,0,0,1,0,0,0,0,1,0,0,0,1,0,0,0,0
PMUpdateService.exe,C:\samples\benign\program_files\PMUpdateService.exe,benign,Benign,14,16,1706496,637952,0,539859,4096,4194304,4096,1024,332,267,5,0,5,5.548,0,2343044,2336256,25,331,0,1,1,0,0,0,0,1,0,0,0,1,0,0,1,0
policytool.exe,C:\samples\benign\program_files\policytool.exe,benign,Benign,10,0,2560,6144,0,4988,4096,4194304,4096,1024,332,267,5,0,5,4.362,0,8316,8704,3,49,0,0,0,0,0,0,0,0,0,0,0,0,0,0,0,0
pr.exe,C:\samples\benign\program_files\pr.exe,benign,Benign,2,39,47104,77312,6144,4096,4096,4194304,4096,1024,332,267,9,3,9,3.649,0,80141,77312,4,95,0,0,0,0,0,0,0,0,0,0,0,1,0,0,1,1
printenv.exe,C:\samples\benign\program_files\printenv.exe,benign,Benign,2,39,16384,31232,5632,4096,4096,4194304,4096,1024,332,267,9,3,9,3.378,0,33905,31232,3,60,0,0,0,0,0,0,0,0,0,0,0,1,0,0,1,1
printf.exe,C:\samples\benign\program_files\printf.exe,benign,Benign,2,39,50688,72704,5632,4096,4096,4194304,4096,1024,332,267,9,3,9,3.565,0,75353,72704,5,72,0,0,0,0,0,0,0,0,0,0,0,1,0,0,1,1
profiler.exe,C:\samples\benign\program_files\profiler.exe,benign,Benign,2,36,18432,30720,70144,4096,4096,4194304,4096,1536,332,267,17,11,17,3.7,0,209282,143360,4,104,0,0,0,0,0,0,0,0,0,0,0,1,0,0,1,1
proxy-lookup.exe,C:\samples\benign\program_files\proxy-lookup.exe,benign,Benign,2,44,31232,15872,3072,5136,4096,4194304,4096,1024,332,267,9,3,9,3.472,0,46952,47104,3,57,0,0,0,0,0,0,0,0,0,0,0,1,0,0,1,1
ps.exe,C:\samples\benign\program_files\ps.exe,benign,Benign,2,36,6656,14848,99328,4096,4096,4194304,4096,1536,332,267,17,11,17,3.465,0,163866,69120,4,54,0,0,0,0,0,0,0,0,0,0,0,1,0,0,1,1
psl.exe,C:\samples\benign\program_files\psl.exe,benign,Benign,2,42,6144,14848,512,4096,4096,4194304,4096,1024,332,267,9,3,9,3.298,0,12881,14848,3,52,0,0,0,0,0,0,0,0,0,0,0,1,0,0,1,1
ptx.exe,C:\samples\benign\program_files\ptx.exe,benign,Benign,2,39,97280,131072,7168,4096,4096,4194304,4096,1024,332,267,9,3,9,3.719,0,136005,131072,5,104,0,0,0,0,0,0,0,0,0,0,0,1,0,0,1,1
pvk2pfx.exe,C:\samples\benign\program_files\pvk2pfx.exe,benign,Benign,14,13,9216,8704,0,11488,4096,4194304,4096,1024,332,267,5,0,5,3.809,0,16354,17408,7,73,0,1,0,0,0,0,0,1,0,0,0,0,0,0,0,0
pwahelper.exe,C:\samples\benign\program_files\pwahelper.exe,benign,Benign,14,0,614400,144896,0,470288,4096,4194304,4096,1024,332,267,6,1,6,4.272,0,832545,759296,7,133,0,0,0,1,0,0,0,1,0,0,0,1,0,0,0,1
pwcat.exe,C:\samples\benign\program_files\pwcat.exe,benign,Benign,2,30,2048,7168,512,4096,4096,4194304,4096,1024,332,267,8,3,8,2.649,0,5561,7168,3,21,0,0,0,0,0,0,0,0,0,0,0,1,0,0,1,1
pwd.exe,C:\samples\benign\program_files\pwd.exe,benign,Benign,2,39,17920,33792,5632,4096,4096,4194304,4096,1024,332,267,9,3,9,3.417,0,36769,33792,3,75,0,0,0,0,0,0,0,0,0,0,0,1,0,0,1,1
pwnative.exe,C:\samples\benign\program_files\pwnative.exe,benign,Benign,9,0,751616,2515456,0,32096,4096,4194304,4096,1024,332,267,6,2,6,3.511,0,3265539,3258880,1,115,0,0,0,0,0,0,0,0,0,0,0,0,0,0,0,0
pxe_client.exe,C:\samples\benign\program_files\pxe_client.exe,benign,Benign,12,0,54272,1153024,0,49854,4096,4194304,4096,1024,332,267,5,0,5,6.003,1,1205961,1193472,16,575,0,1,0,1,0,0,0,0,0,0,0,0,0,0,0,0
pxe_service.exe,C:\samples\benign\program_files\pxe_service.exe,benign,Benign,12,0,56320,433152,0,58683,4096,4194304,4096,1024,332,267,5,0,5,5.21,0,488028,451072,6,184,0,1,0,0,0,0,0,1,0,0,0,0,0,0,0,0
QTAgent.exe,C:\samples\benign\program_files\QTAgent.exe,benign,Benign,48,0,11776,3584,0,19658,8192,4194304,8192,512,332,267,3,0,3,3.492,0,14328,15360,1,1,0,0,0,0,0,0,0,0,0,0,0,0,0,0,0,0
QTAgent32.exe,C:\samples\benign\program_files\QTAgent32.exe,benign,Benign,48,0,11776,3584,0,19670,8192,4194304,8192,512,332,267,3,0,3,3.499,0,14352,15360,1,1,0,0,0,0,0,0,0,0,0,0,0,0,0,0,0,0
QTAgent32_35.exe,C:\samples\benign\program_files\QTAgent32_35.exe,benign,Benign,48,0,10752,3584,0,18542,8192,4194304,8192,512,332,267,3,0,3,3.416,0,13224,14336,1,1,0,0,0,0,0,0,0,0,0,0,0,0,0,0,0,0
QTAgent32_40.exe,C:\samples\benign\program_files\QTAgent32_40.exe,benign,Benign,48,0,10752,3584,0,18670,8192,4194304,8192,512,332,267,3,0,3,3.431,0,13352,14336,1,1,0,0,0,0,0,0,0,0,0,0,0,0,0,0,0,0
QTAgent_35.exe,C:\samples\benign\program_files\QTAgent_35.exe,benign,Benign,48,0,10752,3584,0,18534,8192,4194304,8192,512,332,267,3,0,3,3.41,0,13204,14336,1,1,0,0,0,0,0,0,0,0,0,0,0,0,0,0,0,0
QTAgent_40.exe,C:\samples\benign\program_files\QTAgent_40.exe,benign,Benign,48,0,10752,3584,0,18658,8192,4194304,8192,512,332,267,3,0,3,3.428,0,13328,14336,1,1,0,0,0,0,0,0,0,0,0,0,0,0,0,0,0,0
QTDCAgent.exe,C:\samples\benign\program_files\QTDCAgent.exe,benign,Benign,48,0,9728,2560,0,17838,8192,4194304,8192,512,332,267,3,0,3,3.363,0,11624,12288,1,1,0,0,0,0,0,0,0,0,0,0,0,0,0,0,0,0
QTDCAgent32.exe,C:\samples\benign\program_files\QTDCAgent32.exe,benign,Benign,48,0,9728,2560,0,17850,8192,4194304,8192,512,332,267,3,0,3,3.374,0,11648,12288,1,1,0,0,0,0,0,0,0,0,0,0,0,0,0,0,0,0
QtWebEngineProcess.exe,C:\samples\benign\program_files\QtWebEngineProcess.exe,benign,Benign,12,0,5120,7168,0,6906,4096,4194304,4096,1024,332,267,5,0,5,4.624,0,11153,11264,6,73,0,0,0,0,0,0,0,0,0,0,0,0,0,0,0,0
qwingraph.exe,C:\samples\benign\program_files\qwingraph.exe,benign,Benign,14,29,323584,194048,0,321064,4096,5368709120,4096,1024,34404,523,6,0,6,5.393,0,516287,483328,18,479,0,0,1,0,0,0,0,0,0,0,0,0,0,0,0,0
rc.exe,C:\samples\benign\program_files\rc.exe,benign,Benign,14,13,48128,16384,0,13152,4096,4194304,4096,1024,332,267,5,0,5,4.747,0,63490,57344,2,66,0,0,0,0,0,0,0,1,0,0,0,1,0,0,0,0
readlink.exe,C:\samples\benign\program_files\readlink.exe,benign,Benign,2,39,26624,46592,5632,4096,4096,4194304,4096,1024,332,267,9,3,9,3.501,0,49529,46592,4,76,0,0,0,0,0,0,0,0,0,0,0,1,0,0,1,1
realpath.exe,C:\samples\benign\program_files\realpath.exe,benign,Benign,2,39,27648,48128,5632,4096,4096,4194304,4096,1024,332,267,9,3,9,3.541,0,51137,48128,4,77,0,0,0,0,0,0,0,0,0,0,0,1,0,0,1,1
rebase.exe,C:\samples\benign\program_files\rebase.exe,benign,Benign,2,40,702464,1023488,66560,4096,4096,4194304,4096,1024,332,267,9,3,9,3.755,0,1087249,1023488,2,136,0,0,0,0,0,0,0,0,0,0,0,1,0,0,1,1
regtool.exe,C:\samples\benign\program_files\regtool.exe,benign,Benign,2,36,10240,23552,1024,4096,4096,4194304,4096,1536,332,267,17,11,17,3.517,0,83908,88064,3,64,0,0,0,0,0,0,0,0,0,0,0,1,0,0,1,1
regwinmd.exe,C:\samples\benign\program_files\regwinmd.exe,benign,Benign,14,13,155648,24576,0,124208,4096,4194304,4096,1024,332,267,5,0,4,5.473,0,179292,178176,20,153,0,0,0,0,0,0,0,0,0,0,0,1,0,0,0,0
RemoteLoader.exe,C:\samples\benign\program_files\RemoteLoader.exe,benign,Benign,12,0,54272,271360,0,50676,4096,4194304,4096,1024,332,267,5,0,5,6.146,1,324716,324608,10,594,0,1,0,0,0,0,0,0,0,0,0,1,0,0,0,0
reset.exe,C:\samples\benign\program_files\reset.exe,benign,Benign,2,43,10240,20992,1024,4096,4096,4194304,4096,1024,332,267,9,3,9,3.326,0,19269,20992,3,67,0,0,0,0,0,0,0,0,0,0,0,1,0,0,1,1
rm.exe,C:\samples\benign\program_files\rm.exe,benign,Benign,2,39,38400,64000,5632,4096,4096,4194304,4096,1024,332,267,9,3,9,3.533,0,66773,64000,4,95,0,0,0,0,0,0,0,0,0,0,0,1,0,0,1,1
rmdir.exe,C:\samples\benign\program_files\rmdir.exe,benign,Benign,2,39,44032,62976,5632,4096,4096,4194304,4096,1024,332,267,9,3,9,3.575,0,66093,62976,4,73,0,0,0,0,0,0,0,0,0,0,0,1,0,0,1,1
rmic.exe,C:\samples\benign\program_files\rmic.exe,benign,Benign,10,0,2560,6144,0,4988,4096,4194304,4096,1024,332,267,5,0,5,4.341,0,8256,8704,3,49,0,0,0,0,0,0,0,0,0,0,0,0,0,0,0,0
rmid.exe,C:\samples\benign\program_files\rmid.exe,benign,Benign,10,0,2560,6144,0,4988,4096,4194304,4096,1024,332,267,5,0,5,4.355,0,8272,8704,3,49,0,0,0,0,0,0,0,0,0,0,0,0,0,0,0,0
rmiregistry.exe,C:\samples\benign\program_files\rmiregistry.exe,benign,Benign,14,29,3584,8704,0,5156,4096,5368709120,4096,1024,34404,523,6,0,6,3.191,0,10826,12288,9,50,0,0,1,0,0,0,0,0,0,0,0,0,0,0,0,0
rmlogotest.exe,C:\samples\benign\program_files\rmlogotest.exe,benign,Benign,14,13,6656,5120,0,8896,4096,4194304,4096,1024,332,267,5,0,5,3.799,0,10388,11264,4,36,0,0,0,0,0,0,0,0,0,0,0,0,0,0,0,0
rmt.exe,C:\samples\benign\program_files\rmt.exe,benign,Benign,2,41,35840,53760,512,4096,4096,4194304,4096,1024,332,267,9,3,9,3.597,0,51553,53760,3,81,0,0,0,0,0,0,0,0,0,0,1,1,0,0,1,1
rnano.exe,C:\samples\benign\program_files\rnano.exe,benign,Benign,2,36,279552,342528,1536,4096,4096,4194304,4096,1024,332,267,9,3,9,3.505,0,341769,342528,6,225,0,0,0,0,0,0,0,0,0,0,0,1,0,0,1,1
runcon.exe,C:\samples\benign\program_files\runcon.exe,benign,Benign,2,39,16384,31744,5632,4096,4096,4194304,4096,1024,332,267,9,3,9,3.421,0,34661,31744,3,61,0,0,0,0,0,0,0,0,0,0,0,1,0,0,1,1
RUXIMICS.exe,C:\samples\benign\program_files\RUXIMICS.exe,benign,Benign,14,20,285184,108032,0,254048,4096,4194304,4096,1024,332,267,6,1,6,4.536,0,391696,391680,56,276,0,0,0,1,0,0,0,1,1,0,0,1,0,0,0,0
RUXIMIH.exe,C:\samples\benign\program_files\RUXIMIH.exe,benign,Benign,14,20,198656,101888,0,177264,4096,4194304,4096,1024,332,267,6,1,6,4.431,0,298880,298496,42,211,0,0,0,1,0,0,0,1,1,0,0,1,0,0,0,0
rview.exe,C:\samples\benign\program_files\rview.exe,benign,Benign,2,36,2705920,3259904,46592,4096,4096,4194304,4096,1024,332,267,10,4,9,3.49,0,3304100,3259904,7,278,0,1,0,0,0,0,0,0,0,0,1,1,0,1,1,1
rvim.exe,C:\samples\benign\program_files\rvim.exe,benign,Benign,2,36,2705920,3259904,46592,4096,4096,4194304,4096,1024,332,267,10,4,9,3.49,0,3304100,3259904,7,278,0,1,0,0,0,0,0,0,0,0,1,1,0,1,1,1
scalar.exe,C:\samples\benign\program_files\scalar.exe,benign,Benign,2,44,2006016,694272,135168,5136,4096,4194304,4096,1536,332,267,20,14,19,4.161,0,11638264,11509224,11,383,0,1,0,0,0,0,0,1,1,0,0,1,0,0,1,1
scdaemon.exe,C:\samples\benign\program_files\scdaemon.exe,benign,Benign,2,36,342016,448000,3584,4096,4096,4194304,4096,1024,332,267,9,3,9,3.659,0,448765,448000,10,373,0,0,0,0,0,0,0,0,0,0,0,1,0,0,1,1
SchedulerService.exe,C:\samples\benign\program_files\SchedulerService.exe,benign,Benign,12,0,128512,68096,0,102010,4096,4194304,4096,1024,332,267,6,0,6,4.211,0,194625,195584,8,309,0,0,0,0,0,0,0,0,0,0,0,0,0,0,0,0
schemagen.exe,C:\samples\benign\program_files\schemagen.exe,benign,Benign,10,0,2560,6144,0,4988,4096,4194304,4096,1024,332,267,5,0,5,4.361,0,8308,8704,3,49,0,0,0,0,0,0,0,0,0,0,0,0,0,0,0,0
scp.exe,C:\samples\benign\program_files\scp.exe,benign,Benign,2,36,152064,193024,7168,4096,4096,4194304,4096,1024,332,267,9,3,9,3.272,0,196789,193024,3,208,0,0,0,0,0,0,0,0,0,0,0,1,0,0,1,1
ScreenResolution.exe,C:\samples\benign\program_files\ScreenResolution.exe,benign,Benign,12,0,11264,23040,0,12282,4096,4194304,4096,1024,332,267,5,0,5,4.693,0,33208,33280,8,252,0,1,0,0,0,0,0,0,0,0,0,0,0,0,0,0
sdiff.exe,C:\samples\benign\program_files\sdiff.exe,benign,Benign,2,40,29696,53248,69632,4096,4096,4194304,4096,1024,332,267,10,4,10,3.355,0,119644,53248,4,120,0,0,0,0,0,0,0,0,0,0,0,1,0,0,1,1
sed.exe,C:\samples\benign\program_files\sed.exe,benign,Benign,2,39,133120,179712,5632,4096,4096,4194304,4096,1024,332,267,10,4,10,3.461,0,182402,179712,3,140,0,0,0,0,0,0,0,0,0,0,0,1,0,0,1,1
SenseGPParser.exe,C:\samples\benign\program_files\SenseGPParser.exe,benign,Benign,14,36,266752,37376,0,190240,4096,4194304,4096,1024,332,267,6,1,6,4.316,0,302072,299008,36,195,0,0,0,1,0,0,0,0,0,0,0,1,0,0,0,0
SenseImdsCollector.exe,C:\samples\benign\program_files\SenseImdsCollector.exe,benign,Benign,14,36,568320,98304,0,147776,4096,4194304,4096,1024,332,267,5,0,5,5.188,0,665114,661504,31,182,0,0,0,0,0,0,0,1,0,0,0,1,0,0,0,1
SenseIR.exe,C:\samples\benign\program_files\SenseIR.exe,benign,Benign,14,36,3374592,549376,0,2388800,4096,4194304,4096,1024,332,267,6,1,6,4.734,0,3922044,3732992,72,532,0,0,0,1,0,0,0,1,0,0,0,1,0,0,0,1
SenseSampleUploader.exe,C:\samples\benign\program_files\SenseSampleUploader.exe,benign,Benign,14,36,1361408,213504,0,633872,4096,4194304,4096,1024,332,267,6,1,6,4.452,0,1572882,1541120,38,300,0,0,0,0,0,0,0,0,0,0,0,1,0,0,0,1
seq.exe,C:\samples\benign\program_files\seq.exe,benign,Benign,2,39,48640,68608,5632,4096,4096,4194304,4096,1024,332,267,9,3,9,3.646,0,72089,68608,4,75,0,0,0,0,0,0,0,0,0,0,0,1,0,0,1,1
serialver.exe,C:\samples\benign\program_files\serialver.exe,benign,Benign,10,0,2560,6144,0,4988,4096,4194304,4096,1024,332,267,5,0,5,4.351,0,8292,8704,3,49,0,0,0,0,0,0,0,0,0,0,0,0,0,0,0,0
servertool.exe,C:\samples\benign\program_files\servertool.exe,benign,Benign,10,0,2560,6144,0,4988,4096,4194304,4096,1024,332,267,5,0,5,4.362,0,8316,8704,3,49,0,0,0,0,0,0,0,0,0,0,0,0,0,0,0,0
setfacl.exe,C:\samples\benign\program_files\setfacl.exe,benign,Benign,2,36,8192,19456,512,4096,4096,4194304,4096,1536,332,267,17,11,17,3.503,0,70190,74240,2,45,0,0,0,0,0,0,0,0,0,0,0,1,0,0,1,1
setmetamode.exe,C:\samples\benign\program_files\setmetamode.exe,benign,Benign,2,36,3072,9216,512,4096,4096,4194304,4096,1536,332,267,17,11,17,2.832,0,43242,48640,2,25,0,0,0,0,0,0,0,0,0,0,0,1,0,0,1,1
SettingsMigrator.exe,C:\samples\benign\program_files\SettingsMigrator.exe,benign,Benign,48,0,14848,2560,0,22582,8192,4194304,8192,512,332,267,3,0,3,2.976,0,15996,17408,1,1,0,0,0,0,0,0,0,0,0,0,0,0,0,0,0,0
setup.exe,C:\samples\benign\program_files\setup.exe,benign,Benign,14,16,105984,228864,0,33280,4096,4194304,4096,1024,332,267,6,1,6,4.485,0,333250,331776,1,94,0,0,0,0,0,0,0,1,1,0,0,1,0,0,0,0
setup_wm.exe,C:\samples\benign\program_files\setup_wm.exe,benign,Benign,14,20,265728,1544192,0,265904,4096,4194304,4096,1024,332,267,5,0,5,5.145,0,1807874,1801216,22,371,0,1,0,1,0,0,0,1,1,0,0,1,0,0,0,1
sexp-conv.exe,C:\samples\benign\program_files\sexp-conv.exe,benign,Benign,2,43,13824,27136,512,4096,4096,4194304,4096,1024,332,267,9,3,9,3.464,0,25225,27136,3,48,0,0,0,0,0,0,0,0,0,0,0,1,0,0,1,1
sftp-server.exe,C:\samples\benign\program_files\sftp-server.exe,benign,Benign,2,36,96768,128512,2560,4096,4096,4194304,4096,1024,332,267,9,3,9,3.153,0,128309,128512,3,196,0,0,0,0,0,0,0,0,0,0,0,1,0,0,1,1
sftp.exe,C:\samples\benign\program_files\sftp.exe,benign,Benign,2,36,158720,204800,15872,4096,4096,4194304,4096,1024,332,267,9,3,9,3.27,0,217461,204800,4,231,0,0,0,0,0,0,0,0,0,0,0,1,0,0,1,1
sh.exe,C:\samples\benign\program_files\sh.exe,benign,Benign,2,36,930304,2171904,50176,4096,4096,4194304,4096,1024,332,267,10,4,10,4.358,1,2219621,2171904,2,262,0,0,0,0,0,0,0,0,0,0,1,1,0,0,1,1
sha1sum.exe,C:\samples\benign\program_files\sha1sum.exe,benign,Benign,2,39,28160,47104,5632,4096,4096,4194304,4096,1024,332,267,9,3,9,3.592,0,50097,47104,4,79,0,0,0,0,0,0,0,0,0,0,0,1,0,0,1,1
sha224sum.exe,C:\samples\benign\program_files\sha224sum.exe,benign,Benign,2,39,33792,52736,5632,4096,4096,4194304,4096,1024,332,267,9,3,9,3.64,0,56373,52736,4,79,0,0,0,0,0,0,0,0,0,0,0,1,0,0,1,1
sha256sum.exe,C:\samples\benign\program_files\sha256sum.exe,benign,Benign,2,39,33792,52736,5632,4096,4096,4194304,4096,1024,332,267,9,3,9,3.64,0,56373,52736,4,79,0,0,0,0,0,0,0,0,0,0,0,1,0,0,1,1
sha384sum.exe,C:\samples\benign\program_files\sha384sum.exe,benign,Benign,2,39,80896,99840,5632,4096,4096,4194304,4096,1024,332,267,9,3,8,3.618,0,103397,99840,4,79,0,0,0,0,0,0,0,0,0,0,0,1,0,0,1,1
sha512sum.exe,C:\samples\benign\program_files\sha512sum.exe,benign,Benign,2,39,80896,99840,5632,4096,4096,4194304,4096,1024,332,267,9,3,8,3.616,0,103397,99840,4,79,0,0,0,0,0,0,0,0,0,0,0,1,0,0,1,1
ShapeCollector.exe,C:\samples\benign\program_files\ShapeCollector.exe,benign,Benign,14,20,212480,415744,0,173088,4096,4194304,4096,1024,332,267,5,0,5,5.868,0,626536,626176,12,397,0,1,0,1,0,0,0,0,0,0,0,1,0,0,0,0
shred.exe,C:\samples\benign\program_files\shred.exe,benign,Benign,2,39,36864,59392,5632,4096,4096,4194304,4096,1024,332,267,9,3,9,3.614,0,62825,59392,4,110,0,0,0,0,0,0,0,0,0,0,0,1,0,0,1,1
shuf.exe,C:\samples\benign\program_files\shuf.exe,benign,Benign,2,39,32768,54272,5632,4096,4096,4194304,4096,1024,332,267,9,3,9,3.553,0,57249,54272,4,100,0,0,0,0,0,0,0,0,0,0,0,1,0,0,1,1
signtool.exe,C:\samples\benign\program_files\signtool.exe,benign,Benign,14,13,221696,108032,0,193024,4096,4194304,4096,1024,332,267,5,0,5,5.427,0,328208,311296,15,246,0,1,0,1,0,0,0,1,0,0,0,1,0,0,1,1
singlefilehost.exe,C:\samples\benign\program_files\singlefilehost.exe,benign,Benign,14,29,5514240,2948096,0,5135360,4096,4194304,4096,1024,332,267,8,3,8,4.379,0,8513592,8462336,16,439,0,1,0,1,0,0,0,1,1,0,0,1,0,0,1,0
sleep.exe,C:\samples\benign\program_files\sleep.exe,benign,Benign,2,39,17408,32768,5632,4096,4096,4194304,4096,1024,332,267,9,3,9,3.447,0,35937,32768,3,66,0,0,0,0,0,0,0,0,0,0,0,1,0,0,1,1
smartctl.exe,C:\samples\benign\program_files\smartctl.exe,benign,Benign,14,16,377856,406016,0,357673,4096,4194304,4096,1024,332,267,5,0,5,5.531,0,782758,702976,18,159,0,1,1,1,0,0,0,0,0,0,0,1,0,1,0,1
SmDownloader.exe,C:\samples\benign\program_files\SmDownloader.exe,benign,Benign,12,0,39424,19968,0,39951,4096,4194304,4096,1024,332,267,5,0,5,4.846,0,58615,58368,5,106,0,1,0,0,0,0,0,0,1,0,0,1,0,0,0,0
SMMonitor.exe,C:\samples\benign\program_files\SMMonitor.exe,benign,Benign,12,0,96256,922624,0,84622,4096,4194304,4096,1024,332,267,5,0,5,5.734,0,1017932,1017856,10,606,0,1,0,0,0,0,0,0,0,0,0,0,0,0,0,0
sort.exe,C:\samples\benign\program_files\sort.exe,benign,Benign,2,39,70656,108032,7168,4096,4096,4194304,4096,1024,332,267,9,3,9,3.846,0,113213,108032,4,146,0,0,0,0,0,0,0,0,0,0,0,1,0,0,1,1
split.exe,C:\samples\benign\program_files\split.exe,benign,Benign,2,39,32768,55296,6144,4096,4096,4194304,4096,1024,332,267,9,3,9,3.637,0,58665,55296,4,97,0,0,0,0,0,0,0,0,0,0,0,1,0,0,1,1
ssh-add.exe,C:\samples\benign\program_files\ssh-add.exe,benign,Benign,2,36,204800,366592,1536,4096,4096,4194304,4096,1024,332,267,9,3,9,3.001,0,365361,366592,4,319,0,0,0,0,0,0,0,0,0,0,0,1,0,0,1,1
ssh-agent.exe,C:\samples\benign\program_files\ssh-agent.exe,benign,Benign,2,36,190464,353792,9728,4096,4096,4194304,4096,1024,332,267,9,3,9,3.024,0,360981,353792,4,335,0,0,0,0,0,0,0,0,0,0,0,1,0,0,1,1
ssh-keygen.exe,C:\samples\benign\program_files\ssh-keygen.exe,benign,Benign,2,36,297984,488960,6656,4096,4096,4194304,4096,1024,332,267,9,3,9,3.062,0,493029,488960,4,395,0,0,0,0,0,0,0,0,0,0,0,1,0,0,1,1
ssh-keyscan.exe,C:\samples\benign\program_files\ssh-keyscan.exe,benign,Benign,2,36,326144,510976,4608,4096,4096,4194304,4096,1024,332,267,9,3,9,3.069,0,512545,510976,5,344,0,0,0,0,0,0,0,0,0,0,0,1,0,0,1,1
ssh-keysign.exe,C:\samples\benign\program_files\ssh-keysign.exe,benign,Benign,2,36,251392,426496,4608,4096,4096,4194304,4096,1024,332,267,9,3,9,3.158,0,428213,426496,4,342,0,0,0,0,0,0,0,0,0,0,0,1,0,0,1,1
ssh-pageant.exe,C:\samples\benign\program_files\ssh-pageant.exe,benign,Benign,2,40,7680,17920,1024,4096,4096,4194304,4096,1024,332,267,9,3,9,3.282,0,16077,17920,4,81,0,1,0,0,0,0,0,0,0,0,0,1,0,0,1,1
ssh-pkcs11-helper.exe,C:\samples\benign\program_files\ssh-pkcs11-helper.exe,benign,Benign,2,36,172032,330240,1536,4096,4096,4194304,4096,1024,332,267,9,3,9,2.98,0,328961,330240,4,334,0,0,0,0,0,0,0,0,0,0,0,1,0,0,1,1
ssh-sk-helper.exe,C:\samples\benign\program_files\ssh-sk-helper.exe,benign,Benign,2,36,164864,325120,1024,4096,4096,4194304,4096,1024,332,267,9,3,9,2.961,0,323241,325120,5,369,0,0,0,0,0,0,0,0,0,0,0,1,0,0,1,1
ssh.exe,C:\samples\benign\program_files\ssh.exe,benign,Benign,2,36,655872,928768,9728,4096,4096,4194304,4096,1024,332,267,9,3,9,3.252,0,935469,928768,6,449,0,0,0,0,0,0,0,0,0,0,1,1,0,0,1,1
ssp.exe,C:\samples\benign\program_files\ssp.exe,benign,Benign,2,36,7680,22016,23040,4096,4096,4194304,4096,1536,332,267,17,11,17,3.637,0,96471,77312,2,45,0,0,0,0,0,0,0,0,0,0,0,1,0,0,1,1
ssvagent.exe,C:\samples\benign\program_files\ssvagent.exe,benign,Benign,10,0,28160,23040,0,28606,4096,4194304,4096,1024,332,267,5,0,5,5.137,0,50364,49664,5,137,0,1,0,1,0,0,0,0,1,0,0,1,0,0,1,0
stat.exe,C:\samples\benign\program_files\stat.exe,benign,Benign,2,39,67584,98816,5632,4096,4096,4194304,4096,1024,332,267,9,3,9,3.66,0,101809,98816,4,115,0,0,0,0,0,0,0,0,0,0,0,1,0,0,1,1
stdbuf.exe,C:\samples\benign\program_files\stdbuf.exe,benign,Benign,2,39,48128,69632,5632,4096,4096,4194304,4096,1024,332,267,9,3,9,3.595,0,72777,69632,4,77,0,0,0,0,0,0,0,0,0,0,0,1,0,0,1,1
StoreUploader.exe,C:\samples\benign\program_files\StoreUploader.exe,benign,Benign,48,0,10240,2560,0,18218,8192,4194304,8192,512,332,267,3,0,3,3.223,0,11840,12800,1,1,0,0,0,0,0,0,0,0,0,0,0,0,0,0,0,0
strace.exe,C:\samples\benign\program_files\strace.exe,benign,Benign,2,35,48640,73728,73216,5312,4096,4194304,4096,1536,332,267,17,12,17,3.54,0,406090,337920,4,123,0,0,0,0,0,0,0,0,0,0,0,1,0,0,1,1
stty.exe,C:\samples\benign\program_files\stty.exe,benign,Benign,2,39,57856,90624,6144,4096,4096,4194304,4096,1024,332,267,9,3,9,3.62,0,94089,90624,4,84,0,0,0,0,0,0,0,0,0,0,0,1,0,0,1,1
sum.exe,C:\samples\benign\program_files\sum.exe,benign,Benign,2,39,25600,42496,5632,4096,4096,4194304,4096,1024,332,267,9,3,9,3.608,0,46281,42496,4,80,0,0,0,0,0,0,0,0,0,0,0,1,0,0,1,1
sync.exe,C:\samples\benign\program_files\sync.exe,benign,Benign,2,39,16384,31232,5632,4096,4096,4194304,4096,1024,332,267,9,3,9,3.441,0,34597,31232,3,68,0,0,0,0,0,0,0,0,0,0,0,1,0,0,1,1
syslinux.exe,C:\samples\benign\program_files\syslinux.exe,benign,Benign,2,23,37376,242688,5120,5344,4096,4194304,4096,1024,332,267,7,3,7,3.424,0,245712,242688,2,87,0,0,0,0,0,0,0,1,0,0,0,1,0,0,1,1
system_backup_cmd.exe,C:\samples\benign\program_files\system_backup_cmd.exe,benign,Benign,12,0,6144,7168,0,8364,4096,4194304,4096,1024,332,267,5,0,5,4.733,0,12111,12288,5,72,0,1,0,0,0,0,0,0,0,0,0,1,0,0,0,0
system_backup_gui.exe,C:\samples\benign\program_files\system_backup_gui.exe,benign,Benign,12,0,1991680,8537600,0,1642371,4096,4194304,4096,1024,332,267,7,1,7,5.323,0,10527269,10495488,23,3129,0,1,0,1,0,0,0,0,0,0,0,1,0,0,0,1
tabs.exe,C:\samples\benign\program_files\tabs.exe,benign,Benign,2,43,7168,15872,512,4096,4096,4194304,4096,1024,332,267,9,3,9,3.146,0,13565,15872,3,52,0,0,0,0,0,0,0,0,0,0,0,1,0,0,1,1
TabTip.exe,C:\samples\benign\program_files\TabTip.exe,benign,Benign,14,20,263680,72704,512,115232,4096,4194304,4096,1024,332,267,7,2,7,3.705,0,335041,333824,31,224,0,1,0,0,0,0,0,0,0,0,0,1,0,0,0,0
tac.exe,C:\samples\benign\program_files\tac.exe,benign,Benign,2,39,79360,107520,14336,4096,4096,4194304,4096,1024,332,267,9,3,9,3.573,0,118517,107520,4,111,0,0,0,0,0,0,0,0,0,0,0,1,0,0,1,1
tail.exe,C:\samples\benign\program_files\tail.exe,benign,Benign,2,39,35840,58880,5632,4096,4096,4194304,4096,1024,332,267,9,3,9,3.646,0,62037,58880,3,91,0,0,0,0,0,0,0,0,0,0,0,1,0,0,1,1
tar.exe,C:\samples\benign\program_files\tar.exe,benign,Benign,2,41,365568,532992,7168,4096,4096,4194304,4096,1024,332,267,10,4,10,3.683,0,536758,532992,5,264,0,0,0,0,0,0,0,0,0,0,1,1,0,0,1,1
TB3x.exe,C:\samples\benign\program_files\TB3x.exe,benign,Benign,14,13,183808,31232,0,170320,4096,4194304,4096,1024,332,267,5,0,5,5.27,0,213500,213504,9,132,0,1,0,1,0,0,0,0,0,0,0,1,0,0,0,0
tclsh.exe,C:\samples\benign\program_files\tclsh.exe,benign,Benign,2,41,6144,76288,512,5088,4096,4194304,4096,1024,332,267,10,4,10,2.735,0,73492,76288,3,44,0,0,0,0,0,0,0,0,0,0,0,1,0,0,1,1
tclsh86.exe,C:\samples\benign\program_files\tclsh86.exe,benign,Benign,2,41,6144,76288,512,5088,4096,4194304,4096,1024,332,267,10,4,10,2.735,0,73492,76288,3,44,0,0,0,0,0,0,0,0,0,0,0,1,0,0,1,1
TE.exe,C:\samples\benign\program_files\TE.exe,benign,Benign,14,14,153088,142336,0,109568,4096,4194304,4096,1024,332,267,5,0,5,5.558,0,294708,294400,31,206,0,0,0,0,0,0,0,0,0,0,0,1,0,0,0,0
TE.ManagedHost.exe,C:\samples\benign\program_files\TE.ManagedHost.exe,benign,Benign,48,0,11776,1536,0,19482,8192,4194304,8192,512,332,267,3,0,3,2.777,0,12200,13312,1,1,0,0,0,0,0,0,0,0,0,0,0,0,0,0,0,0
TE.ProcessHost.exe,C:\samples\benign\program_files\TE.ProcessHost.exe,benign,Benign,14,14,9216,12800,0,4685,4096,4194304,4096,1024,332,267,5,0,5,4.339,0,20479,20992,17,49,0,0,0,0,0,0,0,0,0,0,0,1,0,0,0,0
TE.ProcessHost.UAP.exe,C:\samples\benign\program_files\TE.ProcessHost.UAP.exe,benign,Benign,14,14,9216,12800,0,4688,4096,4194304,4096,1024,332,267,5,0,5,4.361,0,20595,20992,18,49,0,0,0,0,0,0,0,0,0,0,0,1,0,0,0,0
tee.exe,C:\samples\benign\program_files\tee.exe,benign,Benign,2,39,18432,35328,5632,4096,4096,4194304,4096,1024,332,267,9,3,9,3.448,0,38453,35328,3,76,0,0,0,0,0,0,0,0,0,0,0,1,0,0,1,1
test.exe,C:\samples\benign\program_files\test.exe,benign,Benign,2,39,48640,70656,5632,4096,4096,4194304,4096,1024,332,267,9,3,9,3.579,0,73413,70656,4,75,0,0,0,0,0,0,0,0,0,0,0,1,0,0,1,1
testhost.arm64.exe,C:\samples\benign\program_files\testhost.arm64.exe,benign,Benign,48,0,23552,2560,0,0,8192,5368709120,8192,512,43620,523,2,0,2,5.192,0,25767,26112,0,0,0,0,0,0,0,0,0,0,0,0,0,0,0,0,0,0
testhost.exe,C:\samples\benign\program_files\testhost.exe,benign,Benign,48,0,17408,2560,0,0,8192,5368709120,8192,512,34404,523,2,0,2,5.15,0,19590,19968,0,0,0,0,0,0,0,0,0,0,0,0,0,0,0,0,0,0
testhost.net452.arm64.exe,C:\samples\benign\program_files\testhost.net452.arm64.exe,benign,Benign,48,0,23552,2560,0,0,8192,5368709120,8192,512,43620,523,2,0,2,5.208,0,25810,26112,0,0,0,0,0,0,0,0,0,0,0,0,0,0,0,0,0,0
testhost.net452.exe,C:\samples\benign\program_files\testhost.net452.exe,benign,Benign,48,0,23552,2560,0,0,8192,5368709120,8192,512,34404,523,2,0,2,5.189,0,25743,26112,0,0,0,0,0,0,0,0,0,0,0,0,0,0,0,0,0,0
testhost.net452.x86.exe,C:\samples\benign\program_files\testhost.net452.x86.exe,benign,Benign,48,0,23552,3072,0,31614,8192,4194304,8192,512,332,267,3,0,3,3.501,0,25892,26624,1,1,0,0,0,0,0,0,0,0,0,0,0,0,0,0,0,0
testhost.net46.arm64.exe,C:\samples\benign\program_files\testhost.net46.arm64.exe,benign,Benign,48,0,23552,2560,0,0,8192,5368709120,8192,512,43620,523,2,0,2,5.207,0,25804,26112,0,0,0,0,0,0,0,0,0,0,0,0,0,0,0,0,0,0
testhost.net46.exe,C:\samples\benign\program_files\testhost.net46.exe,benign,Benign,48,0,23552,2560,0,0,8192,5368709120,8192,512,34404,523,2,0,2,5.185,0,25737,26112,0,0,0,0,0,0,0,0,0,0,0,0,0,0,0,0,0,0
testhost.net46.x86.exe,C:\samples\benign\program_files\testhost.net46.x86.exe,benign,Benign,48,0,23552,3072,0,31610,8192,4194304,8192,512,332,267,3,0,3,3.499,0,25888,26624,1,1,0,0,0,0,0,0,0,0,0,0,0,0,0,0,0,0
testhost.net461.arm64.exe,C:\samples\benign\program_files\testhost.net461.arm64.exe,benign,Benign,48,0,23552,2560,0,0,8192,5368709120,8192,512,43620,523,2,0,2,5.206,0,25810,26112,0,0,0,0,0,0,0,0,0,0,0,0,0,0,0,0,0,0
testhost.net461.exe,C:\samples\benign\program_files\testhost.net461.exe,benign,Benign,48,0,23552,2560,0,0,8192,5368709120,8192,512,34404,523,2,0,2,5.189,0,25743,26112,0,0,0,0,0,0,0,0,0,0,0,0,0,0,0,0,0,0
testhost.net461.x86.exe,C:\samples\benign\program_files\testhost.net461.x86.exe,benign,Benign,48,0,23552,3072,0,31614,8192,4194304,8192,512,332,267,3,0,3,3.5,0,25892,26624,1,1,0,0,0,0,0,0,0,0,0,0,0,0,0,0,0,0
testhost.net462.arm64.exe,C:\samples\benign\program_files\testhost.net462.arm64.exe,benign,Benign,48,0,23552,2560,0,0,8192,5368709120,8192,512,43620,523,2,0,2,5.208,0,25810,26112,0,0,0,0,0,0,0,0,0,0,0,0,0,0,0,0,0,0
testhost.net462.exe,C:\samples\benign\program_files\testhost.net462.exe,benign,Benign,48,0,23552,2560,0,0,8192,5368709120,8192,512,34404,523,2,0,2,5.191,0,25743,26112,0,0,0,0,0,0,0,0,0,0,0,0,0,0,0,0,0,0
testhost.net462.x86.exe,C:\samples\benign\program_files\testhost.net462.x86.exe,benign,Benign,48,0,23552,3072,0,31614,8192,4194304,8192,512,332,267,3,0,3,3.5,0,25892,26624,1,1,0,0,0,0,0,0,0,0,0,0,0,0,0,0,0,0
testhost.net47.arm64.exe,C:\samples\benign\program_files\testhost.net47.arm64.exe,benign,Benign,48,0,23552,2560,0,0,8192,5368709120,8192,512,43620,523,2,0,2,5.208,0,25804,26112,0,0,0,0,0,0,0,0,0,0,0,0,0,0,0,0,0,0
testhost.net47.exe,C:\samples\benign\program_files\testhost.net47.exe,benign,Benign,48,0,23552,2560,0,0,8192,5368709120,8192,512,34404,523,2,0,2,5.186,0,25737,26112,0,0,0,0,0,0,0,0,0,0,0,0,0,0,0,0,0,0
testhost.net47.x86.exe,C:\samples\benign\program_files\testhost.net47.x86.exe,benign,Benign,48,0,23552,3072,0,31610,8192,4194304,8192,512,332,267,3,0,3,3.5,0,25888,26624,1,1,0,0,0,0,0,0,0,0,0,0,0,0,0,0,0,0
testhost.net471.arm64.exe,C:\samples\benign\program_files\testhost.net471.arm64.exe,benign,Benign,48,0,23552,2560,0,0,8192,5368709120,8192,512,43620,523,2,0,2,5.208,0,25810,26112,0,0,0,0,0,0,0,0,0,0,0,0,0,0,0,0,0,0
testhost.net471.exe,C:\samples\benign\program_files\testhost.net471.exe,benign,Benign,48,0,23552,2560,0,0,8192,5368709120,8192,512,34404,523,2,0,2,5.19,0,25743,26112,0,0,0,0,0,0,0,0,0,0,0,0,0,0,0,0,0,0
testhost.net471.x86.exe,C:\samples\benign\program_files\testhost.net471.x86.exe,benign,Benign,48,0,23552,3072,0,31614,8192,4194304,8192,512,332,267,3,0,3,3.502,0,25892,26624,1,1,0,0,0,0,0,0,0,0,0,0,0,0,0,0,0,0
testhost.net472.arm64.exe,C:\samples\benign\program_files\testhost.net472.arm64.exe,benign,Benign,48,0,23552,2560,0,0,8192,5368709120,8192,512,43620,523,2,0,2,5.209,0,25810,26112,0,0,0,0,0,0,0,0,0,0,0,0,0,0,0,0,0,0
testhost.net472.exe,C:\samples\benign\program_files\testhost.net472.exe,benign,Benign,48,0,23552,2560,0,0,8192,5368709120,8192,512,34404,523,2,0,2,5.191,0,25743,26112,0,0,0,0,0,0,0,0,0,0,0,0,0,0,0,0,0,0
testhost.net472.x86.exe,C:\samples\benign\program_files\testhost.net472.x86.exe,benign,Benign,48,0,23552,3072,0,31614,8192,4194304,8192,512,332,267,3,0,3,3.501,0,25892,26624,1,1,0,0,0,0,0,0,0,0,0,0,0,0,0,0,0,0
testhost.net48.arm64.exe,C:\samples\benign\program_files\testhost.net48.arm64.exe,benign,Benign,48,0,23552,2560,0,0,8192,5368709120,8192,512,43620,523,2,0,2,5.208,0,25804,26112,0,0,0,0,0,0,0,0,0,0,0,0,0,0,0,0,0,0
testhost.net48.exe,C:\samples\benign\program_files\testhost.net48.exe,benign,Benign,48,0,23552,2560,0,0,8192,5368709120,8192,512,34404,523,2,0,2,5.186,0,25737,26112,0,0,0,0,0,0,0,0,0,0,0,0,0,0,0,0,0,0
testhost.net48.x86.exe,C:\samples\benign\program_files\testhost.net48.x86.exe,benign,Benign,48,0,23552,3072,0,31610,8192,4194304,8192,512,332,267,3,0,3,3.499,0,25888,26624,1,1,0,0,0,0,0,0,0,0,0,0,0,0,0,0,0,0
testhost.x86.exe,C:\samples\benign\program_files\testhost.x86.exe,benign,Benign,48,0,17408,3072,0,25498,8192,4194304,8192,512,332,267,3,0,3,3.469,0,19712,20480,1,1,0,0,0,0,0,0,0,0,0,0,0,0,0,0,0,0
testOpenGL.exe,C:\samples\benign\program_files\testOpenGL.exe,benign,Benign,14,29,6144,380928,0,6624,4096,4194304,4096,1024,332,267,5,0,5,4.803,0,385643,386048,10,86,0,0,1,0,0,0,0,0,0,0,0,0,0,0,0,0
tic.exe,C:\samples\benign\program_files\tic.exe,benign,Benign,2,43,46592,81408,512,4096,4096,4194304,4096,1024,332,267,9,3,9,3.574,0,79209,81408,4,122,0,0,0,0,0,0,0,0,0,0,0,1,0,0,1,1
tig.exe,C:\samples\benign\program_files\tig.exe,benign,Benign,2,36,189952,645120,24576,4096,4096,4194304,4096,1024,332,267,9,3,9,3.216,0,667121,645120,8,204,0,0,0,0,0,0,0,0,0,0,0,1,0,0,1,1
timeout.exe,C:\samples\benign\program_files\timeout.exe,benign,Benign,2,39,19968,37376,5632,4096,4096,4194304,4096,1024,332,267,9,3,8,3.542,0,41017,37376,3,85,0,0,0,0,0,0,0,0,0,0,0,1,0,0,1,1
tnameserv.exe,C:\samples\benign\program_files\tnameserv.exe,benign,Benign,10,0,2560,6656,0,4986,4096,4194304,4096,1024,332,267,5,0,5,4.323,0,8474,9216,3,49,0,0,0,0,0,0,0,0,0,0,0,0,0,0,0,0
toe.exe,C:\samples\benign\program_files\toe.exe,benign,Benign,2,43,6144,14336,512,4096,4096,4194304,4096,1024,332,267,9,3,9,3.022,0,11709,14336,4,58,0,0,0,0,0,0,0,0,0,0,0,1,0,0,1,1
topoedit.exe,C:\samples\benign\program_files\topoedit.exe,benign,Benign,14,13,81408,66560,0,82400,4096,4194304,4096,1024,332,267,6,1,6,4.295,0,146344,146432,22,195,0,1,0,0,0,0,0,0,0,0,0,1,0,0,0,0
touch.exe,C:\samples\benign\program_files\touch.exe,benign,Benign,2,39,84992,117760,5632,4096,4096,4194304,4096,1024,332,267,9,3,9,3.69,0,120885,117760,4,99,0,0,0,0,0,0,0,0,0,0,0,1,0,0,1,1
tput.exe,C:\samples\benign\program_files\tput.exe,benign,Benign,2,43,11264,21504,512,4096,4096,4194304,4096,1024,332,267,9,3,9,3.34,0,19597,21504,3,71,0,0,0,0,0,0,0,0,0,0,0,1,0,0,1,1
tr.exe,C:\samples\benign\program_files\tr.exe,benign,Benign,2,39,27648,49152,7680,4096,4096,4194304,4096,1024,332,267,9,3,9,3.572,0,54121,49152,3,71,0,0,0,0,0,0,0,0,0,0,0,1,0,0,1,1
tracefmt.exe,C:\samples\benign\program_files\tracefmt.exe,benign,Benign,14,13,509440,190464,0,504576,4096,4194304,4096,1024,332,267,6,1,5,4.505,0,698316,655872,6,176,0,0,0,0,0,0,0,0,0,0,0,1,0,0,0,0
tracelog.exe,C:\samples\benign\program_files\tracelog.exe,benign,Benign,14,13,76288,15360,0,78160,4096,4194304,4096,1024,332,267,5,0,5,4.887,0,89748,88064,5,98,0,0,0,0,0,0,0,0,0,0,0,1,0,0,0,0
tracepdb.exe,C:\samples\benign\program_files\tracepdb.exe,benign,Benign,14,13,25088,14336,0,26912,4096,4194304,4096,1024,332,267,5,0,5,4.479,0,38440,32768,4,96,0,0,0,0,0,0,0,0,0,0,0,1,0,0,0,1
traceview.exe,C:\samples\benign\program_files\traceview.exe,benign,Benign,14,13,921088,422400,0,867280,4096,4194304,4096,1024,332,267,6,1,6,4.8,0,1342158,1298944,15,380,0,1,0,1,0,0,0,1,0,0,0,1,0,1,0,0
tracewpp.exe,C:\samples\benign\program_files\tracewpp.exe,benign,Benign,14,13,183296,83456,0,167040,4096,4194304,4096,1024,332,267,5,0,5,5.104,0,265480,199168,7,114,0,0,0,0,0,0,0,0,0,0,0,1,0,0,0,0
Tracker.exe,C:\samples\benign\program_files\Tracker.exe,benign,Benign,14,10,118784,70656,0,20516,4096,5368709120,4096,1024,34404,523,8,2,8,4.015,0,192314,189440,1,104,0,0,0,0,0,0,0,1,1,0,0,1,0,0,0,0
true.exe,C:\samples\benign\program_files\true.exe,benign,Benign,2,39,15872,30208,5632,4096,4096,4194304,4096,1024,332,267,9,3,9,3.375,0,33129,30208,3,58,0,0,0,0,0,0,0,0,0,0,0,1,0,0,1,1
truncate.exe,C:\samples\benign\program_files\truncate.exe,benign,Benign,2,39,22016,39424,5632,4096,4096,4194304,4096,1024,332,267,9,3,9,3.511,0,42673,39424,4,77,0,0,0,0,0,0,0,0,0,0,0,1,0,0,1,1
trust.exe,C:\samples\benign\program_files\trust.exe,benign,Benign,2,42,87552,177664,1024,4096,4096,4194304,4096,1024,332,267,9,3,9,3.823,0,176293,177664,5,147,0,0,0,0,0,0,0,0,0,0,0,1,0,0,1,1
tset.exe,C:\samples\benign\program_files\tset.exe,benign,Benign,2,43,10240,20992,1024,4096,4096,4194304,4096,1024,332,267,9,3,9,3.326,0,19269,20992,3,67,0,0,0,0,0,0,0,0,0,0,0,1,0,0,1,1
tsort.exe,C:\samples\benign\program_files\tsort.exe,benign,Benign,2,39,29696,46592,5632,4096,4096,4194304,4096,1024,332,267,9,3,9,3.569,0,49425,46592,3,72,0,0,0,0,0,0,0,0,0,0,0,1,0,0,1,1
tty.exe,C:\samples\benign\program_files\tty.exe,benign,Benign,2,39,15872,30208,5632,4096,4096,4194304,4096,1024,332,267,9,3,9,3.415,0,33569,30208,3,63,0,0,0,0,0,0,0,0,0,0,0,1,0,0,1,1
tzset.exe,C:\samples\benign\program_files\tzset.exe,benign,Benign,2,36,3584,44032,512,4096,4096,4194304,4096,1536,332,267,17,11,17,3.098,0,84968,89600,3,34,0,0,0,0,0,0,0,0,0,0,0,1,0,0,1,1
u2d.exe,C:\samples\benign\program_files\u2d.exe,benign,Benign,2,41,29184,55808,512,4096,4096,4194304,4096,1024,332,267,9,3,9,3.816,0,53665,55808,3,62,0,0,0,0,0,0,0,0,0,0,0,1,0,0,1,1
uhssvc.exe,C:\samples\benign\program_files\uhssvc.exe,benign,Benign,14,20,262144,29696,0,231648,4096,4194304,4096,1024,332,267,5,0,5,5.275,0,290714,289792,56,258,0,0,0,1,0,0,0,0,1,0,0,1,0,0,0,0
uicc.exe,C:\samples\benign\program_files\uicc.exe,benign,Benign,14,13,142336,23552,0,23664,4096,4194304,4096,1024,332,267,5,0,5,5.099,0,164872,158208,5,93,0,0,0,1,0,0,0,1,0,0,0,1,0,0,0,0
umount.exe,C:\samples\benign\program_files\umount.exe,benign,Benign,2,36,3072,8704,512,4096,4096,4194304,4096,1536,332,267,17,11,17,3.01,0,44878,49152,2,31,0,0,0,0,0,0,0,0,0,0,0,1,0,0,1,1
uname.exe,C:\samples\benign\program_files\uname.exe,benign,Benign,2,39,16896,32256,5632,4096,4096,4194304,4096,1024,332,267,9,3,9,3.476,0,35673,32256,3,63,0,0,0,0,0,0,0,0,0,0,0,1,0,0,1,1
undname.exe,C:\samples\benign\program_files\undname.exe,benign,Benign,14,15,6656,5632,0,8012,4096,4194304,4096,1024,332,267,5,0,5,4.261,0,11800,12288,10,55,0,0,1,0,0,0,0,0,0,0,0,0,0,0,0,0
unexpand.exe,C:\samples\benign\program_files\unexpand.exe,benign,Benign,2,39,20480,37376,5632,4096,4096,4194304,4096,1024,332,267,9,3,9,3.499,0,40553,37376,4,72,0,0,0,0,0,0,0,0,0,0,0,1,0,0,1,1
unins000.exe,C:\samples\benign\program_files\unins000.exe,benign,Benign,2,25,1054208,279040,0,1058264,4096,4194304,4096,1024,332,267,8,3,8,3.568,0,1356696,1333248,12,486,0,1,0,1,0,0,0,1,1,0,0,1,1,0,0,0
unins00a.exe,C:\samples\benign\program_files\unins00a.exe,benign,Benign,6,0,20480,20480,0,7992,4096,4194304,4096,4096,332,267,3,0,3,3.681,0,38969,36864,2,49,0,0,0,0,0,0,0,1,0,0,0,1,0,0,1,1
Uninstall.exe,C:\samples\benign\program_files\Uninstall.exe,benign,Benign,6,0,26112,162816,1024,13128,4096,4194304,4096,1024,332,267,5,1,5,4.318,0,244823,53248,7,159,0,1,0,0,0,0,0,1,0,0,0,1,1,1,0,1
uniq.exe,C:\samples\benign\program_files\uniq.exe,benign,Benign,2,39,24064,44032,5632,4096,4096,4194304,4096,1024,332,267,9,3,9,3.519,0,47089,44032,3,77,0,0,0,0,0,0,0,0,0,0,0,1,0,0,1,1
unix2dos.exe,C:\samples\benign\program_files\unix2dos.exe,benign,Benign,2,41,29184,55808,512,4096,4096,4194304,4096,1024,332,267,9,3,9,3.816,0,53665,55808,3,62,0,0,0,0,0,0,0,0,0,0,0,1,0,0,1,1
unix2mac.exe,C:\samples\benign\program_files\unix2mac.exe,benign,Benign,2,41,29184,55808,512,4096,4096,4194304,4096,1024,332,267,9,3,9,3.816,0,53665,55808,3,62,0,0,0,0,0,0,0,0,0,0,0,1,0,0,1,1
unlink.exe,C:\samples\benign\program_files\unlink.exe,benign,Benign,2,39,16384,30720,5632,4096,4096,4194304,4096,1024,332,267,9,3,9,3.422,0,33993,30720,3,62,0,0,0,0,0,0,0,0,0,0,0,1,0,0,1,1
unpack200.exe,C:\samples\benign\program_files\unpack200.exe,benign,Benign,10,0,103936,49152,0,102698,4096,4194304,4096,1024,332,267,6,0,6,4.385,0,153690,153088,2,75,0,0,0,0,0,0,0,0,0,0,0,0,0,0,0,0
unxz.exe,C:\samples\benign\program_files\unxz.exe,benign,Benign,2,43,79360,128512,22016,5152,4096,4194304,4096,1024,332,267,10,4,10,3.289,0,147748,128512,3,128,0,0,0,0,0,0,0,0,0,0,0,1,0,0,1,1
unzip.exe,C:\samples\benign\program_files\unzip.exe,benign,Benign,2,41,114688,179200,861696,4096,4096,4194304,4096,1024,332,267,9,3,9,3.738,0,1038505,179200,4,96,0,0,0,0,0,0,0,0,0,0,0,1,0,0,1,1
unzipsfx.exe,C:\samples\benign\program_files\unzipsfx.exe,benign,Benign,2,41,56832,81920,845312,4096,4096,4194304,4096,1024,332,267,9,3,8,3.614,0,924717,81920,2,85,0,0,0,0,0,0,0,0,0,0,0,1,0,0,1,1
updatechecker.exe,C:\samples\benign\program_files\updatechecker.exe,benign,Benign,12,0,111104,55808,0,109743,4096,4194304,4096,1024,332,267,5,0,5,5.432,0,165684,165888,13,641,0,1,0,1,0,0,0,0,0,0,0,1,0,0,0,0
updater.exe,C:\samples\benign\program_files\updater.exe,benign,Benign,14,0,4403712,1737216,0,2369936,4096,4194304,4096,1024,332,267,9,4,9,3.509,0,6264331,6141440,20,540,0,1,0,1,0,0,0,1,1,0,0,1,0,0,0,1
ur.exe,C:\samples\benign\program_files\ur.exe,benign,Benign,12,0,233472,359424,0,213249,4096,4194304,4096,1024,332,267,5,0,5,5.918,1,591420,589312,10,707,0,0,0,0,0,0,0,0,0,0,0,0,0,0,0,0
users.exe,C:\samples\benign\program_files\users.exe,benign,Benign,2,39,17408,32256,5632,4096,4096,4194304,4096,1024,332,267,9,3,9,3.451,0,35513,32256,3,69,0,0,0,0,0,0,0,0,0,0,0,1,0,0,1,1
uuidgen.exe,C:\samples\benign\program_files\uuidgen.exe,benign,Benign,14,13,6144,4608,0,8656,4096,4194304,4096,1024,332,267,5,0,5,4.014,0,9902,10240,3,38,0,0,0,0,0,0,0,0,0,0,0,1,0,0,0,1
vbc.exe,C:\samples\benign\program_files\vbc.exe,benign,Benign,48,0,38400,2560,0,46502,8192,4194304,8192,512,332,267,3,0,3,3.151,0,39876,40960,1,1,0,0,0,0,0,0,0,0,0,0,0,0,0,0,0,0
VBCSCompiler.exe,C:\samples\benign\program_files\VBCSCompiler.exe,benign,Benign,48,0,70656,8192,0,78750,8192,4194304,8192,512,332,267,3,0,3,4.082,0,77788,78848,1,1,0,0,0,0,0,0,0,0,0,0,0,0,0,0,0,0
vcredist_x64.exe,C:\samples\benign\program_files\vcredist_x64.exe,benign,Benign,14,16,314368,164352,0,197349,4096,4194304,4096,1024,332,267,6,1,6,4.586,0,479952,478720,8,237,0,1,0,1,0,0,0,1,1,0,0,1,0,0,0,1
vcredist_x86.exe,C:\samples\benign\program_files\vcredist_x86.exe,benign,Benign,14,16,314368,164352,0,197349,4096,4194304,4096,1024,332,267,6,1,6,4.584,0,479952,478720,8,237,0,1,0,1,0,0,0,1,1,0,0,1,0,0,0,1
vctip.exe,C:\samples\benign\program_files\vctip.exe,benign,Benign,14,15,135168,139264,0,112974,4096,4194304,4096,1024,332,267,5,0,5,4.982,0,274074,274432,14,103,0,0,1,1,0,0,0,0,0,0,0,0,0,0,0,0
vc_redist.x64.exe,C:\samples\benign\program_files\vc_redist.x64.exe,benign,Benign,14,16,314368,164352,0,197349,4096,4194304,4096,1024,332,267,6,1,6,4.586,0,479952,478720,8,237,0,1,0,1,0,0,0,1,1,0,0,1,0,0,0,1
vc_redist.x86.exe,C:\samples\benign\program_files\vc_redist.x86.exe,benign,Benign,14,16,314368,164352,0,197349,4096,4194304,4096,1024,332,267,6,1,6,4.584,0,479952,478720,8,237,0,1,0,1,0,0,0,1,1,0,0,1,0,0,0,1
vdir.exe,C:\samples\benign\program_files\vdir.exe,benign,Benign,2,39,99328,155136,9728,4096,4096,4194304,4096,1024,332,267,9,3,9,3.883,0,162865,155136,4,146,0,0,0,0,0,0,0,0,0,0,0,1,0,0,1,1
view.exe,C:\samples\benign\program_files\view.exe,benign,Benign,2,36,2705920,3259904,46592,4096,4096,4194304,4096,1024,332,267,10,4,9,3.49,0,3304100,3259904,7,278,0,1,0,0,0,0,0,0,0,0,1,1,0,1,1,1
vim.exe,C:\samples\benign\program_files\vim.exe,benign,Benign,2,36,2705920,3259904,46592,4096,4096,4194304,4096,1024,332,267,10,4,9,3.49,0,3304100,3259904,7,278,0,1,0,0,0,0,0,0,0,0,1,1,0,1,1,1
vimdiff.exe,C:\samples\benign\program_files\vimdiff.exe,benign,Benign,2,36,2705920,3259904,46592,4096,4096,4194304,4096,1024,332,267,10,4,9,3.49,0,3304100,3259904,7,278,0,1,0,0,0,0,0,0,0,0,1,1,0,1,1,1
VisualUIAVerifyNative.exe,C:\samples\benign\program_files\VisualUIAVerifyNative.exe,benign,Benign,48,0,318464,2560,0,326458,8192,4194304,8192,512,332,267,3,0,3,3.231,0,319920,321024,1,1,0,0,0,0,0,0,0,0,0,0,0,0,0,0,0,0
vsdiagview.exe,C:\samples\benign\program_files\vsdiagview.exe,benign,Benign,48,0,50176,2560,0,58326,8192,4194304,8192,512,332,267,3,0,3,3.049,0,51828,52736,1,1,0,0,0,0,0,0,0,0,0,0,0,0,0,0,0,0
vshadow.exe,C:\samples\benign\program_files\vshadow.exe,benign,Benign,14,13,231936,18944,0,203168,4096,4194304,4096,1024,332,267,5,0,5,4.72,0,248866,248832,8,147,0,0,0,1,0,0,0,1,1,0,0,0,0,0,0,0
VSHiveStub.exe,C:\samples\benign\program_files\VSHiveStub.exe,benign,Benign,48,0,14336,2048,0,22062,8192,4194304,8192,512,332,267,3,0,3,3.334,0,15408,16384,1,1,0,0,0,0,0,0,0,0,0,0,0,0,0,0,0,0
VSInstallerElevationService.exe,C:\samples\benign\program_files\VSInstallerElevationService.exe,benign,Benign,48,0,29696,2560,0,37518,8192,4194304,8192,512,332,267,3,0,3,3.126,0,30932,32256,1,1,0,0,0,0,0,0,0,0,0,0,0,0,0,0,0,0
VSIXAutoUpdate.exe,C:\samples\benign\program_files\VSIXAutoUpdate.exe,benign,Benign,48,0,45568,3584,0,53634,8192,4194304,8192,512,332,267,3,0,3,3.428,0,48076,49152,1,1,0,0,0,0,0,0,0,0,0,0,0,0,0,0,0,0
VSIXConfigurationUpdater.exe,C:\samples\benign\program_files\VSIXConfigurationUpdater.exe,benign,Benign,48,0,12800,2560,0,20682,8192,4194304,8192,512,332,267,3,0,3,3.164,0,14236,15360,1,1,0,0,0,0,0,0,0,0,0,0,0,0,0,0,0,0
VSIXInstaller.exe,C:\samples\benign\program_files\VSIXInstaller.exe,benign,Benign,48,0,392704,46592,0,400678,8192,4194304,8192,512,332,267,3,0,3,3.172,0,438256,439296,1,1,0,0,0,0,0,0,0,0,0,0,0,0,0,0,0,0
vsn.exe,C:\samples\benign\program_files\vsn.exe,benign,Benign,48,0,3584,3072,0,11610,8192,4194304,8192,512,332,267,3,0,3,3.425,0,5656,6656,1,1,0,0,0,0,0,0,0,0,0,0,0,0,0,0,0,0
vssagent.exe,C:\samples\benign\program_files\vssagent.exe,benign,Benign,14,13,312320,174080,0,277184,4096,4194304,4096,1024,332,267,5,0,5,5.442,0,485448,349184,13,230,0,1,0,1,0,0,0,1,0,0,0,1,0,0,0,0
vsstrace.exe,C:\samples\benign\program_files\vsstrace.exe,benign,Benign,14,13,33792,22016,0,33712,4096,4194304,4096,1024,332,267,5,0,5,4.458,0,54782,41984,6,92,0,0,0,1,0,0,0,0,0,0,0,0,0,0,0,0
vstest.console.exe,C:\samples\benign\program_files\vstest.console.exe,benign,Benign,48,0,164352,3072,0,172358,8192,4194304,8192,512,332,267,3,0,3,3.512,0,166568,167424,1,1,0,0,0,0,0,0,0,0,0,0,0,0,0,0,0,0
vstest.discoveryengine.exe,C:\samples\benign\program_files\vstest.discoveryengine.exe,benign,Benign,48,0,62976,3072,0,71070,8192,4194304,8192,512,332,267,3,0,3,3.39,0,65276,66048,1,1,0,0,0,0,0,0,0,0,0,0,0,0,0,0,0,0
vstest.discoveryengine.x86.exe,C:\samples\benign\program_files\vstest.discoveryengine.x86.exe,benign,Benign,48,0,62976,3072,0,71090,8192,4194304,8192,512,332,267,3,0,3,3.405,0,65328,66048,1,1,0,0,0,0,0,0,0,0,0,0,0,0,0,0,0,0
vstest.executionengine.clr20.exe,C:\samples\benign\program_files\vstest.executionengine.clr20.exe,benign,Benign,48,0,3584,3072,0,11538,8192,4194304,8192,512,332,267,3,0,3,3.367,0,5760,6656,1,1,0,0,0,0,0,0,0,0,0,0,0,0,0,0,0,0
vstest.executionengine.exe,C:\samples\benign\program_files\vstest.executionengine.exe,benign,Benign,48,0,4608,3072,0,12654,8192,4194304,8192,512,332,267,3,0,3,3.481,0,6828,7680,1,1,0,0,0,0,0,0,0,0,0,0,0,0,0,0,0,0
vstest.executionengine.x86.clr20.exe,C:\samples\benign\program_files\vstest.executionengine.x86.clr20.exe,benign,Benign,48,0,3584,3072,0,11558,8192,4194304,8192,512,332,267,3,0,3,3.386,0,5812,6656,1,1,0,0,0,0,0,0,0,0,0,0,0,0,0,0,0,0
vstest.executionengine.x86.exe,C:\samples\benign\program_files\vstest.executionengine.x86.exe,benign,Benign,48,0,4608,3072,0,12674,8192,4194304,8192,512,332,267,3,0,3,3.5,0,6880,7680,1,1,0,0,0,0,0,0,0,0,0,0,0,0,0,0,0,0
VSTestVideoRecorder.exe,C:\samples\benign\program_files\VSTestVideoRecorder.exe,benign,Benign,48,0,22528,3072,0,30550,8192,4194304,8192,512,332,267,3,0,3,3.377,0,24796,25600,1,1,0,0,0,0,0,0,0,0,0,0,0,0,0,0,0,0
vstorcontrol.exe,C:\samples\benign\program_files\vstorcontrol.exe,benign,Benign,14,13,82432,13312,0,67120,4096,4194304,4096,1024,332,267,5,0,5,4.978,0,94672,94208,8,140,0,1,0,0,0,0,0,0,0,0,0,0,0,0,0,0
vswhere.exe,C:\samples\benign\program_files\vswhere.exe,benign,Benign,14,16,328704,133632,0,175632,4096,4194304,4096,1024,332,267,5,0,5,5.21,0,461444,458240,6,108,0,1,0,1,0,0,0,1,0,0,0,1,0,0,0,0
vswriter.exe,C:\samples\benign\program_files\vswriter.exe,benign,Benign,14,13,229376,86016,0,83888,4096,4194304,4096,1024,332,267,5,0,5,5.04,0,315156,312320,10,180,0,1,0,1,0,0,0,1,0,0,0,1,0,0,0,0
vs_installer.exe,C:\samples\benign\program_files\vs_installer.exe,benign,Benign,48,0,19456,177152,0,27534,8192,4194304,8192,512,332,267,3,0,3,3.91,0,195736,196608,1,1,0,0,0,0,0,0,0,0,0,0,0,0,0,0,0,0
vs_installer.windows.exe,C:\samples\benign\program_files\vs_installer.windows.exe,benign,Benign,48,0,18432,3072,0,26310,8192,4194304,8192,512,332,267,3,0,3,3.157,0,20216,21504,1,1,0,0,0,0,0,0,0,0,0,0,0,0,0,0,0,0
vs_installershell.exe,C:\samples\benign\program_files\vs_installershell.exe,benign,Benign,48,0,19456,177152,0,27534,8192,4194304,8192,512,332,267,3,0,3,3.91,0,195736,196608,1,1,0,0,0,0,0,0,0,0,0,0,0,0,0,0,0,0
vs_layout.exe,C:\samples\benign\program_files\vs_layout.exe,benign,Benign,48,0,76288,177664,0,84322,8192,4194304,8192,512,332,267,3,0,3,3.867,0,253108,253952,1,1,0,0,0,0,0,0,0,0,0,0,0,0,0,0,0,0
wab.exe,C:\samples\benign\program_files\wab.exe,benign,Benign,14,20,10752,505344,0,12336,4096,4194304,4096,1024,332,267,6,1,6,3.628,0,514098,515584,7,69,0,1,0,0,0,0,0,0,0,0,0,1,0,0,0,0
wabmig.exe,C:\samples\benign\program_files\wabmig.exe,benign,Benign,14,20,14336,51712,0,16192,4096,4194304,4096,1024,332,267,5,0,5,4.707,0,65528,65536,10,97,0,1,0,1,0,0,0,0,0,0,0,1,0,0,1,0
watchgnupg.exe,C:\samples\benign\program_files\watchgnupg.exe,benign,Benign,2,36,7680,15360,512,4096,4096,4194304,4096,1024,332,267,9,3,9,2.916,0,13353,15360,2,58,0,0,0,0,0,0,0,0,0,0,0,1,0,0,1,1
wc.exe,C:\samples\benign\program_files\wc.exe,benign,Benign,2,39,26112,45568,5632,4096,4096,4194304,4096,1024,332,267,9,3,9,3.501,0,48749,45568,4,91,0,0,0,0,0,0,0,0,0,0,0,1,0,0,1,1
Wex.Services.exe,C:\samples\benign\program_files\Wex.Services.exe,benign,Benign,14,14,90624,61440,0,74225,4096,4194304,4096,1024,332,267,5,0,5,5.379,0,150595,151040,40,207,0,0,0,0,0,0,0,1,1,0,0,1,0,0,0,0
which.exe,C:\samples\benign\program_files\which.exe,benign,Benign,2,37,16384,27648,1536,4096,4096,4194304,4096,1024,332,267,9,3,8,3.624,0,27309,27648,2,56,0,0,0,0,0,0,0,0,0,0,0,1,0,0,1,1
who.exe,C:\samples\benign\program_files\who.exe,benign,Benign,2,39,48640,70144,6144,4096,4096,4194304,4096,1024,332,267,9,3,9,3.633,0,73377,70144,4,85,0,0,0,0,0,0,0,0,0,0,0,1,0,0,1,1
whoami.exe,C:\samples\benign\program_files\whoami.exe,benign,Benign,2,39,16384,30720,5632,4096,4096,4194304,4096,1024,332,267,9,3,9,3.442,0,34045,30720,3,66,0,0,0,0,0,0,0,0,0,0,0,1,0,0,1,1
WhoIs.exe,C:\samples\benign\program_files\WhoIs.exe,benign,Benign,6,0,159744,159744,0,48867,4096,4194304,4096,4096,332,267,4,0,4,5.088,0,314569,233472,13,334,0,1,0,1,0,0,0,1,0,0,0,1,0,0,1,1
WhoUses.exe,C:\samples\benign\program_files\WhoUses.exe,benign,Benign,2,44,51712,77824,3072,5152,4096,4194304,4096,1024,332,267,9,3,9,3.786,0,78276,77824,6,118,0,1,0,0,0,0,0,0,0,0,0,1,0,0,1,1
WiLogUtl.exe,C:\samples\benign\program_files\WiLogUtl.exe,benign,Benign,14,13,65536,261632,0,58304,4096,4194304,4096,1024,332,267,5,0,5,5.045,0,326244,325120,6,91,0,1,0,0,0,0,0,0,0,0,0,1,0,0,0,1
wimlib-imagex.exe,C:\samples\benign\program_files\wimlib-imagex.exe,benign,Benign,2,23,76288,116224,4096,5360,4096,4194304,4096,1024,332,267,7,3,7,2.433,0,118252,116224,4,135,0,0,0,0,0,0,0,0,0,0,0,1,0,0,0,1
wimserv.exe,C:\samples\benign\program_files\wimserv.exe,benign,Benign,9,0,293888,35328,0,67239,4096,16777216,4096,1024,332,267,4,0,4,5.055,0,328300,326656,6,159,0,1,0,0,0,0,0,1,0,0,0,1,0,0,0,1
WinAppDeployCmd.exe,C:\samples\benign\program_files\WinAppDeployCmd.exe,benign,Benign,48,0,32256,2560,0,40330,8192,4194304,8192,512,332,267,3,0,3,3.114,0,33776,34816,1,1,0,0,0,0,0,0,0,0,0,0,0,0,0,0,0,0
WindowsPartitionManager.exe,C:\samples\benign\program_files\WindowsPartitionManager.exe,benign,Benign,48,0,10374656,157696,0,10382314,8192,4194304,8192,512,332,267,3,0,3,4.43,1,10531128,10532352,1,1,0,0,0,0,0,0,0,0,0,0,0,0,0,0,0,0
winmdidl.exe,C:\samples\benign\program_files\winmdidl.exe,benign,Benign,14,13,161792,18432,0,138640,4096,4194304,4096,1024,332,267,5,0,5,5.137,0,179536,178688,7,124,0,1,0,0,0,0,0,0,0,0,0,1,0,0,0,0
winpty-agent.exe,C:\samples\benign\program_files\winpty-agent.exe,benign,Benign,2,43,299520,452096,3072,5104,4096,4194304,4096,1024,332,267,10,4,10,3.609,0,452400,452096,5,161,0,1,0,0,0,0,0,1,1,0,0,1,0,0,1,1
winpty-debugserver.exe,C:\samples\benign\program_files\winpty-debugserver.exe,benign,Benign,2,43,205312,317440,3072,5104,4096,4194304,4096,1024,332,267,10,4,10,3.497,0,318196,317440,3,104,0,0,0,0,0,0,0,1,0,0,0,1,0,0,1,1
winpty.exe,C:\samples\benign\program_files\winpty.exe,benign,Benign,2,43,148992,235520,512,4096,4096,4194304,4096,1024,332,267,9,3,9,3.798,0,233793,235520,3,121,0,0,0,0,0,0,0,1,0,0,0,1,0,0,1,1
wintoast.exe,C:\samples\benign\program_files\wintoast.exe,benign,Benign,14,33,177152,100352,0,54746,4096,4194304,4096,1024,332,267,6,1,6,4.832,0,276886,273408,2,90,0,0,0,0,0,0,0,1,0,0,0,1,0,0,0,0
winuser.exe,C:\samples\benign\program_files\winuser.exe,benign,Benign,12,0,8192,8704,0,10067,4096,4194304,4096,1024,332,267,5,0,5,4.909,0,15533,15872,7,87,0,1,0,0,0,0,0,1,0,0,0,0,0,0,0,0
wish.exe,C:\samples\benign\program_files\wish.exe,benign,Benign,2,42,6656,64000,512,5072,4096,4194304,4096,1024,332,267,10,4,10,2.785,0,60784,64000,4,53,0,0,0,0,0,0,0,0,0,0,0,1,0,0,1,1
wish86.exe,C:\samples\benign\program_files\wish86.exe,benign,Benign,2,42,6656,64000,512,5072,4096,4194304,4096,1024,332,267,10,4,10,2.785,0,60784,64000,4,53,0,0,0,0,0,0,0,0,0,0,0,1,0,0,1,1
wmlaunch.exe,C:\samples\benign\program_files\wmlaunch.exe,benign,Benign,14,20,59904,14336,0,61072,4096,4194304,4096,1024,332,267,5,0,5,4.517,0,72122,71168,10,135,0,1,0,1,0,0,0,0,0,0,0,1,0,0,0,0
wmpconfig.exe,C:\samples\benign\program_files\wmpconfig.exe,benign,Benign,14,20,3584,98304,0,5936,4096,4194304,4096,1024,332,267,5,0,5,4.234,0,100986,101376,3,32,0,0,0,0,0,0,0,0,0,0,0,1,0,0,0,0
wmplayer.exe,C:\samples\benign\program_files\wmplayer.exe,benign,Benign,14,20,7680,158720,0,8112,4096,4194304,4096,1024,332,267,6,1,6,3.683,0,164894,165888,5,62,0,1,0,0,0,0,0,0,0,0,0,1,0,0,0,0
wmpnetwk.exe,C:\samples\benign\program_files\wmpnetwk.exe,benign,Benign,14,20,595968,136704,0,549536,4096,4194304,4096,1024,332,267,6,1,6,4.484,0,730714,726528,14,281,0,1,0,1,0,0,0,0,0,0,0,0,0,0,0,0
wmpnscfg.exe,C:\samples\benign\program_files\wmpnscfg.exe,benign,Benign,14,20,25600,34816,0,25120,4096,4194304,4096,1024,332,267,6,1,6,4.02,0,59228,59392,3,95,0,0,0,0,0,0,0,0,0,0,0,1,0,0,0,0
wmprph.exe,C:\samples\benign\program_files\wmprph.exe,benign,Benign,14,20,51200,15872,0,53248,4096,4194304,4096,1024,332,267,5,0,5,4.796,0,66062,66048,8,196,0,1,0,1,0,0,0,0,0,0,0,1,0,0,0,0
wmpshare.exe,C:\samples\benign\program_files\wmpshare.exe,benign,Benign,14,20,5120,98816,0,6592,4096,4194304,4096,1024,332,267,6,1,6,3.725,0,101982,103424,2,42,0,0,0,0,0,0,0,0,0,0,0,1,0,0,0,0
wordpad.exe,C:\samples\benign\program_files\wordpad.exe,benign,Benign,14,20,670208,2063872,0,619936,4096,4194304,4096,1024,332,267,6,1,6,4.791,0,2732364,2730496,18,416,0,1,0,1,0,0,0,1,0,0,0,1,1,0,0,1
wsdcodegen.exe,C:\samples\benign\program_files\wsdcodegen.exe,benign,Benign,8,0,229376,8192,0,234606,8192,4194304,8192,4096,332,267,3,0,3,2.506,0,228040,237568,1,1,0,0,0,0,0,0,0,0,0,0,0,0,0,0,0,0
wsddebug_client.exe,C:\samples\benign\program_files\wsddebug_client.exe,benign,Benign,14,13,58880,10752,0,61056,4096,4194304,4096,1024,332,267,5,0,5,4.409,0,68374,66560,6,85,0,0,0,0,0,0,0,0,0,0,0,0,0,0,0,0
wsddebug_host.exe,C:\samples\benign\program_files\wsddebug_host.exe,benign,Benign,14,13,56832,10752,0,59040,4096,4194304,4096,1024,332,267,5,0,5,4.369,0,66032,64512,6,75,0,0,0,0,0,0,0,0,0,0,0,0,0,0,0,0
wsgen.exe,C:\samples\benign\program_files\wsgen.exe,benign,Benign,10,0,2560,6144,0,4988,4096,4194304,4096,1024,332,267,5,0,5,4.361,0,8272,8704,3,49,0,0,0,0,0,0,0,0,0,0,0,0,0,0,0,0
wsimport.exe,C:\samples\benign\program_files\wsimport.exe,benign,Benign,10,0,2560,6144,0,4988,4096,4194304,4096,1024,332,267,5,0,5,4.36,0,8308,8704,3,49,0,0,0,0,0,0,0,0,0,0,0,0,0,0,0,0
wstracedump.exe,C:\samples\benign\program_files\wstracedump.exe,benign,Benign,14,13,44544,16896,0,13040,4096,4194304,4096,1024,332,267,5,0,5,4.791,0,60684,54272,2,70,0,1,0,0,0,0,0,1,1,0,0,1,0,0,0,0
wstraceutil.exe,C:\samples\benign\program_files\wstraceutil.exe,benign,Benign,14,13,80896,19968,0,29504,4096,4194304,4096,1024,332,267,5,0,5,4.745,0,98998,93184,4,93,0,1,0,0,0,0,0,1,1,0,0,1,0,0,0,0
wsutil.exe,C:\samples\benign\program_files\wsutil.exe,benign,Benign,48,0,350208,2560,0,358366,8192,4194304,8192,512,332,267,3,0,3,3.299,0,351972,352768,1,1,0,0,0,0,0,0,0,0,0,0,0,0,0,0,0,0
xargs.exe,C:\samples\benign\program_files\xargs.exe,benign,Benign,2,42,43008,72704,4096,4096,4096,4194304,4096,1024,332,267,10,4,10,3.353,0,74612,72704,3,100,0,0,0,0,0,0,0,0,0,0,0,1,0,0,1,1
xdcmake.exe,C:\samples\benign\program_files\xdcmake.exe,benign,Benign,14,15,8704,22528,0,4096,4096,4194304,4096,1024,332,267,4,0,4,3.912,0,29950,31232,1,1,0,0,0,0,0,0,0,0,0,0,0,0,0,0,0,0
xjc.exe,C:\samples\benign\program_files\xjc.exe,benign,Benign,10,0,2560,6144,0,4988,4096,4194304,4096,1024,332,267,5,0,5,4.36,0,8264,8704,3,49,0,0,0,0,0,0,0,0,0,0,0,0,0,0,0,0
xmlwf.exe,C:\samples\benign\program_files\xmlwf.exe,benign,Benign,2,43,61440,90624,3072,5392,4096,4194304,4096,1024,332,267,10,4,10,3.432,0,91088,90624,3,120,0,0,0,0,0,0,0,0,0,0,0,1,0,0,1,1
xpsanalyzer.exe,C:\samples\benign\program_files\xpsanalyzer.exe,benign,Benign,14,13,216576,16896,0,181312,4096,4194304,4096,1024,332,267,5,0,5,5.007,0,232430,232448,6,130,0,0,0,1,0,0,0,0,0,0,0,1,0,0,0,0
xpsconverter.exe,C:\samples\benign\program_files\xpsconverter.exe,benign,Benign,48,0,40448,2560,0,48558,8192,4194304,8192,512,332,267,3,0,3,3.067,0,41996,43008,1,1,0,0,0,0,0,0,0,0,0,0,0,0,0,0,0,0
xxd.exe,C:\samples\benign\program_files\xxd.exe,benign,Benign,2,36,11776,19968,5632,4096,4096,4194304,4096,1024,332,267,9,3,9,2.965,0,23181,19968,2,48,0,0,0,0,0,0,0,0,0,0,0,1,0,0,1,1
xz.exe,C:\samples\benign\program_files\xz.exe,benign,Benign,2,43,79360,128512,22016,5152,4096,4194304,4096,1024,332,267,10,4,10,3.289,0,147748,128512,3,128,0,0,0,0,0,0,0,0,0,0,0,1,0,0,1,1
xzcat.exe,C:\samples\benign\program_files\xzcat.exe,benign,Benign,2,43,79360,128512,22016,5152,4096,4194304,4096,1024,332,267,10,4,10,3.289,0,147748,128512,3,128,0,0,0,0,0,0,0,0,0,0,0,1,0,0,1,1
xzdec.exe,C:\samples\benign\program_files\xzdec.exe,benign,Benign,2,43,36864,58368,3072,5152,4096,4194304,4096,1024,332,267,10,4,9,3.251,0,58812,58368,3,69,0,0,0,0,0,0,0,0,0,0,0,1,0,0,1,1
yat2m.exe,C:\samples\benign\program_files\yat2m.exe,benign,Benign,2,36,15360,27648,512,4096,4096,4194304,4096,1024,332,267,9,3,9,2.924,0,25509,27648,2,50,0,0,0,0,0,0,0,0,0,0,0,1,0,0,1,1
yes.exe,C:\samples\benign\program_files\yes.exe,benign,Benign,2,39,16896,31744,5632,4096,4096,4194304,4096,1024,332,267,9,3,9,3.399,0,34601,31744,3,62,0,0,0,0,0,0,0,0,0,0,0,1,0,0,1,1
zipinfo.exe,C:\samples\benign\program_files\zipinfo.exe,benign,Benign,2,41,114688,179200,861696,4096,4096,4194304,4096,1024,332,267,9,3,9,3.738,0,1038505,179200,4,96,0,0,0,0,0,0,0,0,0,0,0,1,0,0,1,1
[.exe,C:\samples\benign\program_files\[.exe,benign,Benign,2,39,50176,73216,5632,4096,4096,4194304,4096,1024,332,267,9,3,9,3.591,0,76261,73216,4,76,0,0,0,0,0,0,0,0,0,0,0,1,0,0,1,1
